k,target_new,target_unknown,old_acc,min_old,seen_new_acc,min_seen,known_vs_unknown_auroc,unknown_fpr95_known,known_avg,known_floor,joint_score
5,"10-10,11-10,18-5,19-3,2-13","2-5,3-8,4-10,8-18,8-3",0.8,0.35,0.35,0.15,0.6809545454545455,0.84,0.575,0.15,0.16000000000000003
5,"10-10,11-10,18-5,19-3,2-5","2-13,3-8,4-10,8-18,8-3",0.8,0.35,0.37,0.2,0.6377272727272727,0.91,0.585,0.2,0.08999999999999997
5,"10-10,11-10,18-5,19-3,3-8","2-13,2-5,4-10,8-18,8-3",0.8,0.35,0.34,0.15,0.7243636363636363,0.84,0.5700000000000001,0.15,0.16000000000000003
5,"10-10,11-10,18-5,19-3,4-10","2-13,2-5,3-8,8-18,8-3",0.7833333333333333,0.25,0.35,0.2,0.6897272727272727,0.81,0.5666666666666667,0.2,0.18999999999999995
5,"10-10,11-10,18-5,19-3,8-18","2-13,2-5,3-8,4-10,8-3",0.7916666666666666,0.35,0.38,0.2,0.6585454545454545,0.89,0.5858333333333333,0.2,0.10999999999999999
5,"10-10,11-10,18-5,19-3,8-3","2-13,2-5,3-8,4-10,8-18",0.7083333333333334,0.1,0.5,0.25,0.7277727272727272,0.83,0.6041666666666667,0.1,0.17000000000000004
5,"10-10,11-10,18-5,2-13,2-5","19-3,3-8,4-10,8-18,8-3",0.825,0.35,0.33,0.15,0.6658636363636363,0.88,0.5775,0.15,0.12
5,"10-10,11-10,18-5,2-13,3-8","19-3,2-5,4-10,8-18,8-3",0.825,0.35,0.29,0.1,0.7554545454545455,0.78,0.5575,0.1,0.21999999999999997
5,"10-10,11-10,18-5,2-13,4-10","19-3,2-5,3-8,8-18,8-3",0.8,0.25,0.32,0.15,0.7165909090909091,0.78,0.56,0.15,0.21999999999999997
5,"10-10,11-10,18-5,2-13,8-18","19-3,2-5,3-8,4-10,8-3",0.8166666666666667,0.35,0.34,0.15,0.6875909090909091,0.86,0.5783333333333334,0.15,0.14
5,"10-10,11-10,18-5,2-13,8-3","19-3,2-5,3-8,4-10,8-18",0.7333333333333333,0.25,0.45,0.15,0.7257727272727272,0.8,0.5916666666666667,0.15,0.19999999999999996
5,"10-10,11-10,18-5,2-5,3-8","19-3,2-13,4-10,8-18,8-3",0.825,0.35,0.32,0.15,0.7106818181818182,0.87,0.5725,0.15,0.13
5,"10-10,11-10,18-5,2-5,4-10","19-3,2-13,3-8,8-18,8-3",0.8,0.25,0.34,0.15,0.6729545454545455,0.9,0.5700000000000001,0.15,0.09999999999999998
5,"10-10,11-10,18-5,2-5,8-18","19-3,2-13,3-8,4-10,8-3",0.8166666666666667,0.35,0.36,0.2,0.6435909090909091,0.93,0.5883333333333334,0.2,0.06999999999999995
5,"10-10,11-10,18-5,2-5,8-3","19-3,2-13,3-8,4-10,8-18",0.7333333333333333,0.25,0.47,0.2,0.6915909090909091,0.87,0.6016666666666666,0.2,0.13
5,"10-10,11-10,18-5,3-8,4-10","19-3,2-13,2-5,8-18,8-3",0.8,0.25,0.32,0.15,0.7609545454545454,0.78,0.56,0.15,0.21999999999999997
5,"10-10,11-10,18-5,3-8,8-18","19-3,2-13,2-5,4-10,8-3",0.8166666666666667,0.35,0.33,0.15,0.7338181818181818,0.87,0.5733333333333334,0.15,0.13
5,"10-10,11-10,18-5,3-8,8-3","19-3,2-13,2-5,4-10,8-18",0.7333333333333333,0.25,0.44,0.15,0.7626818181818181,0.82,0.5866666666666667,0.15,0.18000000000000005
5,"10-10,11-10,18-5,4-10,8-18","19-3,2-13,2-5,3-8,8-3",0.7916666666666666,0.25,0.35,0.15,0.6936818181818182,0.86,0.5708333333333333,0.15,0.14
5,"10-10,11-10,18-5,4-10,8-3","19-3,2-13,2-5,3-8,8-18",0.7083333333333334,0.2,0.47,0.2,0.7291363636363636,0.76,0.5891666666666666,0.2,0.24
5,"10-10,11-10,18-5,8-18,8-3","19-3,2-13,2-5,3-8,4-10",0.725,0.25,0.48,0.2,0.704590909090909,0.86,0.6025,0.2,0.14
5,"10-10,11-10,19-3,2-13,2-5","18-5,3-8,4-10,8-18,8-3",0.8,0.35,0.36,0.15,0.5757727272727273,0.88,0.5800000000000001,0.15,0.12
5,"10-10,11-10,19-3,2-13,3-8","18-5,2-5,4-10,8-18,8-3",0.8,0.35,0.34,0.1,0.6642272727272728,0.82,0.5700000000000001,0.1,0.18000000000000005
5,"10-10,11-10,19-3,2-13,4-10","18-5,2-5,3-8,8-18,8-3",0.7833333333333333,0.25,0.34,0.15,0.6266818181818182,0.8,0.5616666666666666,0.15,0.19999999999999996
5,"10-10,11-10,19-3,2-13,8-18","18-5,2-5,3-8,4-10,8-3",0.7916666666666666,0.35,0.37,0.15,0.5953636363636363,0.88,0.5808333333333333,0.15,0.12
5,"10-10,11-10,19-3,2-13,8-3","18-5,2-5,3-8,4-10,8-18",0.7083333333333334,0.1,0.48,0.15,0.6739090909090909,0.81,0.5941666666666667,0.1,0.18999999999999995
5,"10-10,11-10,19-3,2-5,3-8","18-5,2-13,4-10,8-18,8-3",0.8,0.35,0.39,0.2,0.6191363636363636,0.87,0.595,0.2,0.13
5,"10-10,11-10,19-3,2-5,4-10","18-5,2-13,3-8,8-18,8-3",0.7833333333333333,0.25,0.38,0.25,0.5845,0.88,0.5816666666666667,0.25,0.12
5,"10-10,11-10,19-3,2-5,8-18","18-5,2-13,3-8,4-10,8-3",0.7916666666666666,0.35,0.43,0.25,0.5513181818181818,0.93,0.6108333333333333,0.25,0.06999999999999995
5,"10-10,11-10,19-3,2-5,8-3","18-5,2-13,3-8,4-10,8-18",0.7083333333333334,0.1,0.52,0.25,0.6404545454545455,0.86,0.6141666666666667,0.1,0.14
5,"10-10,11-10,19-3,3-8,4-10","18-5,2-13,2-5,8-18,8-3",0.7833333333333333,0.25,0.37,0.2,0.6696818181818182,0.8,0.5766666666666667,0.2,0.19999999999999996
5,"10-10,11-10,19-3,3-8,8-18","18-5,2-13,2-5,4-10,8-3",0.7916666666666666,0.35,0.4,0.2,0.6400454545454546,0.88,0.5958333333333333,0.2,0.12
5,"10-10,11-10,19-3,3-8,8-3","18-5,2-13,2-5,4-10,8-18",0.7083333333333334,0.1,0.51,0.2,0.709590909090909,0.82,0.6091666666666666,0.1,0.18000000000000005
5,"10-10,11-10,19-3,4-10,8-18","18-5,2-13,2-5,3-8,8-3",0.775,0.25,0.41,0.25,0.6016818181818182,0.88,0.5925,0.25,0.12
5,"10-10,11-10,19-3,4-10,8-3","18-5,2-13,2-5,3-8,8-18",0.6916666666666667,0.1,0.5,0.25,0.6780454545454545,0.78,0.5958333333333333,0.1,0.21999999999999997
5,"10-10,11-10,19-3,8-18,8-3","18-5,2-13,2-5,3-8,4-10",0.7,0.1,0.55,0.35,0.65,0.87,0.625,0.1,0.13
5,"10-10,11-10,2-13,2-5,3-8","18-5,19-3,4-10,8-18,8-3",0.825,0.35,0.32,0.1,0.6499545454545455,0.85,0.5725,0.1,0.15000000000000002
5,"10-10,11-10,2-13,2-5,4-10","18-5,19-3,3-8,8-18,8-3",0.8,0.25,0.34,0.15,0.6091363636363636,0.86,0.5700000000000001,0.15,0.14
5,"10-10,11-10,2-13,2-5,8-18","18-5,19-3,3-8,4-10,8-3",0.8166666666666667,0.35,0.35,0.15,0.5796363636363636,0.92,0.5833333333333333,0.15,0.07999999999999996
5,"10-10,11-10,2-13,2-5,8-3","18-5,19-3,3-8,4-10,8-18",0.7333333333333333,0.25,0.46,0.15,0.6375454545454545,0.86,0.5966666666666667,0.15,0.14
5,"10-10,11-10,2-13,3-8,4-10","18-5,19-3,2-5,8-18,8-3",0.8,0.25,0.32,0.1,0.698590909090909,0.77,0.56,0.1,0.22999999999999998
5,"10-10,11-10,2-13,3-8,8-18","18-5,19-3,2-5,4-10,8-3",0.8166666666666667,0.35,0.33,0.1,0.6709090909090909,0.86,0.5733333333333334,0.1,0.14
5,"10-10,11-10,2-13,3-8,8-3","18-5,19-3,2-5,4-10,8-18",0.7333333333333333,0.25,0.44,0.1,0.71,0.77,0.5866666666666667,0.1,0.22999999999999998
5,"10-10,11-10,2-13,4-10,8-18","18-5,19-3,2-5,3-8,8-3",0.7916666666666666,0.25,0.35,0.15,0.6284545454545455,0.86,0.5708333333333333,0.15,0.14
5,"10-10,11-10,2-13,4-10,8-3","18-5,19-3,2-5,3-8,8-18",0.7083333333333334,0.2,0.46,0.15,0.6742727272727272,0.76,0.5841666666666667,0.15,0.24
5,"10-10,11-10,2-13,8-18,8-3","18-5,19-3,2-5,3-8,4-10",0.725,0.25,0.47,0.15,0.6495454545454545,0.85,0.5974999999999999,0.15,0.15000000000000002
5,"10-10,11-10,2-5,3-8,4-10","18-5,19-3,2-13,8-18,8-3",0.8,0.25,0.37,0.2,0.6533636363636364,0.86,0.585,0.2,0.14
5,"10-10,11-10,2-5,3-8,8-18","18-5,19-3,2-13,4-10,8-3",0.8166666666666667,0.35,0.38,0.2,0.6254545454545455,0.91,0.5983333333333334,0.2,0.08999999999999997
5,"10-10,11-10,2-5,3-8,8-3","18-5,19-3,2-13,4-10,8-18",0.7333333333333333,0.25,0.49,0.2,0.6746363636363636,0.85,0.6116666666666666,0.2,0.15000000000000002
5,"10-10,11-10,2-5,4-10,8-18","18-5,19-3,2-13,3-8,8-3",0.7916666666666666,0.25,0.41,0.25,0.5846363636363636,0.95,0.6008333333333333,0.25,0.050000000000000044
5,"10-10,11-10,2-5,4-10,8-3","18-5,19-3,2-13,3-8,8-18",0.7083333333333334,0.2,0.5,0.25,0.6405454545454545,0.86,0.6041666666666667,0.2,0.14
5,"10-10,11-10,2-5,8-18,8-3","18-5,19-3,2-13,3-8,4-10",0.725,0.25,0.53,0.25,0.6140909090909091,0.91,0.6275,0.25,0.08999999999999997
5,"10-10,11-10,3-8,4-10,8-18","18-5,19-3,2-13,2-5,8-3",0.7916666666666666,0.25,0.38,0.2,0.6742272727272727,0.87,0.5858333333333333,0.2,0.13
5,"10-10,11-10,3-8,4-10,8-3","18-5,19-3,2-13,2-5,8-18",0.7083333333333334,0.2,0.49,0.2,0.7109090909090909,0.76,0.5991666666666666,0.2,0.24
5,"10-10,11-10,3-8,8-18,8-3","18-5,19-3,2-13,2-5,4-10",0.725,0.25,0.5,0.2,0.6876818181818182,0.86,0.6125,0.2,0.14
5,"10-10,11-10,4-10,8-18,8-3","18-5,19-3,2-13,2-5,3-8",0.7,0.2,0.53,0.25,0.6502727272727272,0.85,0.615,0.2,0.15000000000000002
5,"10-10,18-5,19-3,2-13,2-5","11-10,3-8,4-10,8-18,8-3",0.8,0.35,0.39,0.25,0.5555909090909091,0.94,0.595,0.25,0.06000000000000005
5,"10-10,18-5,19-3,2-13,3-8","11-10,2-5,4-10,8-18,8-3",0.8,0.35,0.35,0.2,0.6414090909090909,0.85,0.575,0.2,0.15000000000000002
5,"10-10,18-5,19-3,2-13,4-10","11-10,2-5,3-8,8-18,8-3",0.7833333333333333,0.25,0.36,0.2,0.6090909090909091,0.84,0.5716666666666667,0.2,0.16000000000000003
5,"10-10,18-5,19-3,2-13,8-18","11-10,2-5,3-8,4-10,8-3",0.7916666666666666,0.35,0.4,0.25,0.5772272727272727,0.9,0.5958333333333333,0.25,0.09999999999999998
5,"10-10,18-5,19-3,2-13,8-3","11-10,2-5,3-8,4-10,8-18",0.7083333333333334,0.1,0.51,0.25,0.6523636363636364,0.85,0.6091666666666666,0.1,0.15000000000000002
5,"10-10,18-5,19-3,2-5,3-8","11-10,2-13,4-10,8-18,8-3",0.8,0.35,0.34,0.2,0.6083636363636363,0.93,0.5700000000000001,0.2,0.06999999999999995
5,"10-10,18-5,19-3,2-5,4-10","11-10,2-13,3-8,8-18,8-3",0.7833333333333333,0.25,0.33,0.2,0.5799545454545455,0.91,0.5566666666666666,0.2,0.08999999999999997
5,"10-10,18-5,19-3,2-5,8-18","11-10,2-13,3-8,4-10,8-3",0.7916666666666666,0.35,0.37,0.25,0.5471363636363636,0.96,0.5808333333333333,0.25,0.040000000000000036
5,"10-10,18-5,19-3,2-5,8-3","11-10,2-13,3-8,4-10,8-18",0.7083333333333334,0.1,0.48,0.25,0.6307272727272727,0.92,0.5941666666666667,0.1,0.07999999999999996
5,"10-10,18-5,19-3,3-8,4-10","11-10,2-13,2-5,8-18,8-3",0.7833333333333333,0.25,0.32,0.2,0.6615,0.85,0.5516666666666666,0.2,0.15000000000000002
5,"10-10,18-5,19-3,3-8,8-18","11-10,2-13,2-5,4-10,8-3",0.7916666666666666,0.35,0.35,0.2,0.6318181818181818,0.9,0.5708333333333333,0.2,0.09999999999999998
5,"10-10,18-5,19-3,3-8,8-3","11-10,2-13,2-5,4-10,8-18",0.7083333333333334,0.1,0.46,0.2,0.6971363636363637,0.85,0.5841666666666667,0.1,0.15000000000000002
5,"10-10,18-5,19-3,4-10,8-18","11-10,2-13,2-5,3-8,8-3",0.775,0.25,0.34,0.2,0.6002272727272727,0.91,0.5575,0.2,0.08999999999999997
5,"10-10,18-5,19-3,4-10,8-3","11-10,2-13,2-5,3-8,8-18",0.6916666666666667,0.1,0.46,0.25,0.6710909090909091,0.83,0.5758333333333333,0.1,0.17000000000000004
5,"10-10,18-5,19-3,8-18,8-3","11-10,2-13,2-5,3-8,4-10",0.7,0.1,0.49,0.25,0.6433636363636364,0.9,0.595,0.1,0.09999999999999998
5,"10-10,18-5,2-13,2-5,3-8","11-10,19-3,4-10,8-18,8-3",0.825,0.35,0.33,0.2,0.6275454545454545,0.88,0.5775,0.2,0.12
5,"10-10,18-5,2-13,2-5,4-10","11-10,19-3,3-8,8-18,8-3",0.8,0.25,0.36,0.2,0.5920909090909091,0.93,0.5800000000000001,0.2,0.06999999999999995
5,"10-10,18-5,2-13,2-5,8-18","11-10,19-3,3-8,4-10,8-3",0.8166666666666667,0.35,0.38,0.25,0.5620909090909091,0.95,0.5983333333333334,0.25,0.050000000000000044
5,"10-10,18-5,2-13,2-5,8-3","11-10,19-3,3-8,4-10,8-18",0.7333333333333333,0.25,0.49,0.25,0.6165,0.9,0.6116666666666666,0.25,0.09999999999999998
5,"10-10,18-5,2-13,3-8,4-10","11-10,19-3,2-5,8-18,8-3",0.8,0.25,0.33,0.2,0.6789090909090909,0.8,0.5650000000000001,0.2,0.19999999999999996
5,"10-10,18-5,2-13,3-8,8-18","11-10,19-3,2-5,4-10,8-3",0.8166666666666667,0.35,0.34,0.2,0.6507727272727273,0.88,0.5783333333333334,0.2,0.12
5,"10-10,18-5,2-13,3-8,8-3","11-10,19-3,2-5,4-10,8-18",0.7333333333333333,0.25,0.45,0.2,0.6861818181818182,0.83,0.5916666666666667,0.2,0.17000000000000004
5,"10-10,18-5,2-13,4-10,8-18","11-10,19-3,2-5,3-8,8-3",0.7916666666666666,0.25,0.37,0.2,0.6133181818181819,0.88,0.5808333333333333,0.2,0.12
5,"10-10,18-5,2-13,4-10,8-3","11-10,19-3,2-5,3-8,8-18",0.7083333333333334,0.2,0.48,0.2,0.6553181818181818,0.79,0.5941666666666667,0.2,0.20999999999999996
5,"10-10,18-5,2-13,8-18,8-3","11-10,19-3,2-5,3-8,4-10",0.725,0.25,0.5,0.25,0.6298636363636364,0.87,0.6125,0.25,0.13
5,"10-10,18-5,2-5,3-8,4-10","11-10,19-3,2-13,8-18,8-3",0.8,0.25,0.32,0.2,0.6455454545454545,0.92,0.56,0.2,0.07999999999999996
5,"10-10,18-5,2-5,3-8,8-18","11-10,19-3,2-13,4-10,8-3",0.8166666666666667,0.35,0.33,0.2,0.6176818181818182,0.93,0.5733333333333334,0.2,0.06999999999999995
5,"10-10,18-5,2-5,3-8,8-3","11-10,19-3,2-13,4-10,8-18",0.7333333333333333,0.25,0.44,0.2,0.6622272727272728,0.88,0.5866666666666667,0.2,0.12
5,"10-10,18-5,2-5,4-10,8-18","11-10,19-3,2-13,3-8,8-3",0.7916666666666666,0.25,0.34,0.2,0.5833636363636364,0.97,0.5658333333333333,0.2,0.030000000000000027
5,"10-10,18-5,2-5,4-10,8-3","11-10,19-3,2-13,3-8,8-18",0.7083333333333334,0.2,0.45,0.2,0.6335454545454545,0.9,0.5791666666666667,0.2,0.09999999999999998
5,"10-10,18-5,2-5,8-18,8-3","11-10,19-3,2-13,3-8,4-10",0.725,0.25,0.47,0.25,0.6074545454545455,0.94,0.5974999999999999,0.25,0.06000000000000005
5,"10-10,18-5,3-8,4-10,8-18","11-10,19-3,2-13,2-5,8-3",0.7916666666666666,0.25,0.33,0.2,0.6687727272727273,0.9,0.5608333333333333,0.2,0.09999999999999998
5,"10-10,18-5,3-8,4-10,8-3","11-10,19-3,2-13,2-5,8-18",0.7083333333333334,0.2,0.44,0.2,0.7006363636363636,0.8,0.5741666666666667,0.2,0.19999999999999996
5,"10-10,18-5,3-8,8-18,8-3","11-10,19-3,2-13,2-5,4-10",0.725,0.25,0.45,0.2,0.6771818181818182,0.88,0.5875,0.2,0.12
5,"10-10,18-5,4-10,8-18,8-3","11-10,19-3,2-13,2-5,3-8",0.7,0.2,0.46,0.2,0.6459090909090909,0.89,0.58,0.2,0.10999999999999999
5,"10-10,19-3,2-13,2-5,3-8","11-10,18-5,4-10,8-18,8-3",0.8,0.35,0.37,0.25,0.5485,0.88,0.585,0.25,0.12
5,"10-10,19-3,2-13,2-5,4-10","11-10,18-5,3-8,8-18,8-3",0.7833333333333333,0.25,0.37,0.25,0.5150454545454546,0.9,0.5766666666666667,0.25,0.09999999999999998
5,"10-10,19-3,2-13,2-5,8-18","11-10,18-5,3-8,4-10,8-3",0.7916666666666666,0.35,0.4,0.25,0.48268181818181816,0.96,0.5958333333333333,0.25,0.040000000000000036
5,"10-10,19-3,2-13,2-5,8-3","11-10,18-5,3-8,4-10,8-18",0.7083333333333334,0.1,0.51,0.25,0.5738181818181818,0.9,0.6091666666666666,0.1,0.09999999999999998
5,"10-10,19-3,2-13,3-8,4-10","11-10,18-5,2-5,8-18,8-3",0.7833333333333333,0.25,0.35,0.25,0.5998181818181818,0.83,0.5666666666666667,0.25,0.17000000000000004
5,"10-10,19-3,2-13,3-8,8-18","11-10,18-5,2-5,4-10,8-3",0.7916666666666666,0.35,0.38,0.25,0.5698181818181818,0.89,0.5858333333333333,0.25,0.10999999999999999
5,"10-10,19-3,2-13,3-8,8-3","11-10,18-5,2-5,4-10,8-18",0.7083333333333334,0.1,0.49,0.25,0.6426818181818181,0.83,0.5991666666666666,0.1,0.17000000000000004
5,"10-10,19-3,2-13,4-10,8-18","11-10,18-5,2-5,3-8,8-3",0.775,0.25,0.38,0.25,0.5340454545454546,0.89,0.5775,0.25,0.10999999999999999
5,"10-10,19-3,2-13,4-10,8-3","11-10,18-5,2-5,3-8,8-18",0.6916666666666667,0.1,0.49,0.25,0.612909090909091,0.82,0.5908333333333333,0.1,0.18000000000000005
5,"10-10,19-3,2-13,8-18,8-3","11-10,18-5,2-5,3-8,4-10",0.7,0.1,0.52,0.3,0.5853636363636363,0.89,0.61,0.1,0.10999999999999999
5,"10-10,19-3,2-5,3-8,4-10","11-10,18-5,2-13,8-18,8-3",0.7833333333333333,0.25,0.34,0.25,0.5684090909090909,0.9,0.5616666666666666,0.25,0.09999999999999998
5,"10-10,19-3,2-5,3-8,8-18","11-10,18-5,2-13,4-10,8-3",0.7916666666666666,0.35,0.37,0.25,0.5377272727272727,0.94,0.5808333333333333,0.25,0.06000000000000005
5,"10-10,19-3,2-5,3-8,8-3","11-10,18-5,2-13,4-10,8-18",0.7083333333333334,0.1,0.48,0.25,0.6195909090909091,0.88,0.5941666666666667,0.1,0.12
5,"10-10,19-3,2-5,4-10,8-18","11-10,18-5,2-13,3-8,8-3",0.775,0.25,0.37,0.25,0.5085454545454545,0.96,0.5725,0.25,0.040000000000000036
5,"10-10,19-3,2-5,4-10,8-3","11-10,18-5,2-13,3-8,8-18",0.6916666666666667,0.1,0.46,0.25,0.5962272727272727,0.88,0.5758333333333333,0.1,0.12
5,"10-10,19-3,2-5,8-18,8-3","11-10,18-5,2-13,3-8,4-10",0.7,0.1,0.51,0.25,0.5657727272727273,0.94,0.605,0.1,0.06000000000000005
5,"10-10,19-3,3-8,4-10,8-18","11-10,18-5,2-13,2-5,8-3",0.775,0.25,0.35,0.25,0.5890454545454545,0.91,0.5625,0.25,0.08999999999999997
5,"10-10,19-3,3-8,4-10,8-3","11-10,18-5,2-13,2-5,8-18",0.6916666666666667,0.1,0.46,0.25,0.6584090909090909,0.83,0.5758333333333333,0.1,0.17000000000000004
5,"10-10,19-3,3-8,8-18,8-3","11-10,18-5,2-13,2-5,4-10",0.7,0.1,0.49,0.25,0.6324545454545455,0.89,0.595,0.1,0.10999999999999999
5,"10-10,19-3,4-10,8-18,8-3","11-10,18-5,2-13,2-5,3-8",0.6833333333333333,0.1,0.49,0.25,0.6045,0.89,0.5866666666666667,0.1,0.10999999999999999
5,"10-10,2-13,2-5,3-8,4-10","11-10,18-5,19-3,8-18,8-3",0.8,0.25,0.35,0.25,0.5835454545454546,0.87,0.575,0.25,0.13
5,"10-10,2-13,2-5,3-8,8-18","11-10,18-5,19-3,4-10,8-3",0.8166666666666667,0.35,0.36,0.25,0.5551818181818182,0.92,0.5883333333333334,0.25,0.07999999999999996
5,"10-10,2-13,2-5,3-8,8-3","11-10,18-5,19-3,4-10,8-18",0.7333333333333333,0.25,0.47,0.25,0.6082727272727273,0.86,0.6016666666666666,0.25,0.14
5,"10-10,2-13,2-5,4-10,8-18","11-10,18-5,19-3,3-8,8-3",0.7916666666666666,0.25,0.38,0.25,0.5169090909090909,0.97,0.5858333333333333,0.25,0.030000000000000027
5,"10-10,2-13,2-5,4-10,8-3","11-10,18-5,19-3,3-8,8-18",0.7083333333333334,0.2,0.49,0.25,0.5758181818181818,0.88,0.5991666666666666,0.2,0.12
5,"10-10,2-13,2-5,8-18,8-3","11-10,18-5,19-3,3-8,4-10",0.725,0.25,0.5,0.25,0.5499545454545455,0.94,0.6125,0.25,0.06000000000000005
5,"10-10,2-13,3-8,4-10,8-18","11-10,18-5,19-3,2-5,8-3",0.7916666666666666,0.25,0.36,0.25,0.6047727272727272,0.88,0.5758333333333333,0.25,0.12
5,"10-10,2-13,3-8,4-10,8-3","11-10,18-5,19-3,2-5,8-18",0.7083333333333334,0.2,0.47,0.25,0.645,0.78,0.5891666666666666,0.2,0.21999999999999997
5,"10-10,2-13,3-8,8-18,8-3","11-10,18-5,19-3,2-5,4-10",0.725,0.25,0.48,0.25,0.6213181818181818,0.87,0.6025,0.25,0.13
5,"10-10,2-13,4-10,8-18,8-3","11-10,18-5,19-3,2-5,3-8",0.7,0.2,0.5,0.25,0.5869090909090909,0.87,0.6,0.2,0.13
5,"10-10,2-5,3-8,4-10,8-18","11-10,18-5,19-3,2-13,8-3",0.7916666666666666,0.25,0.35,0.25,0.5729090909090909,0.96,0.5708333333333333,0.25,0.040000000000000036
5,"10-10,2-5,3-8,4-10,8-3","11-10,18-5,19-3,2-13,8-18",0.7083333333333334,0.2,0.46,0.25,0.6220909090909091,0.88,0.5841666666666667,0.2,0.12
5,"10-10,2-5,3-8,8-18,8-3","11-10,18-5,19-3,2-13,4-10",0.725,0.25,0.47,0.25,0.5977727272727272,0.92,0.5974999999999999,0.25,0.07999999999999996
5,"10-10,2-5,4-10,8-18,8-3","11-10,18-5,19-3,2-13,3-8",0.7,0.2,0.49,0.25,0.5679090909090909,0.95,0.595,0.2,0.050000000000000044
5,"10-10,3-8,4-10,8-18,8-3","11-10,18-5,19-3,2-13,2-5",0.7,0.2,0.47,0.25,0.6347272727272727,0.89,0.585,0.2,0.10999999999999999
5,"11-10,18-5,19-3,2-13,2-5","10-10,3-8,4-10,8-18,8-3",0.9,0.65,0.26,0.15,0.6529545454545455,0.9,0.5800000000000001,0.15,0.09999999999999998
5,"11-10,18-5,19-3,2-13,3-8","10-10,2-5,4-10,8-18,8-3",0.9,0.65,0.22,0.1,0.7437727272727273,0.82,0.56,0.1,0.18000000000000005
5,"11-10,18-5,19-3,2-13,4-10","10-10,2-5,3-8,8-18,8-3",0.875,0.65,0.23,0.15,0.6871363636363637,0.79,0.5525,0.15,0.20999999999999996
5,"11-10,18-5,19-3,2-13,8-18","10-10,2-5,3-8,4-10,8-3",0.8916666666666667,0.65,0.27,0.15,0.6749545454545455,0.86,0.5808333333333333,0.15,0.14
5,"11-10,18-5,19-3,2-13,8-3","10-10,2-5,3-8,4-10,8-18",0.8083333333333333,0.1,0.38,0.15,0.7443636363636363,0.81,0.5941666666666667,0.1,0.18999999999999995
5,"11-10,18-5,19-3,2-5,3-8","10-10,2-13,4-10,8-18,8-3",0.9,0.65,0.25,0.15,0.6999545454545455,0.88,0.575,0.15,0.12
5,"11-10,18-5,19-3,2-5,4-10","10-10,2-13,3-8,8-18,8-3",0.875,0.65,0.25,0.15,0.6453181818181818,0.89,0.5625,0.15,0.10999999999999999
5,"11-10,18-5,19-3,2-5,8-18","10-10,2-13,3-8,4-10,8-3",0.8916666666666667,0.65,0.29,0.2,0.632090909090909,0.94,0.5908333333333333,0.2,0.06000000000000005
5,"11-10,18-5,19-3,2-5,8-3","10-10,2-13,3-8,4-10,8-18",0.8083333333333333,0.1,0.4,0.2,0.7128181818181818,0.91,0.6041666666666667,0.1,0.08999999999999997
5,"11-10,18-5,19-3,3-8,4-10","10-10,2-13,2-5,8-18,8-3",0.875,0.65,0.23,0.15,0.7337272727272727,0.79,0.5525,0.15,0.20999999999999996
5,"11-10,18-5,19-3,3-8,8-18","10-10,2-13,2-5,4-10,8-3",0.8916666666666667,0.65,0.26,0.15,0.7236818181818182,0.88,0.5758333333333334,0.15,0.12
5,"11-10,18-5,19-3,3-8,8-3","10-10,2-13,2-5,4-10,8-18",0.8083333333333333,0.1,0.37,0.15,0.7837272727272727,0.83,0.5891666666666666,0.1,0.17000000000000004
5,"11-10,18-5,19-3,4-10,8-18","10-10,2-13,2-5,3-8,8-3",0.8666666666666667,0.65,0.26,0.15,0.6661363636363636,0.88,0.5633333333333334,0.15,0.12
5,"11-10,18-5,19-3,4-10,8-3","10-10,2-13,2-5,3-8,8-18",0.7833333333333333,0.1,0.38,0.2,0.7364090909090909,0.77,0.5816666666666667,0.1,0.22999999999999998
5,"11-10,18-5,19-3,8-18,8-3","10-10,2-13,2-5,3-8,4-10",0.8,0.1,0.41,0.2,0.7246818181818182,0.87,0.605,0.1,0.13
5,"11-10,18-5,2-13,2-5,3-8","10-10,19-3,4-10,8-18,8-3",0.925,0.8,0.2,0.1,0.7291818181818182,0.86,0.5625,0.1,0.14
5,"11-10,18-5,2-13,2-5,4-10","10-10,19-3,3-8,8-18,8-3",0.8916666666666667,0.75,0.23,0.15,0.6695909090909091,0.84,0.5608333333333334,0.15,0.16000000000000003
5,"11-10,18-5,2-13,2-5,8-18","10-10,19-3,3-8,4-10,8-3",0.9166666666666666,0.8,0.25,0.15,0.6589545454545455,0.92,0.5833333333333333,0.15,0.07999999999999996
5,"11-10,18-5,2-13,2-5,8-3","10-10,19-3,3-8,4-10,8-18",0.8333333333333334,0.25,0.36,0.15,0.7102272727272727,0.87,0.5966666666666667,0.15,0.13
5,"11-10,18-5,2-13,3-8,4-10","10-10,19-3,2-5,8-18,8-3",0.8916666666666667,0.75,0.2,0.1,0.7611818181818182,0.76,0.5458333333333334,0.1,0.2
5,"11-10,18-5,2-13,3-8,8-18","10-10,19-3,2-5,4-10,8-3",0.9166666666666666,0.8,0.21,0.1,0.7525454545454545,0.83,0.5633333333333334,0.1,0.17000000000000004
5,"11-10,18-5,2-13,3-8,8-3","10-10,19-3,2-5,4-10,8-18",0.8333333333333334,0.25,0.32,0.1,0.7831363636363636,0.74,0.5766666666666667,0.1,0.26
5,"11-10,18-5,2-13,4-10,8-18","10-10,19-3,2-5,3-8,8-3",0.8833333333333333,0.75,0.24,0.15,0.6912727272727273,0.82,0.5616666666666666,0.15,0.18000000000000005
5,"11-10,18-5,2-13,4-10,8-3","10-10,19-3,2-5,3-8,8-18",0.8,0.2,0.35,0.15,0.7325454545454545,0.75,0.575,0.15,0.25
5,"11-10,18-5,2-13,8-18,8-3","10-10,19-3,2-5,3-8,4-10",0.825,0.25,0.37,0.15,0.7228181818181818,0.83,0.5974999999999999,0.15,0.17000000000000004
5,"11-10,18-5,2-5,3-8,4-10","10-10,19-3,2-13,8-18,8-3",0.8916666666666667,0.75,0.23,0.15,0.7174090909090909,0.86,0.5608333333333334,0.15,0.14
5,"11-10,18-5,2-5,3-8,8-18","10-10,19-3,2-13,4-10,8-3",0.9166666666666666,0.8,0.24,0.15,0.7087727272727272,0.91,0.5783333333333334,0.15,0.08999999999999997
5,"11-10,18-5,2-5,3-8,8-3","10-10,19-3,2-13,4-10,8-18",0.8333333333333334,0.25,0.35,0.15,0.7509090909090909,0.86,0.5916666666666667,0.15,0.14
5,"11-10,18-5,2-5,4-10,8-18","10-10,19-3,2-13,3-8,8-3",0.8833333333333333,0.75,0.26,0.15,0.6485909090909091,0.95,0.5716666666666667,0.15,0.050000000000000044
5,"11-10,18-5,2-5,4-10,8-3","10-10,19-3,2-13,3-8,8-18",0.8,0.2,0.37,0.15,0.7011363636363637,0.87,0.585,0.15,0.13
5,"11-10,18-5,2-5,8-18,8-3","10-10,19-3,2-13,3-8,4-10",0.825,0.25,0.39,0.2,0.6905909090909091,0.91,0.6074999999999999,0.2,0.08999999999999997
5,"11-10,18-5,3-8,4-10,8-18","10-10,19-3,2-13,2-5,8-3",0.8833333333333333,0.75,0.24,0.15,0.7409545454545454,0.82,0.5616666666666666,0.15,0.18000000000000005
5,"11-10,18-5,3-8,4-10,8-3","10-10,19-3,2-13,2-5,8-18",0.8,0.2,0.35,0.15,0.7727727272727273,0.75,0.575,0.15,0.25
5,"11-10,18-5,3-8,8-18,8-3","10-10,19-3,2-13,2-5,4-10",0.825,0.25,0.36,0.15,0.7649545454545454,0.85,0.5925,0.15,0.15000000000000002
5,"11-10,18-5,4-10,8-18,8-3","10-10,19-3,2-13,2-5,3-8",0.7916666666666666,0.2,0.38,0.15,0.7127272727272728,0.8,0.5858333333333333,0.15,0.19999999999999996
5,"11-10,19-3,2-13,2-5,3-8","10-10,18-5,4-10,8-18,8-3",0.9,0.65,0.25,0.1,0.637,0.86,0.575,0.1,0.14
5,"11-10,19-3,2-13,2-5,4-10","10-10,18-5,3-8,8-18,8-3",0.875,0.65,0.25,0.15,0.579590909090909,0.87,0.5625,0.15,0.13
5,"11-10,19-3,2-13,2-5,8-18","10-10,18-5,3-8,4-10,8-3",0.8916666666666667,0.65,0.28,0.15,0.5656363636363636,0.93,0.5858333333333334,0.15,0.06999999999999995
5,"11-10,19-3,2-13,2-5,8-3","10-10,18-5,3-8,4-10,8-18",0.8083333333333333,0.1,0.39,0.15,0.6555,0.87,0.5991666666666666,0.1,0.13
5,"11-10,19-3,2-13,3-8,4-10","10-10,18-5,2-5,8-18,8-3",0.875,0.65,0.23,0.1,0.6697272727272727,0.78,0.5525,0.1,0.21999999999999997
5,"11-10,19-3,2-13,3-8,8-18","10-10,18-5,2-5,4-10,8-3",0.8916666666666667,0.65,0.26,0.1,0.6582727272727272,0.86,0.5758333333333334,0.1,0.14
5,"11-10,19-3,2-13,3-8,8-3","10-10,18-5,2-5,4-10,8-18",0.8083333333333333,0.1,0.37,0.1,0.7278181818181818,0.8,0.5891666666666666,0.1,0.19999999999999996
5,"11-10,19-3,2-13,4-10,8-18","10-10,18-5,2-5,3-8,8-3",0.8666666666666667,0.65,0.26,0.15,0.598909090909091,0.85,0.5633333333333334,0.15,0.15000000000000002
5,"11-10,19-3,2-13,4-10,8-3","10-10,18-5,2-5,3-8,8-18",0.7833333333333333,0.1,0.37,0.15,0.6787272727272727,0.77,0.5766666666666667,0.1,0.22999999999999998
5,"11-10,19-3,2-13,8-18,8-3","10-10,18-5,2-5,3-8,4-10",0.8,0.1,0.4,0.15,0.6660454545454545,0.85,0.6000000000000001,0.1,0.15000000000000002
5,"11-10,19-3,2-5,3-8,4-10","10-10,18-5,2-13,8-18,8-3",0.875,0.65,0.28,0.2,0.6262272727272727,0.87,0.5775,0.2,0.13
5,"11-10,19-3,2-5,3-8,8-18","10-10,18-5,2-13,4-10,8-3",0.8916666666666667,0.65,0.31,0.2,0.6140454545454546,0.92,0.6008333333333333,0.2,0.07999999999999996
5,"11-10,19-3,2-5,3-8,8-3","10-10,18-5,2-13,4-10,8-18",0.8083333333333333,0.1,0.42,0.2,0.6951818181818182,0.86,0.6141666666666666,0.1,0.14
5,"11-10,19-3,2-5,4-10,8-18","10-10,18-5,2-13,3-8,8-3",0.8666666666666667,0.65,0.32,0.25,0.5569090909090909,0.94,0.5933333333333334,0.25,0.06000000000000005
5,"11-10,19-3,2-5,4-10,8-3","10-10,18-5,2-13,3-8,8-18",0.7833333333333333,0.1,0.41,0.25,0.6485454545454545,0.86,0.5966666666666667,0.1,0.14
5,"11-10,19-3,2-5,8-18,8-3","10-10,18-5,2-13,3-8,4-10",0.8,0.1,0.46,0.25,0.6335,0.92,0.63,0.1,0.07999999999999996
5,"11-10,19-3,3-8,4-10,8-18","10-10,18-5,2-13,2-5,8-3",0.8666666666666667,0.65,0.29,0.2,0.6472727272727272,0.88,0.5783333333333334,0.2,0.12
5,"11-10,19-3,3-8,4-10,8-3","10-10,18-5,2-13,2-5,8-18",0.7833333333333333,0.1,0.4,0.2,0.718,0.77,0.5916666666666667,0.1,0.22999999999999998
5,"11-10,19-3,3-8,8-18,8-3","10-10,18-5,2-13,2-5,4-10",0.8,0.1,0.43,0.2,0.7070909090909091,0.87,0.615,0.1,0.13
5,"11-10,19-3,4-10,8-18,8-3","10-10,18-5,2-13,2-5,3-8",0.775,0.1,0.44,0.25,0.6567272727272727,0.87,0.6075,0.1,0.13
5,"11-10,2-13,2-5,3-8,4-10","10-10,18-5,19-3,8-18,8-3",0.8916666666666667,0.75,0.23,0.1,0.6527727272727273,0.82,0.5608333333333334,0.1,0.18000000000000005
5,"11-10,2-13,2-5,3-8,8-18","10-10,18-5,19-3,4-10,8-3",0.9166666666666666,0.8,0.24,0.1,0.6426363636363637,0.9,0.5783333333333334,0.1,0.09999999999999998
5,"11-10,2-13,2-5,3-8,8-3","10-10,18-5,19-3,4-10,8-18",0.8333333333333334,0.25,0.35,0.1,0.6950909090909091,0.83,0.5916666666666667,0.1,0.17000000000000004
5,"11-10,2-13,2-5,4-10,8-18","10-10,18-5,19-3,3-8,8-3",0.8833333333333333,0.75,0.26,0.15,0.5807727272727272,0.94,0.5716666666666667,0.15,0.06000000000000005
5,"11-10,2-13,2-5,4-10,8-3","10-10,18-5,19-3,3-8,8-18",0.8,0.2,0.37,0.15,0.6434090909090909,0.81,0.585,0.15,0.18999999999999995
5,"11-10,2-13,2-5,8-18,8-3","10-10,18-5,19-3,3-8,4-10",0.825,0.25,0.38,0.15,0.632,0.91,0.6025,0.15,0.08999999999999997
5,"11-10,2-13,3-8,4-10,8-18","10-10,18-5,19-3,2-5,8-3",0.8833333333333333,0.75,0.24,0.1,0.674,0.82,0.5616666666666666,0.1,0.18000000000000005
5,"11-10,2-13,3-8,4-10,8-3","10-10,18-5,19-3,2-5,8-18",0.8,0.2,0.35,0.1,0.716,0.74,0.575,0.1,0.26
5,"11-10,2-13,3-8,8-18,8-3","10-10,18-5,19-3,2-5,4-10",0.825,0.25,0.36,0.1,0.7069545454545455,0.83,0.5925,0.1,0.17000000000000004
5,"11-10,2-13,4-10,8-18,8-3","10-10,18-5,19-3,2-5,3-8",0.7916666666666666,0.2,0.38,0.15,0.6535454545454545,0.81,0.5858333333333333,0.15,0.18999999999999995
5,"11-10,2-5,3-8,4-10,8-18","10-10,18-5,19-3,2-13,8-3",0.8833333333333333,0.75,0.29,0.2,0.6301818181818182,0.94,0.5866666666666667,0.2,0.06000000000000005
5,"11-10,2-5,3-8,4-10,8-3","10-10,18-5,19-3,2-13,8-18",0.8,0.2,0.4,0.2,0.6838636363636363,0.81,0.6000000000000001,0.2,0.18999999999999995
5,"11-10,2-5,3-8,8-18,8-3","10-10,18-5,19-3,2-13,4-10",0.825,0.25,0.41,0.2,0.6740454545454545,0.9,0.6174999999999999,0.2,0.09999999999999998
5,"11-10,2-5,4-10,8-18,8-3","10-10,18-5,19-3,2-13,3-8",0.7916666666666666,0.2,0.44,0.25,0.6216363636363637,0.93,0.6158333333333333,0.2,0.06999999999999995
5,"11-10,3-8,4-10,8-18,8-3","10-10,18-5,19-3,2-13,2-5",0.7916666666666666,0.2,0.41,0.2,0.6955454545454546,0.81,0.6008333333333333,0.2,0.18999999999999995
5,"18-5,19-3,2-13,2-5,3-8","10-10,11-10,4-10,8-18,8-3",0.9,0.65,0.26,0.2,0.614909090909091,0.9,0.5800000000000001,0.2,0.09999999999999998
5,"18-5,19-3,2-13,2-5,4-10","10-10,11-10,3-8,8-18,8-3",0.875,0.65,0.27,0.2,0.5608181818181818,0.91,0.5725,0.2,0.08999999999999997
5,"18-5,19-3,2-13,2-5,8-18","10-10,11-10,3-8,4-10,8-3",0.8916666666666667,0.65,0.31,0.25,0.5480454545454545,0.96,0.6008333333333333,0.25,0.040000000000000036
5,"18-5,19-3,2-13,2-5,8-3","10-10,11-10,3-8,4-10,8-18",0.8083333333333333,0.1,0.42,0.25,0.6349545454545454,0.94,0.6141666666666666,0.1,0.06000000000000005
5,"18-5,19-3,2-13,3-8,4-10","10-10,11-10,2-5,8-18,8-3",0.875,0.65,0.24,0.2,0.6485909090909091,0.81,0.5575,0.2,0.18999999999999995
5,"18-5,19-3,2-13,3-8,8-18","10-10,11-10,2-5,4-10,8-3",0.8916666666666667,0.65,0.27,0.2,0.6386818181818181,0.89,0.5808333333333333,0.2,0.10999999999999999
5,"18-5,19-3,2-13,3-8,8-3","10-10,11-10,2-5,4-10,8-18",0.8083333333333333,0.1,0.38,0.2,0.7053181818181818,0.84,0.5941666666666667,0.1,0.16000000000000003
5,"18-5,19-3,2-13,4-10,8-18","10-10,11-10,2-5,3-8,8-3",0.8666666666666667,0.65,0.28,0.2,0.5821363636363637,0.89,0.5733333333333334,0.2,0.10999999999999999
5,"18-5,19-3,2-13,4-10,8-3","10-10,11-10,2-5,3-8,8-18",0.7833333333333333,0.1,0.39,0.2,0.6587272727272727,0.8,0.5866666666666667,0.1,0.19999999999999996
5,"18-5,19-3,2-13,8-18,8-3","10-10,11-10,2-5,3-8,4-10",0.8,0.1,0.43,0.25,0.647090909090909,0.89,0.615,0.1,0.10999999999999999
5,"18-5,19-3,2-5,3-8,4-10","10-10,11-10,2-13,8-18,8-3",0.875,0.65,0.23,0.2,0.6174545454545455,0.91,0.5525,0.2,0.08999999999999997
5,"18-5,19-3,2-5,3-8,8-18","10-10,11-10,2-13,4-10,8-3",0.8916666666666667,0.65,0.26,0.2,0.607,0.94,0.5758333333333334,0.2,0.06000000000000005
5,"18-5,19-3,2-5,3-8,8-3","10-10,11-10,2-13,4-10,8-18",0.8083333333333333,0.1,0.37,0.2,0.6842727272727273,0.93,0.5891666666666666,0.1,0.06999999999999995
5,"18-5,19-3,2-5,4-10,8-18","10-10,11-10,2-13,3-8,8-3",0.8666666666666667,0.65,0.25,0.2,0.5546363636363636,0.96,0.5583333333333333,0.2,0.040000000000000036
5,"18-5,19-3,2-5,4-10,8-3","10-10,11-10,2-13,3-8,8-18",0.7833333333333333,0.1,0.36,0.2,0.6411363636363636,0.89,0.5716666666666667,0.1,0.10999999999999999
5,"18-5,19-3,2-5,8-18,8-3","10-10,11-10,2-13,3-8,4-10",0.8,0.1,0.4,0.25,0.6279090909090909,0.95,0.6000000000000001,0.1,0.050000000000000044
5,"18-5,19-3,3-8,4-10,8-18","10-10,11-10,2-13,2-5,8-3",0.8666666666666667,0.65,0.24,0.2,0.6409545454545454,0.9,0.5533333333333333,0.2,0.09999999999999998
5,"18-5,19-3,3-8,4-10,8-3","10-10,11-10,2-13,2-5,8-18",0.7833333333333333,0.1,0.35,0.2,0.7077272727272728,0.79,0.5666666666666667,0.1,0.20999999999999996
5,"18-5,19-3,3-8,8-18,8-3","10-10,11-10,2-13,2-5,4-10",0.8,0.1,0.38,0.2,0.6983181818181818,0.89,0.5900000000000001,0.1,0.10999999999999999
5,"18-5,19-3,4-10,8-18,8-3","10-10,11-10,2-13,2-5,3-8",0.775,0.1,0.37,0.2,0.6520454545454546,0.89,0.5725,0.1,0.10999999999999999
5,"18-5,2-13,2-5,3-8,4-10","10-10,11-10,19-3,8-18,8-3",0.8916666666666667,0.75,0.24,0.2,0.632,0.87,0.5658333333333334,0.2,0.13
5,"18-5,2-13,2-5,3-8,8-18","10-10,11-10,19-3,4-10,8-3",0.9166666666666666,0.8,0.25,0.2,0.6235454545454545,0.92,0.5833333333333333,0.2,0.07999999999999996
5,"18-5,2-13,2-5,3-8,8-3","10-10,11-10,19-3,4-10,8-18",0.8333333333333334,0.25,0.36,0.2,0.6727272727272727,0.87,0.5966666666666667,0.2,0.13
5,"18-5,2-13,2-5,4-10,8-18","10-10,11-10,19-3,3-8,8-3",0.8833333333333333,0.75,0.28,0.2,0.5645454545454546,0.96,0.5816666666666667,0.2,0.040000000000000036
5,"18-5,2-13,2-5,4-10,8-3","10-10,11-10,19-3,3-8,8-18",0.8,0.2,0.39,0.2,0.6238181818181818,0.89,0.595,0.2,0.10999999999999999
5,"18-5,2-13,2-5,8-18,8-3","10-10,11-10,19-3,3-8,4-10",0.825,0.25,0.41,0.25,0.6135,0.93,0.6174999999999999,0.25,0.06999999999999995
5,"18-5,2-13,3-8,4-10,8-18","10-10,11-10,19-3,2-5,8-3",0.8833333333333333,0.75,0.25,0.2,0.6555909090909091,0.85,0.5666666666666667,0.2,0.15000000000000002
5,"18-5,2-13,3-8,4-10,8-3","10-10,11-10,19-3,2-5,8-18",0.8,0.2,0.36,0.2,0.694,0.77,0.5800000000000001,0.2,0.22999999999999998
5,"18-5,2-13,3-8,8-18,8-3","10-10,11-10,19-3,2-5,4-10",0.825,0.25,0.37,0.2,0.6863181818181818,0.86,0.5974999999999999,0.2,0.14
5,"18-5,2-13,4-10,8-18,8-3","10-10,11-10,19-3,2-5,3-8",0.7916666666666666,0.2,0.4,0.2,0.6354090909090909,0.84,0.5958333333333333,0.2,0.16000000000000003
5,"18-5,2-5,3-8,4-10,8-18","10-10,11-10,19-3,2-13,8-3",0.8833333333333333,0.75,0.24,0.2,0.6242272727272727,0.96,0.5616666666666666,0.2,0.040000000000000036
5,"18-5,2-5,3-8,4-10,8-3","10-10,11-10,19-3,2-13,8-18",0.8,0.2,0.35,0.2,0.6735,0.89,0.575,0.2,0.10999999999999999
5,"18-5,2-5,3-8,8-18,8-3","10-10,11-10,19-3,2-13,4-10",0.825,0.25,0.36,0.2,0.6653181818181818,0.92,0.5925,0.2,0.07999999999999996
5,"18-5,2-5,4-10,8-18,8-3","10-10,11-10,19-3,2-13,3-8",0.7916666666666666,0.2,0.37,0.2,0.616909090909091,0.95,0.5808333333333333,0.2,0.050000000000000044
5,"18-5,3-8,4-10,8-18,8-3","10-10,11-10,19-3,2-13,2-5",0.7916666666666666,0.2,0.36,0.2,0.6871363636363637,0.83,0.5758333333333333,0.2,0.17000000000000004
5,"19-3,2-13,2-5,3-8,4-10","10-10,11-10,18-5,8-18,8-3",0.875,0.65,0.26,0.25,0.5540909090909091,0.88,0.5675,0.25,0.12
5,"19-3,2-13,2-5,3-8,8-18","10-10,11-10,18-5,4-10,8-3",0.8916666666666667,0.65,0.29,0.25,0.5425454545454546,0.93,0.5908333333333333,0.25,0.06999999999999995
5,"19-3,2-13,2-5,3-8,8-3","10-10,11-10,18-5,4-10,8-18",0.8083333333333333,0.1,0.4,0.25,0.6274545454545455,0.87,0.6041666666666667,0.1,0.13
5,"19-3,2-13,2-5,4-10,8-18","10-10,11-10,18-5,3-8,8-3",0.8666666666666667,0.65,0.29,0.25,0.4864545454545455,0.95,0.5783333333333334,0.25,0.050000000000000044
5,"19-3,2-13,2-5,4-10,8-3","10-10,11-10,18-5,3-8,8-18",0.7833333333333333,0.1,0.4,0.25,0.5806818181818182,0.88,0.5916666666666667,0.1,0.12
5,"19-3,2-13,2-5,8-18,8-3","10-10,11-10,18-5,3-8,4-10",0.8,0.1,0.43,0.25,0.5671818181818182,0.95,0.615,0.1,0.050000000000000044
5,"19-3,2-13,3-8,4-10,8-18","10-10,11-10,18-5,2-5,8-3",0.8666666666666667,0.65,0.27,0.25,0.5754545454545454,0.89,0.5683333333333334,0.25,0.10999999999999999
5,"19-3,2-13,3-8,4-10,8-3","10-10,11-10,18-5,2-5,8-18",0.7833333333333333,0.1,0.38,0.25,0.6496818181818181,0.79,0.5816666666666667,0.1,0.20999999999999996
5,"19-3,2-13,3-8,8-18,8-3","10-10,11-10,18-5,2-5,4-10",0.8,0.1,0.41,0.25,0.6393181818181818,0.88,0.605,0.1,0.12
5,"19-3,2-13,4-10,8-18,8-3","10-10,11-10,18-5,2-5,3-8",0.775,0.1,0.41,0.25,0.5902272727272727,0.88,0.5925,0.1,0.12
5,"19-3,2-5,3-8,4-10,8-18","10-10,11-10,18-5,2-13,8-3",0.8666666666666667,0.65,0.26,0.25,0.5458636363636363,0.95,0.5633333333333334,0.25,0.050000000000000044
5,"19-3,2-5,3-8,4-10,8-3","10-10,11-10,18-5,2-13,8-18",0.7833333333333333,0.1,0.37,0.25,0.6307272727272727,0.88,0.5766666666666667,0.1,0.12
5,"19-3,2-5,3-8,8-18,8-3","10-10,11-10,18-5,2-13,4-10",0.8,0.1,0.4,0.25,0.619,0.93,0.6000000000000001,0.1,0.06999999999999995
5,"19-3,2-5,4-10,8-18,8-3","10-10,11-10,18-5,2-13,3-8",0.775,0.1,0.4,0.25,0.5760454545454545,0.93,0.5875,0.1,0.06999999999999995
5,"19-3,3-8,4-10,8-18,8-3","10-10,11-10,18-5,2-13,2-5",0.775,0.1,0.38,0.25,0.642,0.89,0.5775,0.1,0.10999999999999999
5,"2-13,2-5,3-8,4-10,8-18","10-10,11-10,18-5,19-3,8-3",0.8833333333333333,0.75,0.27,0.25,0.5583181818181818,0.95,0.5766666666666667,0.25,0.050000000000000044
5,"2-13,2-5,3-8,4-10,8-3","10-10,11-10,18-5,19-3,8-18",0.8,0.2,0.38,0.25,0.616,0.84,0.5900000000000001,0.2,0.16000000000000003
5,"2-13,2-5,3-8,8-18,8-3","10-10,11-10,18-5,19-3,4-10",0.825,0.25,0.39,0.25,0.6067272727272728,0.91,0.6074999999999999,0.25,0.08999999999999997
5,"2-13,2-5,4-10,8-18,8-3","10-10,11-10,18-5,19-3,3-8",0.7916666666666666,0.2,0.41,0.25,0.5557727272727273,0.94,0.6008333333333333,0.2,0.06000000000000005
5,"2-13,3-8,4-10,8-18,8-3","10-10,11-10,18-5,19-3,2-5",0.7916666666666666,0.2,0.39,0.25,0.6275909090909091,0.84,0.5908333333333333,0.2,0.16000000000000003
5,"2-5,3-8,4-10,8-18,8-3","10-10,11-10,18-5,19-3,2-13",0.7916666666666666,0.2,0.38,0.25,0.6080909090909091,0.94,0.5858333333333333,0.2,0.06000000000000005
10,"10-10,11-10,18-5,19-3,2-13","2-5,3-8,4-10,8-18,8-3",0.8083333333333333,0.25,0.38,0.2,0.6559090909090909,0.81,0.5941666666666667,0.2,0.18999999999999995
10,"10-10,11-10,18-5,19-3,2-5","2-13,3-8,4-10,8-18,8-3",0.8,0.25,0.42,0.2,0.6256818181818182,0.88,0.61,0.2,0.12
10,"10-10,11-10,18-5,19-3,3-8","2-13,2-5,4-10,8-18,8-3",0.8083333333333333,0.25,0.39,0.2,0.7149545454545455,0.84,0.5991666666666666,0.2,0.16000000000000003
10,"10-10,11-10,18-5,19-3,4-10","2-13,2-5,3-8,8-18,8-3",0.7916666666666666,0.15,0.42,0.2,0.6686818181818182,0.87,0.6058333333333333,0.15,0.13
10,"10-10,11-10,18-5,19-3,8-18","2-13,2-5,3-8,4-10,8-3",0.8,0.25,0.41,0.2,0.6418181818181818,0.88,0.605,0.2,0.12
10,"10-10,11-10,18-5,19-3,8-3","2-13,2-5,3-8,4-10,8-18",0.7,0.15,0.52,0.2,0.695590909090909,0.83,0.61,0.15,0.17000000000000004
10,"10-10,11-10,18-5,2-13,2-5","19-3,3-8,4-10,8-18,8-3",0.8083333333333333,0.25,0.41,0.3,0.6264545454545455,0.88,0.6091666666666666,0.25,0.12
10,"10-10,11-10,18-5,2-13,3-8","19-3,2-5,4-10,8-18,8-3",0.8166666666666667,0.25,0.4,0.3,0.7204090909090909,0.83,0.6083333333333334,0.25,0.17000000000000004
10,"10-10,11-10,18-5,2-13,4-10","19-3,2-5,3-8,8-18,8-3",0.7916666666666666,0.15,0.4,0.3,0.6725909090909091,0.85,0.5958333333333333,0.15,0.15000000000000002
10,"10-10,11-10,18-5,2-13,8-18","19-3,2-5,3-8,4-10,8-3",0.8083333333333333,0.25,0.4,0.3,0.6421363636363636,0.88,0.6041666666666667,0.25,0.12
10,"10-10,11-10,18-5,2-13,8-3","19-3,2-5,3-8,4-10,8-18",0.7083333333333334,0.2,0.5,0.3,0.6726818181818182,0.83,0.6041666666666667,0.2,0.17000000000000004
10,"10-10,11-10,18-5,2-5,3-8","19-3,2-13,4-10,8-18,8-3",0.8083333333333333,0.25,0.42,0.3,0.6878636363636363,0.88,0.6141666666666666,0.25,0.12
10,"10-10,11-10,18-5,2-5,4-10","19-3,2-13,3-8,8-18,8-3",0.7833333333333333,0.15,0.44,0.35,0.6406363636363637,0.91,0.6116666666666667,0.15,0.08999999999999997
10,"10-10,11-10,18-5,2-5,8-18","19-3,2-13,3-8,4-10,8-3",0.8083333333333333,0.25,0.44,0.3,0.6123636363636363,0.93,0.6241666666666666,0.25,0.06999999999999995
10,"10-10,11-10,18-5,2-5,8-3","19-3,2-13,3-8,4-10,8-18",0.7,0.2,0.54,0.35,0.6493181818181818,0.89,0.62,0.2,0.10999999999999999
10,"10-10,11-10,18-5,3-8,4-10","19-3,2-13,2-5,8-18,8-3",0.7916666666666666,0.15,0.41,0.3,0.7315454545454545,0.86,0.6008333333333333,0.15,0.14
10,"10-10,11-10,18-5,3-8,8-18","19-3,2-13,2-5,4-10,8-3",0.8083333333333333,0.25,0.41,0.3,0.7027727272727273,0.88,0.6091666666666666,0.25,0.12
10,"10-10,11-10,18-5,3-8,8-3","19-3,2-13,2-5,4-10,8-18",0.7083333333333334,0.2,0.51,0.3,0.73,0.86,0.6091666666666666,0.2,0.14
10,"10-10,11-10,18-5,4-10,8-18","19-3,2-13,2-5,3-8,8-3",0.7833333333333333,0.15,0.43,0.3,0.6570909090909091,0.9,0.6066666666666667,0.15,0.09999999999999998
10,"10-10,11-10,18-5,4-10,8-3","19-3,2-13,2-5,3-8,8-18",0.6833333333333333,0.15,0.54,0.35,0.6780909090909091,0.87,0.6116666666666667,0.15,0.13
10,"10-10,11-10,18-5,8-18,8-3","19-3,2-13,2-5,3-8,4-10",0.7,0.2,0.53,0.3,0.658,0.89,0.615,0.2,0.10999999999999999
10,"10-10,11-10,19-3,2-13,2-5","18-5,3-8,4-10,8-18,8-3",0.8,0.25,0.39,0.2,0.5841818181818181,0.85,0.595,0.2,0.15000000000000002
10,"10-10,11-10,19-3,2-13,3-8","18-5,2-5,4-10,8-18,8-3",0.8083333333333333,0.25,0.38,0.2,0.6765454545454546,0.8,0.5941666666666667,0.2,0.19999999999999996
10,"10-10,11-10,19-3,2-13,4-10","18-5,2-5,3-8,8-18,8-3",0.7916666666666666,0.15,0.38,0.2,0.6285909090909091,0.81,0.5858333333333333,0.15,0.18999999999999995
10,"10-10,11-10,19-3,2-13,8-18","18-5,2-5,3-8,4-10,8-3",0.8,0.25,0.38,0.2,0.6000454545454545,0.85,0.5900000000000001,0.2,0.15000000000000002
10,"10-10,11-10,19-3,2-13,8-3","18-5,2-5,3-8,4-10,8-18",0.7,0.15,0.48,0.2,0.6551363636363636,0.79,0.59,0.15,0.20999999999999996
10,"10-10,11-10,19-3,2-5,3-8","18-5,2-13,4-10,8-18,8-3",0.8,0.25,0.4,0.2,0.6431818181818182,0.84,0.6000000000000001,0.2,0.16000000000000003
10,"10-10,11-10,19-3,2-5,4-10","18-5,2-13,3-8,8-18,8-3",0.7833333333333333,0.15,0.42,0.2,0.5981818181818181,0.85,0.6016666666666667,0.15,0.15000000000000002
10,"10-10,11-10,19-3,2-5,8-18","18-5,2-13,3-8,4-10,8-3",0.8,0.25,0.42,0.2,0.5716363636363636,0.89,0.61,0.2,0.10999999999999999
10,"10-10,11-10,19-3,2-5,8-3","18-5,2-13,3-8,4-10,8-18",0.6916666666666667,0.15,0.52,0.2,0.6325,0.83,0.6058333333333333,0.15,0.17000000000000004
10,"10-10,11-10,19-3,3-8,4-10","18-5,2-13,2-5,8-18,8-3",0.7916666666666666,0.15,0.39,0.2,0.6852272727272727,0.81,0.5908333333333333,0.15,0.18999999999999995
10,"10-10,11-10,19-3,3-8,8-18","18-5,2-13,2-5,4-10,8-3",0.8,0.25,0.39,0.2,0.6582272727272728,0.85,0.595,0.2,0.15000000000000002
10,"10-10,11-10,19-3,3-8,8-3","18-5,2-13,2-5,4-10,8-18",0.7,0.15,0.49,0.2,0.711,0.79,0.595,0.15,0.20999999999999996
10,"10-10,11-10,19-3,4-10,8-18","18-5,2-13,2-5,3-8,8-3",0.7833333333333333,0.15,0.41,0.2,0.6143181818181818,0.85,0.5966666666666667,0.15,0.15000000000000002
10,"10-10,11-10,19-3,4-10,8-3","18-5,2-13,2-5,3-8,8-18",0.6833333333333333,0.15,0.51,0.2,0.6616818181818181,0.79,0.5966666666666667,0.15,0.20999999999999996
10,"10-10,11-10,19-3,8-18,8-3","18-5,2-13,2-5,3-8,4-10",0.6916666666666667,0.15,0.51,0.2,0.6412272727272728,0.83,0.6008333333333333,0.15,0.17000000000000004
10,"10-10,11-10,2-13,2-5,3-8","18-5,19-3,4-10,8-18,8-3",0.8083333333333333,0.25,0.41,0.3,0.6486363636363637,0.84,0.6091666666666666,0.25,0.16000000000000003
10,"10-10,11-10,2-13,2-5,4-10","18-5,19-3,3-8,8-18,8-3",0.7833333333333333,0.15,0.41,0.3,0.5997272727272728,0.87,0.5966666666666667,0.15,0.13
10,"10-10,11-10,2-13,2-5,8-18","18-5,19-3,3-8,4-10,8-3",0.8083333333333333,0.25,0.41,0.3,0.5698636363636363,0.9,0.6091666666666666,0.25,0.09999999999999998
10,"10-10,11-10,2-13,2-5,8-3","18-5,19-3,3-8,4-10,8-18",0.7,0.2,0.51,0.3,0.6080909090909091,0.84,0.605,0.2,0.16000000000000003
10,"10-10,11-10,2-13,3-8,4-10","18-5,19-3,2-5,8-18,8-3",0.7916666666666666,0.15,0.4,0.3,0.6929545454545455,0.81,0.5958333333333333,0.15,0.18999999999999995
10,"10-10,11-10,2-13,3-8,8-18","18-5,19-3,2-5,4-10,8-3",0.8083333333333333,0.25,0.4,0.3,0.6635,0.85,0.6041666666666667,0.25,0.15000000000000002
10,"10-10,11-10,2-13,3-8,8-3","18-5,19-3,2-5,4-10,8-18",0.7083333333333334,0.2,0.5,0.3,0.6918636363636363,0.79,0.6041666666666667,0.2,0.20999999999999996
10,"10-10,11-10,2-13,4-10,8-18","18-5,19-3,2-5,3-8,8-3",0.7833333333333333,0.15,0.4,0.3,0.6158636363636364,0.86,0.5916666666666667,0.15,0.14
10,"10-10,11-10,2-13,4-10,8-3","18-5,19-3,2-5,3-8,8-18",0.6833333333333333,0.15,0.5,0.3,0.6383181818181818,0.8,0.5916666666666667,0.15,0.19999999999999996
10,"10-10,11-10,2-13,8-18,8-3","18-5,19-3,2-5,3-8,4-10",0.7,0.2,0.5,0.3,0.6165909090909091,0.84,0.6,0.2,0.16000000000000003
10,"10-10,11-10,2-5,3-8,4-10","18-5,19-3,2-13,8-18,8-3",0.7833333333333333,0.15,0.42,0.3,0.6583181818181818,0.85,0.6016666666666667,0.15,0.15000000000000002
10,"10-10,11-10,2-5,3-8,8-18","18-5,19-3,2-13,4-10,8-3",0.8083333333333333,0.25,0.42,0.3,0.6295909090909091,0.89,0.6141666666666666,0.25,0.10999999999999999
10,"10-10,11-10,2-5,3-8,8-3","18-5,19-3,2-13,4-10,8-18",0.7,0.2,0.52,0.3,0.6656818181818182,0.83,0.61,0.2,0.17000000000000004
10,"10-10,11-10,2-5,4-10,8-18","18-5,19-3,2-13,3-8,8-3",0.7833333333333333,0.15,0.44,0.3,0.5855,0.9,0.6116666666666667,0.15,0.09999999999999998
10,"10-10,11-10,2-5,4-10,8-3","18-5,19-3,2-13,3-8,8-18",0.675,0.15,0.54,0.35,0.6150454545454546,0.84,0.6075,0.15,0.16000000000000003
10,"10-10,11-10,2-5,8-18,8-3","18-5,19-3,2-13,3-8,4-10",0.7,0.2,0.54,0.3,0.5945909090909091,0.88,0.62,0.2,0.12
10,"10-10,11-10,3-8,4-10,8-18","18-5,19-3,2-13,2-5,8-3",0.7833333333333333,0.15,0.41,0.3,0.6737272727272727,0.86,0.5966666666666667,0.15,0.14
10,"10-10,11-10,3-8,4-10,8-3","18-5,19-3,2-13,2-5,8-18",0.6833333333333333,0.15,0.51,0.3,0.693590909090909,0.8,0.5966666666666667,0.15,0.19999999999999996
10,"10-10,11-10,3-8,8-18,8-3","18-5,19-3,2-13,2-5,4-10",0.7,0.2,0.51,0.3,0.673409090909091,0.84,0.605,0.2,0.16000000000000003
10,"10-10,11-10,4-10,8-18,8-3","18-5,19-3,2-13,2-5,3-8",0.675,0.15,0.53,0.3,0.6231363636363636,0.84,0.6025,0.15,0.16000000000000003
10,"10-10,18-5,19-3,2-13,2-5","11-10,3-8,4-10,8-18,8-3",0.8,0.25,0.44,0.2,0.5433636363636364,0.9,0.62,0.2,0.09999999999999998
10,"10-10,18-5,19-3,2-13,3-8","11-10,2-5,4-10,8-18,8-3",0.8083333333333333,0.25,0.43,0.2,0.6361363636363636,0.85,0.6191666666666666,0.2,0.15000000000000002
10,"10-10,18-5,19-3,2-13,4-10","11-10,2-5,3-8,8-18,8-3",0.7916666666666666,0.15,0.43,0.2,0.5891818181818181,0.87,0.6108333333333333,0.15,0.13
10,"10-10,18-5,19-3,2-13,8-18","11-10,2-5,3-8,4-10,8-3",0.8,0.25,0.43,0.2,0.5595454545454546,0.9,0.615,0.2,0.09999999999999998
10,"10-10,18-5,19-3,2-13,8-3","11-10,2-5,3-8,4-10,8-18",0.7,0.15,0.53,0.2,0.6198181818181818,0.85,0.615,0.15,0.15000000000000002
10,"10-10,18-5,19-3,2-5,3-8","11-10,2-13,4-10,8-18,8-3",0.8,0.25,0.4,0.2,0.6126363636363636,0.88,0.6000000000000001,0.2,0.12
10,"10-10,18-5,19-3,2-5,4-10","11-10,2-13,3-8,8-18,8-3",0.7833333333333333,0.15,0.42,0.2,0.5672727272727273,0.93,0.6016666666666667,0.15,0.06999999999999995
10,"10-10,18-5,19-3,2-5,8-18","11-10,2-13,3-8,4-10,8-3",0.8,0.25,0.42,0.2,0.5399545454545455,0.93,0.61,0.2,0.06999999999999995
10,"10-10,18-5,19-3,2-5,8-3","11-10,2-13,3-8,4-10,8-18",0.6916666666666667,0.15,0.52,0.2,0.6077727272727272,0.9,0.6058333333333333,0.15,0.09999999999999998
10,"10-10,18-5,19-3,3-8,4-10","11-10,2-13,2-5,8-18,8-3",0.7916666666666666,0.15,0.39,0.2,0.6554545454545454,0.88,0.5908333333333333,0.15,0.12
10,"10-10,18-5,19-3,3-8,8-18","11-10,2-13,2-5,4-10,8-3",0.8,0.25,0.39,0.2,0.6280454545454546,0.89,0.595,0.2,0.10999999999999999
10,"10-10,18-5,19-3,3-8,8-3","11-10,2-13,2-5,4-10,8-18",0.7,0.15,0.49,0.2,0.6841818181818182,0.86,0.595,0.15,0.14
10,"10-10,18-5,19-3,4-10,8-18","11-10,2-13,2-5,3-8,8-3",0.7833333333333333,0.15,0.41,0.2,0.5843636363636364,0.92,0.5966666666666667,0.15,0.07999999999999996
10,"10-10,18-5,19-3,4-10,8-3","11-10,2-13,2-5,3-8,8-18",0.6833333333333333,0.15,0.52,0.2,0.6373181818181818,0.89,0.6016666666666667,0.15,0.10999999999999999
10,"10-10,18-5,19-3,8-18,8-3","11-10,2-13,2-5,3-8,4-10",0.6916666666666667,0.15,0.51,0.2,0.6161818181818182,0.88,0.6008333333333333,0.15,0.12
10,"10-10,18-5,2-13,2-5,3-8","11-10,19-3,4-10,8-18,8-3",0.8083333333333333,0.25,0.46,0.3,0.6090454545454546,0.88,0.6341666666666667,0.25,0.12
10,"10-10,18-5,2-13,2-5,4-10","11-10,19-3,3-8,8-18,8-3",0.7833333333333333,0.15,0.46,0.35,0.5605,0.92,0.6216666666666667,0.15,0.07999999999999996
10,"10-10,18-5,2-13,2-5,8-18","11-10,19-3,3-8,4-10,8-3",0.8083333333333333,0.25,0.46,0.3,0.5295454545454545,0.94,0.6341666666666667,0.25,0.06000000000000005
10,"10-10,18-5,2-13,2-5,8-3","11-10,19-3,3-8,4-10,8-18",0.7,0.2,0.56,0.35,0.5705454545454546,0.91,0.63,0.2,0.08999999999999997
10,"10-10,18-5,2-13,3-8,4-10","11-10,19-3,2-5,8-18,8-3",0.7916666666666666,0.15,0.45,0.3,0.6540909090909091,0.87,0.6208333333333333,0.15,0.13
10,"10-10,18-5,2-13,3-8,8-18","11-10,19-3,2-5,4-10,8-3",0.8083333333333333,0.25,0.45,0.3,0.6239545454545454,0.89,0.6291666666666667,0.25,0.10999999999999999
10,"10-10,18-5,2-13,3-8,8-3","11-10,19-3,2-5,4-10,8-18",0.7083333333333334,0.2,0.55,0.3,0.6512272727272728,0.87,0.6291666666666667,0.2,0.13
10,"10-10,18-5,2-13,4-10,8-18","11-10,19-3,2-5,3-8,8-3",0.7833333333333333,0.15,0.45,0.3,0.5769545454545455,0.91,0.6166666666666667,0.15,0.08999999999999997
10,"10-10,18-5,2-13,4-10,8-3","11-10,19-3,2-5,3-8,8-18",0.6833333333333333,0.15,0.55,0.35,0.6007727272727272,0.88,0.6166666666666667,0.15,0.12
10,"10-10,18-5,2-13,8-18,8-3","11-10,19-3,2-5,3-8,4-10",0.7,0.2,0.55,0.3,0.578,0.89,0.625,0.2,0.10999999999999999
10,"10-10,18-5,2-5,3-8,4-10","11-10,19-3,2-13,8-18,8-3",0.7833333333333333,0.15,0.42,0.3,0.6295454545454545,0.91,0.6016666666666667,0.15,0.08999999999999997
10,"10-10,18-5,2-5,3-8,8-18","11-10,19-3,2-13,4-10,8-3",0.8083333333333333,0.25,0.42,0.3,0.6004545454545455,0.93,0.6141666666666666,0.25,0.06999999999999995
10,"10-10,18-5,2-5,3-8,8-3","11-10,19-3,2-13,4-10,8-18",0.7,0.2,0.52,0.3,0.6370454545454546,0.9,0.61,0.2,0.09999999999999998
10,"10-10,18-5,2-5,4-10,8-18","11-10,19-3,2-13,3-8,8-3",0.7833333333333333,0.15,0.44,0.3,0.5558181818181818,0.96,0.6116666666666667,0.15,0.040000000000000036
10,"10-10,18-5,2-5,4-10,8-3","11-10,19-3,2-13,3-8,8-18",0.675,0.15,0.54,0.35,0.5884090909090909,0.93,0.6075,0.15,0.06999999999999995
10,"10-10,18-5,2-5,8-18,8-3","11-10,19-3,2-13,3-8,4-10",0.7,0.2,0.54,0.3,0.5672272727272727,0.94,0.62,0.2,0.06000000000000005
10,"10-10,18-5,3-8,4-10,8-18","11-10,19-3,2-13,2-5,8-3",0.7833333333333333,0.15,0.41,0.3,0.6453181818181818,0.91,0.5966666666666667,0.15,0.08999999999999997
10,"10-10,18-5,3-8,4-10,8-3","11-10,19-3,2-13,2-5,8-18",0.6833333333333333,0.15,0.51,0.3,0.6646818181818182,0.88,0.5966666666666667,0.15,0.12
10,"10-10,18-5,3-8,8-18,8-3","11-10,19-3,2-13,2-5,4-10",0.7,0.2,0.51,0.3,0.6441818181818182,0.91,0.605,0.2,0.08999999999999997
10,"10-10,18-5,4-10,8-18,8-3","11-10,19-3,2-13,2-5,3-8",0.675,0.15,0.53,0.3,0.5962727272727273,0.92,0.6025,0.15,0.07999999999999996
10,"10-10,19-3,2-13,2-5,3-8","11-10,18-5,4-10,8-18,8-3",0.8,0.25,0.44,0.2,0.5666818181818182,0.86,0.62,0.2,0.14
10,"10-10,19-3,2-13,2-5,4-10","11-10,18-5,3-8,8-18,8-3",0.7833333333333333,0.15,0.44,0.2,0.5205,0.89,0.6116666666666667,0.15,0.10999999999999999
10,"10-10,19-3,2-13,2-5,8-18","11-10,18-5,3-8,4-10,8-3",0.8,0.25,0.44,0.2,0.49104545454545456,0.92,0.62,0.2,0.07999999999999996
10,"10-10,19-3,2-13,2-5,8-3","11-10,18-5,3-8,4-10,8-18",0.6916666666666667,0.15,0.54,0.2,0.5598181818181818,0.86,0.6158333333333333,0.15,0.14
10,"10-10,19-3,2-13,3-8,4-10","11-10,18-5,2-5,8-18,8-3",0.7916666666666666,0.15,0.43,0.2,0.6102727272727273,0.83,0.6108333333333333,0.15,0.17000000000000004
10,"10-10,19-3,2-13,3-8,8-18","11-10,18-5,2-5,4-10,8-3",0.8,0.25,0.43,0.2,0.5817272727272728,0.87,0.615,0.2,0.13
10,"10-10,19-3,2-13,3-8,8-3","11-10,18-5,2-5,4-10,8-18",0.7,0.15,0.53,0.2,0.6383636363636364,0.81,0.615,0.15,0.18999999999999995
10,"10-10,19-3,2-13,4-10,8-18","11-10,18-5,2-5,3-8,8-3",0.7833333333333333,0.15,0.43,0.2,0.5371818181818182,0.88,0.6066666666666667,0.15,0.12
10,"10-10,19-3,2-13,4-10,8-3","11-10,18-5,2-5,3-8,8-18",0.6833333333333333,0.15,0.53,0.2,0.5908181818181818,0.82,0.6066666666666667,0.15,0.18000000000000005
10,"10-10,19-3,2-13,8-18,8-3","11-10,18-5,2-5,3-8,4-10",0.6916666666666667,0.15,0.53,0.2,0.5674090909090909,0.86,0.6108333333333333,0.15,0.14
10,"10-10,19-3,2-5,3-8,4-10","11-10,18-5,2-13,8-18,8-3",0.7833333333333333,0.15,0.4,0.2,0.5873636363636363,0.87,0.5916666666666667,0.15,0.13
10,"10-10,19-3,2-5,3-8,8-18","11-10,18-5,2-13,4-10,8-3",0.8,0.25,0.4,0.2,0.5602272727272727,0.91,0.6000000000000001,0.2,0.08999999999999997
10,"10-10,19-3,2-5,3-8,8-3","11-10,18-5,2-13,4-10,8-18",0.6916666666666667,0.15,0.5,0.2,0.6258636363636364,0.85,0.5958333333333333,0.15,0.15000000000000002
10,"10-10,19-3,2-5,4-10,8-18","11-10,18-5,2-13,3-8,8-3",0.7833333333333333,0.15,0.39,0.2,0.5285,0.92,0.5866666666666667,0.15,0.07999999999999996
10,"10-10,19-3,2-5,4-10,8-3","11-10,18-5,2-13,3-8,8-18",0.675,0.15,0.49,0.2,0.5881363636363637,0.87,0.5825,0.15,0.13
10,"10-10,19-3,2-5,8-18,8-3","11-10,18-5,2-13,3-8,4-10",0.6916666666666667,0.15,0.49,0.2,0.5666818181818182,0.9,0.5908333333333333,0.15,0.09999999999999998
10,"10-10,19-3,3-8,4-10,8-18","11-10,18-5,2-13,2-5,8-3",0.7833333333333333,0.15,0.39,0.2,0.6033181818181819,0.89,0.5866666666666667,0.15,0.10999999999999999
10,"10-10,19-3,3-8,4-10,8-3","11-10,18-5,2-13,2-5,8-18",0.6833333333333333,0.15,0.49,0.2,0.6538181818181819,0.84,0.5866666666666667,0.15,0.16000000000000003
10,"10-10,19-3,3-8,8-18,8-3","11-10,18-5,2-13,2-5,4-10",0.6916666666666667,0.15,0.49,0.2,0.6330454545454546,0.86,0.5908333333333333,0.15,0.14
10,"10-10,19-3,4-10,8-18,8-3","11-10,18-5,2-13,2-5,3-8",0.675,0.15,0.48,0.2,0.5957727272727272,0.87,0.5775,0.15,0.13
10,"10-10,2-13,2-5,3-8,4-10","11-10,18-5,19-3,8-18,8-3",0.7833333333333333,0.15,0.46,0.35,0.5833181818181818,0.87,0.6216666666666667,0.15,0.13
10,"10-10,2-13,2-5,3-8,8-18","11-10,18-5,19-3,4-10,8-3",0.8083333333333333,0.25,0.46,0.3,0.5531818181818182,0.91,0.6341666666666667,0.25,0.08999999999999997
10,"10-10,2-13,2-5,3-8,8-3","11-10,18-5,19-3,4-10,8-18",0.7,0.2,0.56,0.35,0.5910454545454545,0.85,0.63,0.2,0.15000000000000002
10,"10-10,2-13,2-5,4-10,8-18","11-10,18-5,19-3,3-8,8-3",0.7833333333333333,0.15,0.46,0.3,0.5073636363636363,0.94,0.6216666666666667,0.15,0.06000000000000005
10,"10-10,2-13,2-5,4-10,8-3","11-10,18-5,19-3,3-8,8-18",0.675,0.15,0.56,0.35,0.5415909090909091,0.88,0.6175,0.15,0.12
10,"10-10,2-13,2-5,8-18,8-3","11-10,18-5,19-3,3-8,4-10",0.7,0.2,0.56,0.3,0.5181818181818182,0.92,0.63,0.2,0.07999999999999996
10,"10-10,2-13,3-8,4-10,8-18","11-10,18-5,19-3,2-5,8-3",0.7833333333333333,0.15,0.45,0.3,0.5987272727272728,0.88,0.6166666666666667,0.15,0.12
10,"10-10,2-13,3-8,4-10,8-3","11-10,18-5,19-3,2-5,8-18",0.6833333333333333,0.15,0.55,0.35,0.6193636363636363,0.82,0.6166666666666667,0.15,0.18000000000000005
10,"10-10,2-13,3-8,8-18,8-3","11-10,18-5,19-3,2-5,4-10",0.7,0.2,0.55,0.3,0.5977272727272728,0.86,0.625,0.2,0.14
10,"10-10,2-13,4-10,8-18,8-3","11-10,18-5,19-3,2-5,3-8",0.675,0.15,0.55,0.3,0.5485454545454546,0.88,0.6125,0.15,0.12
10,"10-10,2-5,3-8,4-10,8-18","11-10,18-5,19-3,2-13,8-3",0.7833333333333333,0.15,0.42,0.3,0.5760909090909091,0.92,0.6016666666666667,0.15,0.07999999999999996
10,"10-10,2-5,3-8,4-10,8-3","11-10,18-5,19-3,2-13,8-18",0.675,0.15,0.52,0.35,0.6066363636363636,0.86,0.5975,0.15,0.14
10,"10-10,2-5,3-8,8-18,8-3","11-10,18-5,19-3,2-13,4-10",0.7,0.2,0.52,0.3,0.5855,0.9,0.61,0.2,0.09999999999999998
10,"10-10,2-5,4-10,8-18,8-3","11-10,18-5,19-3,2-13,3-8",0.675,0.15,0.51,0.3,0.5474545454545454,0.91,0.5925,0.15,0.08999999999999997
10,"10-10,3-8,4-10,8-18,8-3","11-10,18-5,19-3,2-13,2-5",0.675,0.15,0.51,0.3,0.6132727272727273,0.88,0.5925,0.15,0.12
10,"11-10,18-5,19-3,2-13,2-5","10-10,3-8,4-10,8-18,8-3",0.9166666666666666,0.8,0.29,0.2,0.6328181818181818,0.84,0.6033333333333333,0.2,0.16000000000000003
10,"11-10,18-5,19-3,2-13,3-8","10-10,2-5,4-10,8-18,8-3",0.925,0.8,0.28,0.2,0.7286363636363636,0.77,0.6025,0.2,0.22999999999999998
10,"11-10,18-5,19-3,2-13,4-10","10-10,2-5,3-8,8-18,8-3",0.8916666666666667,0.75,0.29,0.2,0.6645909090909091,0.8,0.5908333333333333,0.2,0.19999999999999996
10,"11-10,18-5,19-3,2-13,8-18","10-10,2-5,3-8,4-10,8-3",0.9166666666666666,0.8,0.28,0.2,0.6495909090909091,0.83,0.5983333333333334,0.2,0.17000000000000004
10,"11-10,18-5,19-3,2-13,8-3","10-10,2-5,3-8,4-10,8-18",0.8166666666666667,0.15,0.38,0.2,0.7149090909090909,0.76,0.5983333333333334,0.15,0.24
10,"11-10,18-5,19-3,2-5,3-8","10-10,2-13,4-10,8-18,8-3",0.9166666666666666,0.8,0.3,0.2,0.6949545454545455,0.83,0.6083333333333333,0.2,0.17000000000000004
10,"11-10,18-5,19-3,2-5,4-10","10-10,2-13,3-8,8-18,8-3",0.8833333333333333,0.75,0.33,0.2,0.6316363636363637,0.89,0.6066666666666667,0.2,0.10999999999999999
10,"11-10,18-5,19-3,2-5,8-18","10-10,2-13,3-8,4-10,8-3",0.9166666666666666,0.8,0.32,0.2,0.6187727272727273,0.89,0.6183333333333333,0.2,0.10999999999999999
10,"11-10,18-5,19-3,2-5,8-3","10-10,2-13,3-8,4-10,8-18",0.8083333333333333,0.15,0.42,0.2,0.6919545454545455,0.83,0.6141666666666666,0.15,0.17000000000000004
10,"11-10,18-5,19-3,3-8,4-10","10-10,2-13,2-5,8-18,8-3",0.8916666666666667,0.75,0.3,0.2,0.7241363636363637,0.85,0.5958333333333333,0.2,0.15000000000000002
10,"11-10,18-5,19-3,3-8,8-18","10-10,2-13,2-5,4-10,8-3",0.9166666666666666,0.8,0.29,0.2,0.7109545454545455,0.84,0.6033333333333333,0.2,0.16000000000000003
10,"11-10,18-5,19-3,3-8,8-3","10-10,2-13,2-5,4-10,8-18",0.8166666666666667,0.15,0.39,0.2,0.7732272727272728,0.77,0.6033333333333333,0.15,0.22999999999999998
10,"11-10,18-5,19-3,4-10,8-18","10-10,2-13,2-5,3-8,8-3",0.8833333333333333,0.75,0.32,0.2,0.6494545454545455,0.89,0.6016666666666667,0.2,0.10999999999999999
10,"11-10,18-5,19-3,4-10,8-3","10-10,2-13,2-5,3-8,8-18",0.7833333333333333,0.15,0.43,0.2,0.7031363636363637,0.84,0.6066666666666667,0.15,0.16000000000000003
10,"11-10,18-5,19-3,8-18,8-3","10-10,2-13,2-5,3-8,4-10",0.8083333333333333,0.15,0.41,0.2,0.6999090909090909,0.83,0.6091666666666666,0.15,0.17000000000000004
10,"11-10,18-5,2-13,2-5,3-8","10-10,19-3,4-10,8-18,8-3",0.925,0.85,0.31,0.3,0.7016818181818182,0.83,0.6175,0.3,0.17000000000000004
10,"11-10,18-5,2-13,2-5,4-10","10-10,19-3,3-8,8-18,8-3",0.8833333333333333,0.75,0.32,0.3,0.6363636363636364,0.88,0.6016666666666667,0.3,0.12
10,"11-10,18-5,2-13,2-5,8-18","10-10,19-3,3-8,4-10,8-3",0.925,0.85,0.31,0.3,0.6199545454545454,0.9,0.6175,0.3,0.09999999999999998
10,"11-10,18-5,2-13,2-5,8-3","10-10,19-3,3-8,4-10,8-18",0.8166666666666667,0.2,0.41,0.3,0.6630454545454545,0.84,0.6133333333333333,0.2,0.16000000000000003
10,"11-10,18-5,2-13,3-8,4-10","10-10,19-3,2-5,8-18,8-3",0.8916666666666667,0.75,0.31,0.3,0.7331818181818182,0.82,0.6008333333333333,0.3,0.18000000000000005
10,"11-10,18-5,2-13,3-8,8-18","10-10,19-3,2-5,4-10,8-3",0.925,0.85,0.3,0.3,0.7172727272727273,0.84,0.6125,0.3,0.16000000000000003
10,"11-10,18-5,2-13,3-8,8-3","10-10,19-3,2-5,4-10,8-18",0.825,0.2,0.4,0.3,0.7476818181818182,0.77,0.6125,0.2,0.22999999999999998
10,"11-10,18-5,2-13,4-10,8-18","10-10,19-3,2-5,3-8,8-3",0.8833333333333333,0.75,0.31,0.3,0.6535909090909091,0.88,0.5966666666666667,0.3,0.12
10,"11-10,18-5,2-13,4-10,8-3","10-10,19-3,2-5,3-8,8-18",0.7833333333333333,0.15,0.41,0.3,0.675,0.82,0.5966666666666667,0.15,0.18000000000000005
10,"11-10,18-5,2-13,8-18,8-3","10-10,19-3,2-5,3-8,4-10",0.8166666666666667,0.2,0.4,0.3,0.6702272727272728,0.83,0.6083333333333334,0.2,0.17000000000000004
10,"11-10,18-5,2-5,3-8,4-10","10-10,19-3,2-13,8-18,8-3",0.8833333333333333,0.75,0.33,0.3,0.6983636363636364,0.86,0.6066666666666667,0.3,0.14
10,"11-10,18-5,2-5,3-8,8-18","10-10,19-3,2-13,4-10,8-3",0.925,0.85,0.32,0.3,0.6834090909090909,0.88,0.6225,0.3,0.12
10,"11-10,18-5,2-5,3-8,8-3","10-10,19-3,2-13,4-10,8-18",0.8166666666666667,0.2,0.42,0.3,0.7235,0.82,0.6183333333333333,0.2,0.18000000000000005
10,"11-10,18-5,2-5,4-10,8-18","10-10,19-3,2-13,3-8,8-3",0.8833333333333333,0.75,0.35,0.3,0.6211818181818182,0.93,0.6166666666666667,0.3,0.06999999999999995
10,"11-10,18-5,2-5,4-10,8-3","10-10,19-3,2-13,3-8,8-18",0.775,0.15,0.45,0.35,0.6516818181818181,0.9,0.6125,0.15,0.09999999999999998
10,"11-10,18-5,2-5,8-18,8-3","10-10,19-3,2-13,3-8,4-10",0.8166666666666667,0.2,0.44,0.3,0.6483181818181818,0.91,0.6283333333333333,0.2,0.08999999999999997
10,"11-10,18-5,3-8,4-10,8-18","10-10,19-3,2-13,2-5,8-3",0.8833333333333333,0.75,0.32,0.3,0.7149090909090909,0.89,0.6016666666666667,0.3,0.10999999999999999
10,"11-10,18-5,3-8,4-10,8-3","10-10,19-3,2-13,2-5,8-18",0.7833333333333333,0.15,0.42,0.3,0.732909090909091,0.86,0.6016666666666667,0.15,0.14
10,"11-10,18-5,3-8,8-18,8-3","10-10,19-3,2-13,2-5,4-10",0.8166666666666667,0.2,0.41,0.3,0.73,0.87,0.6133333333333333,0.2,0.13
10,"11-10,18-5,4-10,8-18,8-3","10-10,19-3,2-13,2-5,3-8",0.775,0.15,0.44,0.3,0.6592727272727272,0.88,0.6075,0.15,0.12
10,"11-10,19-3,2-13,2-5,3-8","10-10,18-5,4-10,8-18,8-3",0.9166666666666666,0.8,0.29,0.2,0.6559090909090909,0.81,0.6033333333333333,0.2,0.18999999999999995
10,"11-10,19-3,2-13,2-5,4-10","10-10,18-5,3-8,8-18,8-3",0.8833333333333333,0.75,0.3,0.2,0.5908181818181818,0.84,0.5916666666666667,0.2,0.16000000000000003
10,"11-10,19-3,2-13,2-5,8-18","10-10,18-5,3-8,4-10,8-3",0.9166666666666666,0.8,0.29,0.2,0.5762272727272727,0.87,0.6033333333333333,0.2,0.13
10,"11-10,19-3,2-13,2-5,8-3","10-10,18-5,3-8,4-10,8-18",0.8083333333333333,0.15,0.39,0.2,0.6507272727272727,0.81,0.5991666666666666,0.15,0.18999999999999995
10,"11-10,19-3,2-13,3-8,4-10","10-10,18-5,2-5,8-18,8-3",0.8916666666666667,0.75,0.29,0.2,0.6859090909090909,0.78,0.5908333333333333,0.2,0.21999999999999997
10,"11-10,19-3,2-13,3-8,8-18","10-10,18-5,2-5,4-10,8-3",0.9166666666666666,0.8,0.28,0.2,0.6716818181818182,0.81,0.5983333333333334,0.2,0.18999999999999995
10,"11-10,19-3,2-13,3-8,8-3","10-10,18-5,2-5,4-10,8-18",0.8166666666666667,0.15,0.38,0.2,0.7347272727272727,0.75,0.5983333333333334,0.15,0.25
10,"11-10,19-3,2-13,4-10,8-18","10-10,18-5,2-5,3-8,8-3",0.8833333333333333,0.75,0.29,0.2,0.6082272727272727,0.83,0.5866666666666667,0.2,0.17000000000000004
10,"11-10,19-3,2-13,4-10,8-3","10-10,18-5,2-5,3-8,8-18",0.7833333333333333,0.15,0.39,0.2,0.663409090909091,0.77,0.5866666666666667,0.15,0.22999999999999998
10,"11-10,19-3,2-13,8-18,8-3","10-10,18-5,2-5,3-8,4-10",0.8083333333333333,0.15,0.38,0.2,0.6583181818181818,0.8,0.5941666666666667,0.15,0.19999999999999996
10,"11-10,19-3,2-5,3-8,4-10","10-10,18-5,2-13,8-18,8-3",0.8833333333333333,0.75,0.31,0.2,0.6503181818181818,0.83,0.5966666666666667,0.2,0.17000000000000004
10,"11-10,19-3,2-5,3-8,8-18","10-10,18-5,2-13,4-10,8-3",0.9166666666666666,0.8,0.3,0.2,0.6372272727272728,0.86,0.6083333333333333,0.2,0.14
10,"11-10,19-3,2-5,3-8,8-3","10-10,18-5,2-13,4-10,8-18",0.8083333333333333,0.15,0.4,0.2,0.7097272727272728,0.8,0.6041666666666667,0.15,0.19999999999999996
10,"11-10,19-3,2-5,4-10,8-18","10-10,18-5,2-13,3-8,8-3",0.8833333333333333,0.75,0.33,0.2,0.5771818181818181,0.89,0.6066666666666667,0.2,0.10999999999999999
10,"11-10,19-3,2-5,4-10,8-3","10-10,18-5,2-13,3-8,8-18",0.775,0.15,0.43,0.2,0.641,0.83,0.6025,0.15,0.17000000000000004
10,"11-10,19-3,2-5,8-18,8-3","10-10,18-5,2-13,3-8,4-10",0.8083333333333333,0.15,0.42,0.2,0.6370454545454546,0.86,0.6141666666666666,0.15,0.14
10,"11-10,19-3,3-8,4-10,8-18","10-10,18-5,2-13,2-5,8-3",0.8833333333333333,0.75,0.3,0.2,0.667,0.84,0.5916666666666667,0.2,0.16000000000000003
10,"11-10,19-3,3-8,4-10,8-3","10-10,18-5,2-13,2-5,8-18",0.7833333333333333,0.15,0.4,0.2,0.7197727272727272,0.77,0.5916666666666667,0.15,0.22999999999999998
10,"11-10,19-3,3-8,8-18,8-3","10-10,18-5,2-13,2-5,4-10",0.8083333333333333,0.15,0.39,0.2,0.7165,0.8,0.5991666666666666,0.15,0.19999999999999996
10,"11-10,19-3,4-10,8-18,8-3","10-10,18-5,2-13,2-5,3-8",0.775,0.15,0.42,0.2,0.6483636363636364,0.82,0.5975,0.15,0.18000000000000005
10,"11-10,2-13,2-5,3-8,4-10","10-10,18-5,19-3,8-18,8-3",0.8833333333333333,0.75,0.32,0.3,0.6592727272727272,0.83,0.6016666666666667,0.3,0.17000000000000004
10,"11-10,2-13,2-5,3-8,8-18","10-10,18-5,19-3,4-10,8-3",0.925,0.85,0.31,0.3,0.6433636363636364,0.86,0.6175,0.3,0.14
10,"11-10,2-13,2-5,3-8,8-3","10-10,18-5,19-3,4-10,8-18",0.8166666666666667,0.2,0.41,0.3,0.6844090909090909,0.8,0.6133333333333333,0.2,0.19999999999999996
10,"11-10,2-13,2-5,4-10,8-18","10-10,18-5,19-3,3-8,8-3",0.8833333333333333,0.75,0.32,0.3,0.5791818181818181,0.9,0.6016666666666667,0.3,0.09999999999999998
10,"11-10,2-13,2-5,4-10,8-3","10-10,18-5,19-3,3-8,8-18",0.775,0.15,0.42,0.3,0.6111818181818182,0.84,0.5975,0.15,0.16000000000000003
10,"11-10,2-13,2-5,8-18,8-3","10-10,18-5,19-3,3-8,4-10",0.8166666666666667,0.2,0.41,0.3,0.606,0.87,0.6133333333333333,0.2,0.13
10,"11-10,2-13,3-8,4-10,8-18","10-10,18-5,19-3,2-5,8-3",0.8833333333333333,0.75,0.31,0.3,0.6755909090909091,0.84,0.5966666666666667,0.3,0.16000000000000003
10,"11-10,2-13,3-8,4-10,8-3","10-10,18-5,19-3,2-5,8-18",0.7833333333333333,0.15,0.41,0.3,0.6949090909090909,0.77,0.5966666666666667,0.15,0.22999999999999998
10,"11-10,2-13,3-8,8-18,8-3","10-10,18-5,19-3,2-5,4-10",0.8166666666666667,0.2,0.4,0.3,0.6909545454545455,0.8,0.6083333333333334,0.2,0.19999999999999996
10,"11-10,2-13,4-10,8-18,8-3","10-10,18-5,19-3,2-5,3-8",0.775,0.15,0.41,0.3,0.6183181818181818,0.83,0.5925,0.15,0.17000000000000004
10,"11-10,2-5,3-8,4-10,8-18","10-10,18-5,19-3,2-13,8-3",0.8833333333333333,0.75,0.33,0.3,0.6396818181818181,0.89,0.6066666666666667,0.3,0.10999999999999999
10,"11-10,2-5,3-8,4-10,8-3","10-10,18-5,19-3,2-13,8-18",0.775,0.15,0.43,0.3,0.669409090909091,0.83,0.6025,0.15,0.17000000000000004
10,"11-10,2-5,3-8,8-18,8-3","10-10,18-5,19-3,2-13,4-10",0.8166666666666667,0.2,0.42,0.3,0.6656363636363636,0.86,0.6183333333333333,0.2,0.14
10,"11-10,2-5,4-10,8-18,8-3","10-10,18-5,19-3,2-13,3-8",0.775,0.15,0.45,0.3,0.5964545454545455,0.88,0.6125,0.15,0.12
10,"11-10,3-8,4-10,8-18,8-3","10-10,18-5,19-3,2-13,2-5",0.775,0.15,0.42,0.3,0.6758181818181819,0.84,0.5975,0.15,0.16000000000000003
10,"18-5,19-3,2-13,2-5,3-8","10-10,11-10,4-10,8-18,8-3",0.9166666666666666,0.8,0.34,0.2,0.6140454545454546,0.85,0.6283333333333333,0.2,0.15000000000000002
10,"18-5,19-3,2-13,2-5,4-10","10-10,11-10,3-8,8-18,8-3",0.8833333333333333,0.75,0.35,0.2,0.5487272727272727,0.91,0.6166666666666667,0.2,0.08999999999999997
10,"18-5,19-3,2-13,2-5,8-18","10-10,11-10,3-8,4-10,8-3",0.9166666666666666,0.8,0.34,0.2,0.5334545454545454,0.92,0.6283333333333333,0.2,0.07999999999999996
10,"18-5,19-3,2-13,2-5,8-3","10-10,11-10,3-8,4-10,8-18",0.8083333333333333,0.15,0.44,0.2,0.6145454545454545,0.86,0.6241666666666666,0.15,0.14
10,"18-5,19-3,2-13,3-8,4-10","10-10,11-10,2-5,8-18,8-3",0.8916666666666667,0.75,0.34,0.2,0.6444090909090909,0.86,0.6158333333333333,0.2,0.14
10,"18-5,19-3,2-13,3-8,8-18","10-10,11-10,2-5,4-10,8-3",0.9166666666666666,0.8,0.33,0.2,0.6299545454545454,0.86,0.6233333333333333,0.2,0.14
10,"18-5,19-3,2-13,3-8,8-3","10-10,11-10,2-5,4-10,8-18",0.8166666666666667,0.15,0.43,0.2,0.6957272727272727,0.79,0.6233333333333333,0.15,0.20999999999999996
10,"18-5,19-3,2-13,4-10,8-18","10-10,11-10,2-5,3-8,8-3",0.8833333333333333,0.75,0.34,0.2,0.5664545454545454,0.91,0.6116666666666667,0.2,0.08999999999999997
10,"18-5,19-3,2-13,4-10,8-3","10-10,11-10,2-5,3-8,8-18",0.7833333333333333,0.15,0.44,0.2,0.6268181818181818,0.86,0.6116666666666667,0.15,0.14
10,"18-5,19-3,2-13,8-18,8-3","10-10,11-10,2-5,3-8,4-10",0.8083333333333333,0.15,0.43,0.2,0.6211818181818182,0.85,0.6191666666666666,0.15,0.15000000000000002
10,"18-5,19-3,2-5,3-8,4-10","10-10,11-10,2-13,8-18,8-3",0.8833333333333333,0.75,0.31,0.2,0.6189545454545454,0.89,0.5966666666666667,0.2,0.10999999999999999
10,"18-5,19-3,2-5,3-8,8-18","10-10,11-10,2-13,4-10,8-3",0.9166666666666666,0.8,0.3,0.2,0.6058181818181818,0.9,0.6083333333333333,0.2,0.09999999999999998
10,"18-5,19-3,2-5,3-8,8-3","10-10,11-10,2-13,4-10,8-18",0.8083333333333333,0.15,0.4,0.2,0.6826363636363636,0.84,0.6041666666666667,0.15,0.16000000000000003
10,"18-5,19-3,2-5,4-10,8-18","10-10,11-10,2-13,3-8,8-3",0.8833333333333333,0.75,0.33,0.2,0.5448181818181819,0.95,0.6066666666666667,0.2,0.050000000000000044
10,"18-5,19-3,2-5,4-10,8-3","10-10,11-10,2-13,3-8,8-18",0.775,0.15,0.43,0.2,0.6155,0.92,0.6025,0.15,0.07999999999999996
10,"18-5,19-3,2-5,8-18,8-3","10-10,11-10,2-13,3-8,4-10",0.8083333333333333,0.15,0.42,0.2,0.6113181818181819,0.92,0.6141666666666666,0.15,0.07999999999999996
10,"18-5,19-3,3-8,4-10,8-18","10-10,11-10,2-13,2-5,8-3",0.8833333333333333,0.75,0.3,0.2,0.6360454545454546,0.91,0.5916666666666667,0.2,0.08999999999999997
10,"18-5,19-3,3-8,4-10,8-3","10-10,11-10,2-13,2-5,8-18",0.7833333333333333,0.15,0.4,0.2,0.6921363636363637,0.88,0.5916666666666667,0.15,0.12
10,"18-5,19-3,3-8,8-18,8-3","10-10,11-10,2-13,2-5,4-10",0.8083333333333333,0.15,0.39,0.2,0.6889545454545455,0.88,0.5991666666666666,0.15,0.12
10,"18-5,19-3,4-10,8-18,8-3","10-10,11-10,2-13,2-5,3-8",0.775,0.15,0.42,0.2,0.6227272727272727,0.9,0.5975,0.15,0.09999999999999998
10,"18-5,2-13,2-5,3-8,4-10","10-10,11-10,19-3,8-18,8-3",0.8833333333333333,0.75,0.37,0.3,0.6185,0.88,0.6266666666666667,0.3,0.12
10,"18-5,2-13,2-5,3-8,8-18","10-10,11-10,19-3,4-10,8-3",0.925,0.85,0.36,0.3,0.6023636363636363,0.9,0.6425000000000001,0.3,0.09999999999999998
10,"18-5,2-13,2-5,3-8,8-3","10-10,11-10,19-3,4-10,8-18",0.8166666666666667,0.2,0.46,0.3,0.6433181818181818,0.84,0.6383333333333333,0.2,0.16000000000000003
10,"18-5,2-13,2-5,4-10,8-18","10-10,11-10,19-3,3-8,8-3",0.8833333333333333,0.75,0.37,0.3,0.5374545454545454,0.95,0.6266666666666667,0.3,0.050000000000000044
10,"18-5,2-13,2-5,4-10,8-3","10-10,11-10,19-3,3-8,8-18",0.775,0.15,0.47,0.35,0.5722272727272727,0.9,0.6225,0.15,0.09999999999999998
10,"18-5,2-13,2-5,8-18,8-3","10-10,11-10,19-3,3-8,4-10",0.8166666666666667,0.2,0.46,0.3,0.5665,0.93,0.6383333333333333,0.2,0.06999999999999995
10,"18-5,2-13,3-8,4-10,8-18","10-10,11-10,19-3,2-5,8-3",0.8833333333333333,0.75,0.36,0.3,0.6349545454545454,0.9,0.6216666666666666,0.3,0.09999999999999998
10,"18-5,2-13,3-8,4-10,8-3","10-10,11-10,19-3,2-5,8-18",0.7833333333333333,0.15,0.46,0.3,0.6531363636363636,0.85,0.6216666666666667,0.15,0.15000000000000002
10,"18-5,2-13,3-8,8-18,8-3","10-10,11-10,19-3,2-5,4-10",0.8166666666666667,0.2,0.45,0.3,0.649,0.88,0.6333333333333333,0.2,0.12
10,"18-5,2-13,4-10,8-18,8-3","10-10,11-10,19-3,2-5,3-8",0.775,0.15,0.46,0.3,0.5784090909090909,0.9,0.6175,0.15,0.09999999999999998
10,"18-5,2-5,3-8,4-10,8-18","10-10,11-10,19-3,2-13,8-3",0.8833333333333333,0.75,0.33,0.3,0.6095454545454545,0.94,0.6066666666666667,0.3,0.06000000000000005
10,"18-5,2-5,3-8,4-10,8-3","10-10,11-10,19-3,2-13,8-18",0.775,0.15,0.43,0.3,0.6397727272727273,0.9,0.6025,0.15,0.09999999999999998
10,"18-5,2-5,3-8,8-18,8-3","10-10,11-10,19-3,2-13,4-10",0.8166666666666667,0.2,0.42,0.3,0.6361363636363636,0.92,0.6183333333333333,0.2,0.07999999999999996
10,"18-5,2-5,4-10,8-18,8-3","10-10,11-10,19-3,2-13,3-8",0.775,0.15,0.45,0.3,0.5683636363636364,0.95,0.6125,0.15,0.050000000000000044
10,"18-5,3-8,4-10,8-18,8-3","10-10,11-10,19-3,2-13,2-5",0.775,0.15,0.42,0.3,0.6457272727272727,0.91,0.5975,0.15,0.08999999999999997
10,"19-3,2-13,2-5,3-8,4-10","10-10,11-10,18-5,8-18,8-3",0.8833333333333333,0.75,0.35,0.2,0.5726818181818182,0.85,0.6166666666666667,0.2,0.15000000000000002
10,"19-3,2-13,2-5,3-8,8-18","10-10,11-10,18-5,4-10,8-3",0.9166666666666666,0.8,0.34,0.2,0.5581818181818182,0.88,0.6283333333333333,0.2,0.12
10,"19-3,2-13,2-5,3-8,8-3","10-10,11-10,18-5,4-10,8-18",0.8083333333333333,0.15,0.44,0.2,0.6356818181818182,0.82,0.6241666666666666,0.15,0.18000000000000005
10,"19-3,2-13,2-5,4-10,8-18","10-10,11-10,18-5,3-8,8-3",0.8833333333333333,0.75,0.35,0.2,0.49636363636363634,0.92,0.6166666666666667,0.2,0.07999999999999996
10,"19-3,2-13,2-5,4-10,8-3","10-10,11-10,18-5,3-8,8-18",0.775,0.15,0.45,0.2,0.5682272727272727,0.86,0.6125,0.15,0.14
10,"19-3,2-13,2-5,8-18,8-3","10-10,11-10,18-5,3-8,4-10",0.8083333333333333,0.15,0.44,0.2,0.5615909090909091,0.89,0.6241666666666666,0.15,0.10999999999999999
10,"19-3,2-13,3-8,4-10,8-18","10-10,11-10,18-5,2-5,8-3",0.8833333333333333,0.75,0.34,0.2,0.5893181818181819,0.86,0.6116666666666667,0.2,0.14
10,"19-3,2-13,3-8,4-10,8-3","10-10,11-10,18-5,2-5,8-18",0.7833333333333333,0.15,0.44,0.2,0.646090909090909,0.79,0.6116666666666667,0.15,0.20999999999999996
10,"19-3,2-13,3-8,8-18,8-3","10-10,11-10,18-5,2-5,4-10",0.8083333333333333,0.15,0.43,0.2,0.6413636363636364,0.82,0.6191666666666666,0.15,0.18000000000000005
10,"19-3,2-13,4-10,8-18,8-3","10-10,11-10,18-5,2-5,3-8",0.775,0.15,0.44,0.2,0.5744545454545454,0.85,0.6075,0.15,0.15000000000000002
10,"19-3,2-5,3-8,4-10,8-18","10-10,11-10,18-5,2-13,8-3",0.8833333333333333,0.75,0.31,0.2,0.5659545454545455,0.91,0.5966666666666667,0.2,0.08999999999999997
10,"19-3,2-5,3-8,4-10,8-3","10-10,11-10,18-5,2-13,8-18",0.775,0.15,0.41,0.2,0.6345454545454545,0.85,0.5925,0.15,0.15000000000000002
10,"19-3,2-5,3-8,8-18,8-3","10-10,11-10,18-5,2-13,4-10",0.8083333333333333,0.15,0.4,0.2,0.6306363636363637,0.88,0.6041666666666667,0.15,0.12
10,"19-3,2-5,4-10,8-18,8-3","10-10,11-10,18-5,2-13,3-8",0.775,0.15,0.4,0.2,0.575,0.89,0.5875,0.15,0.10999999999999999
10,"19-3,3-8,4-10,8-18,8-3","10-10,11-10,18-5,2-13,2-5",0.775,0.15,0.4,0.2,0.6404545454545455,0.86,0.5875,0.15,0.14
10,"2-13,2-5,3-8,4-10,8-18","10-10,11-10,18-5,19-3,8-3",0.8833333333333333,0.75,0.37,0.3,0.5618636363636363,0.91,0.6266666666666667,0.3,0.08999999999999997
10,"2-13,2-5,3-8,4-10,8-3","10-10,11-10,18-5,19-3,8-18",0.775,0.15,0.47,0.35,0.5935,0.85,0.6225,0.15,0.15000000000000002
10,"2-13,2-5,3-8,8-18,8-3","10-10,11-10,18-5,19-3,4-10",0.8166666666666667,0.2,0.46,0.3,0.5884090909090909,0.88,0.6383333333333333,0.2,0.12
10,"2-13,2-5,4-10,8-18,8-3","10-10,11-10,18-5,19-3,3-8",0.775,0.15,0.47,0.3,0.5198181818181818,0.92,0.6225,0.15,0.07999999999999996
10,"2-13,3-8,4-10,8-18,8-3","10-10,11-10,18-5,19-3,2-5",0.775,0.15,0.46,0.3,0.5988181818181818,0.86,0.6175,0.15,0.14
10,"2-5,3-8,4-10,8-18,8-3","10-10,11-10,18-5,19-3,2-13",0.775,0.15,0.43,0.3,0.5876363636363636,0.9,0.6025,0.15,0.09999999999999998
