level,correct,total,accuracy,scenario,receiver,transmitter
overall,5297,7200,0.7356944444444444,,,
scenario,1827,2400,0.76125,leo_clear_weak,,
scenario,1700,2400,0.7083333333333334,leo_low_elev_weak,,
scenario,1770,2400,0.7375,leo_rain_weak,,
receiver,905,1389,0.6515478761699064,,20-1,
receiver,841,1392,0.6041666666666666,,3-19,
receiver,1201,1353,0.8876570583887657,,7-14,
receiver,1278,1548,0.8255813953488372,,7-7,
receiver,1072,1518,0.7061923583662714,,8-8,
scenario_receiver,312,463,0.673866090712743,leo_clear_weak,20-1,
scenario_receiver,296,464,0.6379310344827587,leo_clear_weak,3-19,
scenario_receiver,412,451,0.9135254988913526,leo_clear_weak,7-14,
scenario_receiver,438,516,0.8488372093023255,leo_clear_weak,7-7,
scenario_receiver,369,506,0.7292490118577075,leo_clear_weak,8-8,
scenario_receiver,290,463,0.6263498920086393,leo_low_elev_weak,20-1,
scenario_receiver,258,464,0.5560344827586207,leo_low_elev_weak,3-19,
scenario_receiver,399,451,0.88470066518847,leo_low_elev_weak,7-14,
scenario_receiver,412,516,0.7984496124031008,leo_low_elev_weak,7-7,
scenario_receiver,341,506,0.6739130434782609,leo_low_elev_weak,8-8,
scenario_receiver,303,463,0.6544276457883369,leo_rain_weak,20-1,
scenario_receiver,287,464,0.6185344827586207,leo_rain_weak,3-19,
scenario_receiver,390,451,0.8647450110864745,leo_rain_weak,7-14,
scenario_receiver,428,516,0.8294573643410853,leo_rain_weak,7-7,
scenario_receiver,362,506,0.7154150197628458,leo_rain_weak,8-8,
transmitter,764,1200,0.6366666666666667,,,14-10
transmitter,716,1200,0.5966666666666667,,,14-7
transmitter,937,1200,0.7808333333333334,,,20-15
transmitter,764,1200,0.6366666666666667,,,20-19
transmitter,1044,1200,0.87,,,6-15
transmitter,1072,1200,0.8933333333333333,,,8-20
scenario_receiver_transmitter,52,79,0.6582278481012658,leo_clear_weak,20-1,14-10
scenario_receiver_transmitter,35,83,0.42168674698795183,leo_clear_weak,20-1,14-7
scenario_receiver_transmitter,74,88,0.8409090909090909,leo_clear_weak,20-1,20-15
scenario_receiver_transmitter,37,79,0.46835443037974683,leo_clear_weak,20-1,20-19
scenario_receiver_transmitter,65,70,0.9285714285714286,leo_clear_weak,20-1,6-15
scenario_receiver_transmitter,49,64,0.765625,leo_clear_weak,20-1,8-20
scenario_receiver_transmitter,33,75,0.44,leo_clear_weak,3-19,14-10
scenario_receiver_transmitter,49,77,0.6363636363636364,leo_clear_weak,3-19,14-7
scenario_receiver_transmitter,65,69,0.9420289855072463,leo_clear_weak,3-19,20-15
scenario_receiver_transmitter,42,77,0.5454545454545454,leo_clear_weak,3-19,20-19
scenario_receiver_transmitter,46,77,0.5974025974025974,leo_clear_weak,3-19,6-15
scenario_receiver_transmitter,61,89,0.6853932584269663,leo_clear_weak,3-19,8-20
scenario_receiver_transmitter,68,74,0.918918918918919,leo_clear_weak,7-14,14-10
scenario_receiver_transmitter,49,64,0.765625,leo_clear_weak,7-14,14-7
scenario_receiver_transmitter,72,72,1.0,leo_clear_weak,7-14,20-15
scenario_receiver_transmitter,68,86,0.7906976744186046,leo_clear_weak,7-14,20-19
scenario_receiver_transmitter,81,81,1.0,leo_clear_weak,7-14,6-15
scenario_receiver_transmitter,74,74,1.0,leo_clear_weak,7-14,8-20
scenario_receiver_transmitter,59,82,0.7195121951219512,leo_clear_weak,7-7,14-10
scenario_receiver_transmitter,53,87,0.6091954022988506,leo_clear_weak,7-7,14-7
scenario_receiver_transmitter,81,89,0.9101123595505618,leo_clear_weak,7-7,20-15
scenario_receiver_transmitter,70,79,0.8860759493670886,leo_clear_weak,7-7,20-19
scenario_receiver_transmitter,82,84,0.9761904761904762,leo_clear_weak,7-7,6-15
scenario_receiver_transmitter,93,95,0.9789473684210527,leo_clear_weak,7-7,8-20
scenario_receiver_transmitter,49,90,0.5444444444444444,leo_clear_weak,8-8,14-10
scenario_receiver_transmitter,68,89,0.7640449438202247,leo_clear_weak,8-8,14-7
scenario_receiver_transmitter,28,82,0.34146341463414637,leo_clear_weak,8-8,20-15
scenario_receiver_transmitter,58,79,0.7341772151898734,leo_clear_weak,8-8,20-19
scenario_receiver_transmitter,88,88,1.0,leo_clear_weak,8-8,6-15
scenario_receiver_transmitter,78,78,1.0,leo_clear_weak,8-8,8-20
scenario_receiver_transmitter,54,79,0.6835443037974683,leo_low_elev_weak,20-1,14-10
scenario_receiver_transmitter,39,83,0.46987951807228917,leo_low_elev_weak,20-1,14-7
scenario_receiver_transmitter,63,88,0.7159090909090909,leo_low_elev_weak,20-1,20-15
scenario_receiver_transmitter,31,79,0.3924050632911392,leo_low_elev_weak,20-1,20-19
scenario_receiver_transmitter,54,70,0.7714285714285715,leo_low_elev_weak,20-1,6-15
scenario_receiver_transmitter,49,64,0.765625,leo_low_elev_weak,20-1,8-20
scenario_receiver_transmitter,28,75,0.37333333333333335,leo_low_elev_weak,3-19,14-10
scenario_receiver_transmitter,45,77,0.5844155844155844,leo_low_elev_weak,3-19,14-7
scenario_receiver_transmitter,60,69,0.8695652173913043,leo_low_elev_weak,3-19,20-15
scenario_receiver_transmitter,32,77,0.4155844155844156,leo_low_elev_weak,3-19,20-19
scenario_receiver_transmitter,33,77,0.42857142857142855,leo_low_elev_weak,3-19,6-15
scenario_receiver_transmitter,60,89,0.6741573033707865,leo_low_elev_weak,3-19,8-20
scenario_receiver_transmitter,60,74,0.8108108108108109,leo_low_elev_weak,7-14,14-10
scenario_receiver_transmitter,46,64,0.71875,leo_low_elev_weak,7-14,14-7
scenario_receiver_transmitter,71,72,0.9861111111111112,leo_low_elev_weak,7-14,20-15
scenario_receiver_transmitter,68,86,0.7906976744186046,leo_low_elev_weak,7-14,20-19
scenario_receiver_transmitter,80,81,0.9876543209876543,leo_low_elev_weak,7-14,6-15
scenario_receiver_transmitter,74,74,1.0,leo_low_elev_weak,7-14,8-20
scenario_receiver_transmitter,55,82,0.6707317073170732,leo_low_elev_weak,7-7,14-10
scenario_receiver_transmitter,44,87,0.5057471264367817,leo_low_elev_weak,7-7,14-7
scenario_receiver_transmitter,83,89,0.9325842696629213,leo_low_elev_weak,7-7,20-15
scenario_receiver_transmitter,64,79,0.810126582278481,leo_low_elev_weak,7-7,20-19
scenario_receiver_transmitter,73,84,0.8690476190476191,leo_low_elev_weak,7-7,6-15
scenario_receiver_transmitter,93,95,0.9789473684210527,leo_low_elev_weak,7-7,8-20
scenario_receiver_transmitter,42,90,0.4666666666666667,leo_low_elev_weak,8-8,14-10
scenario_receiver_transmitter,61,89,0.6853932584269663,leo_low_elev_weak,8-8,14-7
scenario_receiver_transmitter,24,82,0.2926829268292683,leo_low_elev_weak,8-8,20-15
scenario_receiver_transmitter,52,79,0.6582278481012658,leo_low_elev_weak,8-8,20-19
scenario_receiver_transmitter,84,88,0.9545454545454546,leo_low_elev_weak,8-8,6-15
scenario_receiver_transmitter,78,78,1.0,leo_low_elev_weak,8-8,8-20
scenario_receiver_transmitter,54,79,0.6835443037974683,leo_rain_weak,20-1,14-10
scenario_receiver_transmitter,35,83,0.42168674698795183,leo_rain_weak,20-1,14-7
scenario_receiver_transmitter,72,88,0.8181818181818182,leo_rain_weak,20-1,20-15
scenario_receiver_transmitter,29,79,0.3670886075949367,leo_rain_weak,20-1,20-19
scenario_receiver_transmitter,59,70,0.8428571428571429,leo_rain_weak,20-1,6-15
scenario_receiver_transmitter,54,64,0.84375,leo_rain_weak,20-1,8-20
scenario_receiver_transmitter,29,75,0.38666666666666666,leo_rain_weak,3-19,14-10
scenario_receiver_transmitter,44,77,0.5714285714285714,leo_rain_weak,3-19,14-7
scenario_receiver_transmitter,65,69,0.9420289855072463,leo_rain_weak,3-19,20-15
scenario_receiver_transmitter,36,77,0.4675324675324675,leo_rain_weak,3-19,20-19
scenario_receiver_transmitter,49,77,0.6363636363636364,leo_rain_weak,3-19,6-15
scenario_receiver_transmitter,64,89,0.7191011235955056,leo_rain_weak,3-19,8-20
scenario_receiver_transmitter,66,74,0.8918918918918919,leo_rain_weak,7-14,14-10
scenario_receiver_transmitter,40,64,0.625,leo_rain_weak,7-14,14-7
scenario_receiver_transmitter,71,72,0.9861111111111112,leo_rain_weak,7-14,20-15
scenario_receiver_transmitter,59,86,0.686046511627907,leo_rain_weak,7-14,20-19
scenario_receiver_transmitter,80,81,0.9876543209876543,leo_rain_weak,7-14,6-15
scenario_receiver_transmitter,74,74,1.0,leo_rain_weak,7-14,8-20
scenario_receiver_transmitter,60,82,0.7317073170731707,leo_rain_weak,7-7,14-10
scenario_receiver_transmitter,48,87,0.5517241379310345,leo_rain_weak,7-7,14-7
scenario_receiver_transmitter,80,89,0.898876404494382,leo_rain_weak,7-7,20-15
scenario_receiver_transmitter,65,79,0.8227848101265823,leo_rain_weak,7-7,20-19
scenario_receiver_transmitter,82,84,0.9761904761904762,leo_rain_weak,7-7,6-15
scenario_receiver_transmitter,93,95,0.9789473684210527,leo_rain_weak,7-7,8-20
scenario_receiver_transmitter,55,90,0.6111111111111112,leo_rain_weak,8-8,14-10
scenario_receiver_transmitter,60,89,0.6741573033707865,leo_rain_weak,8-8,14-7
scenario_receiver_transmitter,28,82,0.34146341463414637,leo_rain_weak,8-8,20-15
scenario_receiver_transmitter,53,79,0.6708860759493671,leo_rain_weak,8-8,20-19
scenario_receiver_transmitter,88,88,1.0,leo_rain_weak,8-8,6-15
scenario_receiver_transmitter,78,78,1.0,leo_rain_weak,8-8,8-20
