candidate_id,gpu,arm,k_old,seed,target_old_query_per_tx,raw_old_acc_pct,deployed_old_acc_pct,baseline_old_acc_pct,raw_full_acc_pct,deployed_full_acc_pct,coverage_pct,unknown_far_pct,unknown_reject_pct,old_reject_pct,old_to_seen_new_pct,auroc_pct,fpr95_pct,rollback_triggered,rollback_accepted,loss_initial,loss_final,old80_support_cv_acc_pct
OA_MSE_H06_OLD80FIRST_HEAD48_GPU0_A_MSE_SUBSPACE_KOLD2_KNEW0,0,A,2,231810,,65.83333611488342,25.833332538604736,25.833332538604736,49.37500059604645,41.56250059604645,100.0,100.0,0.0,0.0,0.0,67.015625,65.0,True,False,6.88308048248291,0.8054341673851013,75.0
OA_MSE_H06_OLD80FIRST_HEAD48_GPU0_B_MSE_SUBSPACE_KOLD3_KNEW0,0,B,3,231990,,65.41666388511658,28.749999403953552,28.749999403953552,49.06249940395355,40.937501192092896,100.0,100.0,0.0,0.0,0.0,60.99479166666667,87.91666666666667,True,False,5.051578521728516,1.211103916168213,77.77777910232544
OA_MSE_H06_OLD80FIRST_HEAD48_GPU0_C_MSE_SUBSPACE_KOLD5_KNEW0,0,C,5,232170,,70.83333134651184,23.333333432674408,23.333333432674408,53.125,39.0625,100.0,100.0,0.0,0.0,0.0,68.421875,72.91666666666666,True,False,5.736117839813232,1.0189486742019653,
OA_MSE_H06_OLD80FIRST_HEAD48_GPU0_D_MSE_SUBSPACE_KOLD10_KNEW0,0,D,10,232350,,68.33333373069763,32.083332538604736,32.083332538604736,51.249998807907104,45.3125,100.0,100.0,0.0,0.0,0.0,62.61979166666667,87.5,True,False,3.202597141265869,0.6736063957214355,
OA_MSE_H06_OLD80FIRST_HEAD48_GPU0_E_MSE_SUBSPACE_KOLD5_KNEW0,0,E,5,232530,,69.58333253860474,32.083332538604736,32.083332538604736,52.18750238418579,43.12500059604645,100.0,100.0,0.0,0.0,0.0,65.4375,71.66666666666667,True,False,4.907742023468018,0.7903546094894409,
OA_MSE_H06_OLD80FIRST_HEAD48_GPU0_F_MSE_SUBSPACE_KOLD10_KNEW0,0,F,10,232710,,67.5000011920929,30.000001192092896,30.000001192092896,50.62500238418579,44.68750059604645,100.0,100.0,0.0,0.0,0.0,54.880208333333336,98.75,True,False,5.859872817993164,1.2660465240478516,81.66666626930237
OA_MSE_H06_OLD80FIRST_HEAD48_GPU1_A_MSE_SUBSPACE_KOLD2_KNEW0,1,A,2,231820,,67.5000011920929,17.916665971279144,17.916665971279144,50.62500238418579,34.687501192092896,100.0,100.0,0.0,0.0,0.0,56.036458333333336,95.83333333333334,True,False,5.748190402984619,1.1212862730026245,75.0
OA_MSE_H06_OLD80FIRST_HEAD48_GPU1_B_MSE_SUBSPACE_KOLD3_KNEW0,1,B,3,232000,,64.99999761581421,16.249999403953552,16.249999403953552,48.750001192092896,34.99999940395355,100.0,100.0,0.0,0.0,0.0,62.27083333333333,83.33333333333334,True,False,4.585970401763916,0.7924367785453796,94.44444179534912
OA_MSE_H06_OLD80FIRST_HEAD48_GPU1_C_MSE_SUBSPACE_KOLD5_KNEW0,1,C,5,232180,,59.58333611488342,30.416667461395264,30.416667461395264,44.68750059604645,43.437498807907104,100.0,100.0,0.0,0.0,0.0,56.41145833333333,96.66666666666667,True,False,4.180442810058594,0.6758813858032227,
OA_MSE_H06_OLD80FIRST_HEAD48_GPU1_D_MSE_SUBSPACE_KOLD10_KNEW0,1,D,10,232360,,69.9999988079071,34.583333134651184,34.583333134651184,52.49999761581421,44.999998807907104,100.0,100.0,0.0,0.0,0.0,60.21354166666667,96.25,True,False,4.415534496307373,0.8807079792022705,
OA_MSE_H06_OLD80FIRST_HEAD48_GPU1_E_MSE_SUBSPACE_KOLD5_KNEW0,1,E,5,232540,,67.5000011920929,27.916666865348816,27.916666865348816,50.62500238418579,41.24999940395355,100.0,100.0,0.0,0.0,0.0,66.56770833333333,74.58333333333333,True,False,3.8256335258483887,0.7114869356155396,
OA_MSE_H06_OLD80FIRST_HEAD48_GPU1_F_MSE_SUBSPACE_KOLD10_KNEW0,1,F,10,232720,,70.83333134651184,27.916666865348816,27.916666865348816,53.125,43.12500059604645,100.0,100.0,0.0,0.0,0.0,67.0,75.0,True,False,4.987785339355469,1.1193927526474,80.0000011920929
OA_MSE_H06_OLD80FIRST_HEAD48_GPU2_A_MSE_SUBSPACE_KOLD2_KNEW0,2,A,2,231830,,55.83333373069763,34.583333134651184,34.583333134651184,41.874998807907104,44.999998807907104,100.0,100.0,0.0,0.0,0.0,58.40625000000001,90.83333333333333,True,False,4.54130220413208,0.9214630722999573,91.66666865348816
OA_MSE_H06_OLD80FIRST_HEAD48_GPU2_B_MSE_SUBSPACE_KOLD3_KNEW0,2,B,3,232010,,63.749998807907104,25.0,25.0,47.81250059604645,38.749998807907104,100.0,100.0,0.0,0.0,0.0,60.203125,80.0,True,False,5.638918399810791,0.930511474609375,83.33333134651184
OA_MSE_H06_OLD80FIRST_HEAD48_GPU2_C_MSE_SUBSPACE_KOLD5_KNEW0,2,C,5,232190,,69.9999988079071,20.416666567325592,20.416666567325592,52.49999761581421,35.9375,100.0,100.0,0.0,0.0,0.0,62.739583333333336,87.08333333333333,True,False,5.204780578613281,1.0315792560577393,
OA_MSE_H06_OLD80FIRST_HEAD48_GPU2_D_MSE_SUBSPACE_KOLD10_KNEW0,2,D,10,232370,,64.99999761581421,28.749999403953552,28.749999403953552,48.750001192092896,39.68749940395355,100.0,100.0,0.0,0.0,0.0,58.14583333333333,90.41666666666667,True,False,6.15083122253418,1.091422438621521,
OA_MSE_H06_OLD80FIRST_HEAD48_GPU2_E_MSE_SUBSPACE_KOLD5_KNEW0,2,E,5,232550,,65.41666388511658,27.500000596046448,27.500000596046448,49.06249940395355,42.500001192092896,100.0,100.0,0.0,0.0,0.0,62.697916666666664,76.66666666666667,True,False,5.293458938598633,0.7584229707717896,
OA_MSE_H06_OLD80FIRST_HEAD48_GPU2_F_MSE_SUBSPACE_KOLD10_KNEW0,2,F,10,232730,,72.50000238418579,32.499998807907104,32.499998807907104,54.374998807907104,44.37499940395355,100.0,100.0,0.0,0.0,0.0,72.265625,71.25,True,False,4.4736127853393555,0.9834821820259094,76.66666507720947
OA_MSE_H06_OLD80FIRST_HEAD48_GPU3_A_MSE_SUBSPACE_KOLD2_KNEW0,3,A,2,231840,,69.9999988079071,36.250001192092896,36.250001192092896,52.49999761581421,46.875,100.0,100.0,0.0,0.0,0.0,61.973958333333336,92.5,True,False,7.035018444061279,1.2370209693908691,91.66666865348816
OA_MSE_H06_OLD80FIRST_HEAD48_GPU3_B_MSE_SUBSPACE_KOLD3_KNEW0,3,B,3,232020,,60.41666865348816,32.499998807907104,32.499998807907104,45.3125,43.75,100.0,100.0,0.0,0.0,0.0,54.614583333333336,85.83333333333333,True,False,6.625213623046875,1.5450626611709595,83.33333134651184
OA_MSE_H06_OLD80FIRST_HEAD48_GPU3_C_MSE_SUBSPACE_KOLD5_KNEW0,3,C,5,232200,,62.08333373069763,23.333333432674408,23.333333432674408,46.562498807907104,38.749998807907104,100.0,100.0,0.0,0.0,0.0,63.66666666666667,83.33333333333334,True,False,6.400719165802002,1.4257091283798218,
OA_MSE_H06_OLD80FIRST_HEAD48_GPU3_D_MSE_SUBSPACE_KOLD10_KNEW0,3,D,10,232380,,72.08333611488342,30.416667461395264,30.416667461395264,54.06249761581421,43.75,100.0,100.0,0.0,0.0,0.0,57.958333333333336,88.75,True,False,4.219772815704346,0.9796696901321411,
OA_MSE_H06_OLD80FIRST_HEAD48_GPU3_E_MSE_SUBSPACE_KOLD5_KNEW0,3,E,5,232560,,69.16666626930237,27.08333432674408,27.08333432674408,51.875001192092896,40.00000059604645,100.0,100.0,0.0,0.0,0.0,58.53125,80.83333333333333,True,False,4.632565021514893,0.5874133110046387,
OA_MSE_H06_OLD80FIRST_HEAD48_GPU3_F_MSE_SUBSPACE_KOLD10_KNEW0,3,F,10,232740,,72.08333611488342,37.91666626930237,37.91666626930237,54.06249761581421,48.4375,100.0,100.0,0.0,0.0,0.0,70.046875,79.58333333333333,True,False,2.9298057556152344,0.7262026071548462,89.99999761581421
OA_MSE_H06_OLD80FIRST_HEAD48_GPU4_A_MSE_SUBSPACE_KOLD2_KNEW0,4,A,2,231850,,64.99999761581421,34.583333134651184,34.583333134651184,48.750001192092896,45.3125,100.0,100.0,0.0,0.0,0.0,65.73958333333333,71.66666666666667,True,False,5.129616737365723,0.5388830900192261,100.0
OA_MSE_H06_OLD80FIRST_HEAD48_GPU4_B_MSE_SUBSPACE_KOLD3_KNEW0,4,B,3,232030,,63.749998807907104,21.250000596046448,21.250000596046448,47.81250059604645,37.812501192092896,100.0,100.0,0.0,0.0,0.0,63.46874999999999,94.16666666666667,True,False,6.194808483123779,1.0700880289077759,83.33333134651184
OA_MSE_H06_OLD80FIRST_HEAD48_GPU4_C_MSE_SUBSPACE_KOLD5_KNEW0,4,C,5,232210,,68.33333373069763,35.41666567325592,35.41666567325592,51.249998807907104,46.25000059604645,100.0,100.0,0.0,0.0,0.0,65.46875,67.91666666666667,True,False,5.069777488708496,0.7876924872398376,
OA_MSE_H06_OLD80FIRST_HEAD48_GPU4_D_MSE_SUBSPACE_KOLD10_KNEW0,4,D,10,232390,,67.5000011920929,31.25,31.25,50.62500238418579,44.062501192092896,100.0,100.0,0.0,0.0,0.0,67.203125,92.91666666666667,True,False,5.525328159332275,0.9750369191169739,
OA_MSE_H06_OLD80FIRST_HEAD48_GPU4_E_MSE_SUBSPACE_KOLD5_KNEW0,4,E,5,232570,,68.75,31.666666269302368,31.666666269302368,51.5625,44.37499940395355,100.0,100.0,0.0,0.0,0.0,68.67708333333333,71.25,True,False,5.329448223114014,0.6782845258712769,
OA_MSE_H06_OLD80FIRST_HEAD48_GPU4_F_MSE_SUBSPACE_KOLD10_KNEW0,4,F,10,232750,,74.16666746139526,21.666666865348816,21.666666865348816,55.62499761581421,36.56249940395355,100.0,100.0,0.0,0.0,0.0,63.869791666666664,95.0,True,False,4.6990437507629395,0.8844391703605652,76.66666507720947
OA_MSE_H06_OLD80FIRST_HEAD48_GPU5_A_MSE_SUBSPACE_KOLD2_KNEW0,5,A,2,231860,,66.25000238418579,22.083333134651184,22.083333134651184,49.687498807907104,34.687501192092896,100.0,100.0,0.0,0.0,0.0,54.421875,91.66666666666666,True,False,1.073066234588623,0.26763588190078735,100.0
OA_MSE_H06_OLD80FIRST_HEAD48_GPU5_B_MSE_SUBSPACE_KOLD3_KNEW0,5,B,3,232040,,69.9999988079071,33.33333432674408,33.33333432674408,52.49999761581421,44.68750059604645,100.0,100.0,0.0,0.0,0.0,64.70833333333333,88.33333333333333,True,False,5.548282623291016,0.8048378825187683,94.44444179534912
OA_MSE_H06_OLD80FIRST_HEAD48_GPU5_C_MSE_SUBSPACE_KOLD5_KNEW0,5,C,5,232220,,69.16666626930237,18.75,18.75,51.875001192092896,35.31250059604645,100.0,100.0,0.0,0.0,0.0,63.473958333333336,85.0,True,False,3.718505620956421,0.6891617178916931,
OA_MSE_H06_OLD80FIRST_HEAD48_GPU5_D_MSE_SUBSPACE_KOLD10_KNEW0,5,D,10,232400,,69.58333253860474,35.41666567325592,35.41666567325592,52.18750238418579,45.93749940395355,100.0,100.0,0.0,0.0,0.0,71.26041666666667,69.16666666666667,True,False,4.854794502258301,0.9188553094863892,
OA_MSE_H06_OLD80FIRST_HEAD48_GPU5_E_MSE_SUBSPACE_KOLD5_KNEW0,5,E,5,232580,,68.33333373069763,22.083333134651184,22.083333134651184,51.249998807907104,35.9375,100.0,100.0,0.0,0.0,0.0,60.192708333333336,81.66666666666667,True,False,5.1150407791137695,0.6070809960365295,
OA_MSE_H06_OLD80FIRST_HEAD48_GPU5_F_MSE_SUBSPACE_KOLD10_KNEW0,5,F,10,232760,,69.9999988079071,29.16666567325592,29.16666567325592,52.49999761581421,40.937501192092896,100.0,100.0,0.0,0.0,0.0,65.71875,80.0,True,False,4.944696426391602,1.2946668863296509,71.66666388511658
OA_MSE_H06_OLD80FIRST_HEAD48_GPU6_A_MSE_SUBSPACE_KOLD2_KNEW0,6,A,2,231870,,54.58333492279053,26.66666805744171,26.66666805744171,40.937501192092896,40.625,100.0,100.0,0.0,0.0,0.0,60.07812500000001,94.16666666666667,True,False,5.849329948425293,0.6544395089149475,100.0
OA_MSE_H06_OLD80FIRST_HEAD48_GPU6_B_MSE_SUBSPACE_KOLD3_KNEW0,6,B,3,232050,,62.08333373069763,26.249998807907104,26.249998807907104,46.562498807907104,38.43750059604645,100.0,100.0,0.0,0.0,0.0,59.21875,77.5,True,False,4.05837869644165,0.7989678382873535,77.77777910232544
OA_MSE_H06_OLD80FIRST_HEAD48_GPU6_C_MSE_SUBSPACE_KOLD5_KNEW0,6,C,5,232230,,73.33333492279053,30.416667461395264,30.416667461395264,55.000001192092896,42.500001192092896,100.0,100.0,0.0,0.0,0.0,64.74479166666667,84.58333333333333,True,False,3.534902811050415,0.6491457223892212,
OA_MSE_H06_OLD80FIRST_HEAD48_GPU6_D_MSE_SUBSPACE_KOLD10_KNEW0,6,D,10,232410,,73.33333492279053,33.33333432674408,33.33333432674408,55.000001192092896,44.37499940395355,100.0,100.0,0.0,0.0,0.0,69.75,90.83333333333333,True,False,4.876346111297607,0.8485990166664124,
OA_MSE_H06_OLD80FIRST_HEAD48_GPU6_E_MSE_SUBSPACE_KOLD5_KNEW0,6,E,5,232590,,64.16666507720947,28.749999403953552,28.749999403953552,48.124998807907104,43.437498807907104,100.0,100.0,0.0,0.0,0.0,72.203125,69.16666666666667,True,False,4.51637601852417,0.8972193598747253,
OA_MSE_H06_OLD80FIRST_HEAD48_GPU6_F_MSE_SUBSPACE_KOLD10_KNEW0,6,F,10,232770,,71.24999761581421,33.33333432674408,33.33333432674408,53.437501192092896,44.999998807907104,100.0,100.0,0.0,0.0,0.0,64.109375,79.16666666666666,True,False,5.053638935089111,1.1414979696273804,81.66666626930237
OA_MSE_H06_OLD80FIRST_HEAD48_GPU7_A_MSE_SUBSPACE_KOLD2_KNEW0,7,A,2,231880,,57.91666507720947,22.499999403953552,22.499999403953552,43.437498807907104,36.250001192092896,100.0,100.0,0.0,0.0,0.0,61.260416666666664,86.25,True,False,7.953032493591309,0.9933613538742065,75.0
OA_MSE_H06_OLD80FIRST_HEAD48_GPU7_B_MSE_SUBSPACE_KOLD3_KNEW0,7,B,3,232060,,59.16666388511658,31.25,31.25,44.37499940395355,43.75,100.0,100.0,0.0,0.0,0.0,66.74479166666667,70.83333333333334,True,False,3.8261260986328125,0.6273303627967834,88.88888955116272
OA_MSE_H06_OLD80FIRST_HEAD48_GPU7_C_MSE_SUBSPACE_KOLD5_KNEW0,7,C,5,232240,,70.83333134651184,33.33333432674408,33.33333432674408,53.125,46.25000059604645,100.0,100.0,0.0,0.0,0.0,69.33333333333334,74.58333333333333,True,False,4.978679180145264,0.7991357445716858,
OA_MSE_H06_OLD80FIRST_HEAD48_GPU7_D_MSE_SUBSPACE_KOLD10_KNEW0,7,D,10,232420,,70.41666507720947,34.583333134651184,34.583333134651184,52.812498807907104,44.68750059604645,100.0,100.0,0.0,0.0,0.0,67.390625,80.83333333333333,True,False,4.454756259918213,0.6949971914291382,
OA_MSE_H06_OLD80FIRST_HEAD48_GPU7_E_MSE_SUBSPACE_KOLD5_KNEW0,7,E,5,232600,,67.5000011920929,36.250001192092896,36.250001192092896,50.62500238418579,47.187501192092896,100.0,100.0,0.0,0.0,0.0,64.5625,90.83333333333333,True,False,5.005964756011963,1.012813687324524,
OA_MSE_H06_OLD80FIRST_HEAD48_GPU7_F_MSE_SUBSPACE_KOLD10_KNEW0,7,F,10,232780,,71.66666388511658,32.083332538604736,32.083332538604736,53.75000238418579,44.062501192092896,100.0,100.0,0.0,0.0,0.0,62.958333333333336,86.25,True,False,5.202783107757568,1.158094048500061,73.33333492279053
