arm,receiver,seed,k_shot,scenario,old_acc,seen_new_acc,H_old_new,average_forgetting,min_old_new,joint_score
singleview_fft96,20-1,713101,1,leo_clear_weak,0.6916666666666667,0.375,0.48632812500000006,0.033333333333333326,0.375,0.5176649305555555
singleview_fft96,20-1,713101,1,leo_low_elev_weak,0.5833333333333334,0.6,0.591549295774648,0.08333333333333326,0.5833333333333334,0.5916275430359937
singleview_fft96,20-1,713101,1,leo_rain_weak,0.6583333333333333,0.475,0.5518382352941176,0.09166666666666667,0.475,0.5617238562091503
singleview_fft96,20-1,713101,10,leo_clear_weak,0.8833333333333333,0.8,0.8396039603960396,0.0,0.8,0.840979097909791
singleview_fft96,20-1,713101,10,leo_low_elev_weak,0.8166666666666667,0.825,0.8208121827411168,-0.008333333333333304,0.8166666666666667,0.8208262831359278
singleview_fft96,20-1,713101,10,leo_rain_weak,0.8666666666666667,0.775,0.818274111675127,0.016666666666666607,0.775,0.8199802594472646
singleview_fft96,20-1,713101,2,leo_clear_weak,0.8083333333333333,0.725,0.7644021739130435,0.008333333333333304,0.725,0.7659118357487923
singleview_fft96,20-1,713101,2,leo_low_elev_weak,0.6666666666666666,0.7,0.6829268292682926,0.025000000000000022,0.6666666666666666,0.6831978319783197
singleview_fft96,20-1,713101,2,leo_rain_weak,0.75,0.6,0.6666666666666665,0.033333333333333326,0.6,0.6722222222222222
singleview_fft96,20-1,713101,20,leo_clear_weak,0.925,0.85,0.8859154929577465,-0.01666666666666672,0.85,0.8869718309859156
singleview_fft96,20-1,713101,20,leo_low_elev_weak,0.8583333333333333,0.875,0.8665865384615383,-0.008333333333333304,0.8583333333333333,0.8666399572649572
singleview_fft96,20-1,713101,20,leo_rain_weak,0.8833333333333333,0.75,0.8112244897959183,0.008333333333333415,0.75,0.8148526077097505
singleview_fft96,20-1,713101,5,leo_clear_weak,0.8166666666666667,0.85,0.833,-0.033333333333333326,0.8166666666666667,0.8332222222222222
singleview_fft96,20-1,713101,5,leo_low_elev_weak,0.75,0.75,0.75,-0.008333333333333304,0.75,0.75
singleview_fft96,20-1,713101,5,leo_rain_weak,0.8166666666666667,0.675,0.7391061452513966,0.008333333333333304,0.675,0.7435909373060211
singleview_fft96,20-1,713102,1,leo_clear_weak,0.6416666666666667,0.675,0.6579113924050632,0.09999999999999998,0.6416666666666667,0.6581926863572433
singleview_fft96,20-1,713102,1,leo_low_elev_weak,0.6916666666666667,0.65,0.6701863354037266,0.04166666666666663,0.65,0.6706176673567977
singleview_fft96,20-1,713102,1,leo_rain_weak,0.5666666666666667,0.4,0.46896551724137936,0.09999999999999998,0.4,0.47854406130268207
singleview_fft96,20-1,713102,10,leo_clear_weak,0.875,0.925,0.8993055555555556,0.01666666666666672,0.875,0.8997685185185186
singleview_fft96,20-1,713102,10,leo_low_elev_weak,0.775,0.8,0.7873015873015874,0.025000000000000022,0.775,0.7874338624338625
singleview_fft96,20-1,713102,10,leo_rain_weak,0.8083333333333333,0.85,0.8286432160804021,0.016666666666666607,0.8083333333333333,0.8289921831379118
singleview_fft96,20-1,713102,2,leo_clear_weak,0.7416666666666667,0.65,0.6928143712574851,0.07499999999999996,0.65,0.694827012641384
singleview_fft96,20-1,713102,2,leo_low_elev_weak,0.6,0.6,0.6,0.09166666666666667,0.6,0.6
singleview_fft96,20-1,713102,2,leo_rain_weak,0.5916666666666667,0.55,0.57007299270073,0.04166666666666663,0.55,0.5705798864557989
singleview_fft96,20-1,713102,20,leo_clear_weak,0.9083333333333333,0.925,0.916590909090909,0.008333333333333304,0.9083333333333333,0.9166414141414142
singleview_fft96,20-1,713102,20,leo_low_elev_weak,0.8083333333333333,0.85,0.8286432160804021,0.0,0.8083333333333333,0.8289921831379118
singleview_fft96,20-1,713102,20,leo_rain_weak,0.875,0.8,0.8358208955223881,0.0,0.8,0.8369402985074627
singleview_fft96,20-1,713102,5,leo_clear_weak,0.8666666666666667,0.825,0.8453201970443349,0.0,0.825,0.8456622879036672
singleview_fft96,20-1,713102,5,leo_low_elev_weak,0.7083333333333334,0.675,0.691265060240964,0.033333333333333326,0.675,0.6915327978580992
singleview_fft96,20-1,713102,5,leo_rain_weak,0.7,0.775,0.735593220338983,0.09166666666666667,0.7,0.7368644067796609
singleview_fft96,20-1,713103,1,leo_clear_weak,0.4166666666666667,0.625,0.5,0.016666666666666663,0.4166666666666667,0.513888888888889
singleview_fft96,20-1,713103,1,leo_low_elev_weak,0.5,0.65,0.5652173913043479,0.050000000000000044,0.5,0.5717391304347826
singleview_fft96,20-1,713103,1,leo_rain_weak,0.38333333333333336,0.6,0.46779661016949153,0.11666666666666664,0.38333333333333336,0.48370998116760827
singleview_fft96,20-1,713103,10,leo_clear_weak,0.825,0.825,0.825,0.01666666666666672,0.825,0.8249999999999998
singleview_fft96,20-1,713103,10,leo_low_elev_weak,0.825,0.75,0.7857142857142856,0.0,0.75,0.7869047619047619
singleview_fft96,20-1,713103,10,leo_rain_weak,0.8416666666666667,0.725,0.7789893617021277,0.008333333333333304,0.725,0.7818853427895981
singleview_fft96,20-1,713103,2,leo_clear_weak,0.5916666666666667,0.625,0.607876712328767,0.1416666666666666,0.5916666666666667,0.6081811263318112
singleview_fft96,20-1,713103,2,leo_low_elev_weak,0.6083333333333333,0.7,0.6509554140127389,0.09166666666666667,0.6083333333333333,0.6530962491153574
singleview_fft96,20-1,713103,2,leo_rain_weak,0.6,0.5,0.5454545454545454,0.10833333333333339,0.5,0.5484848484848485
singleview_fft96,20-1,713103,20,leo_clear_weak,0.925,0.875,0.8993055555555556,-0.008333333333333415,0.875,0.8997685185185186
singleview_fft96,20-1,713103,20,leo_low_elev_weak,0.8416666666666667,0.825,0.83325,0.008333333333333304,0.825,0.8333055555555555
singleview_fft96,20-1,713103,20,leo_rain_weak,0.875,0.8,0.8358208955223881,0.01666666666666672,0.8,0.8369402985074627
singleview_fft96,20-1,713103,5,leo_clear_weak,0.7833333333333333,0.775,0.7791443850267379,0.008333333333333304,0.775,0.7791592394533571
singleview_fft96,20-1,713103,5,leo_low_elev_weak,0.775,0.75,0.7622950819672132,0.016666666666666607,0.75,0.7624316939890711
singleview_fft96,20-1,713103,5,leo_rain_weak,0.7666666666666667,0.575,0.6571428571428571,0.04999999999999993,0.575,0.6662698412698412
singleview_fft96,20-1,713104,1,leo_clear_weak,0.55,0.6,0.5739130434782609,0.07499999999999996,0.55,0.5746376811594204
singleview_fft96,20-1,713104,1,leo_low_elev_weak,0.5333333333333333,0.675,0.5958620689655172,0.01666666666666672,0.5333333333333333,0.6013984674329502
singleview_fft96,20-1,713104,1,leo_rain_weak,0.525,0.55,0.5372093023255814,0.09999999999999998,0.525,0.5374031007751938
singleview_fft96,20-1,713104,10,leo_clear_weak,0.85,0.775,0.8107692307692307,0.01666666666666672,0.775,0.811923076923077
singleview_fft96,20-1,713104,10,leo_low_elev_weak,0.7666666666666667,0.75,0.7582417582417583,0.02499999999999991,0.75,0.7583028083028083
singleview_fft96,20-1,713104,10,leo_rain_weak,0.7916666666666666,0.75,0.7702702702702704,0.025000000000000022,0.75,0.7706456456456457
singleview_fft96,20-1,713104,2,leo_clear_weak,0.7333333333333333,0.7,0.7162790697674419,0.01666666666666672,0.7,0.7165374677002584
singleview_fft96,20-1,713104,2,leo_low_elev_weak,0.6666666666666666,0.675,0.670807453416149,0.06666666666666665,0.6666666666666666,0.670824706694272
singleview_fft96,20-1,713104,2,leo_rain_weak,0.65,0.65,0.65,0.05833333333333335,0.65,0.65
singleview_fft96,20-1,713104,20,leo_clear_weak,0.8333333333333334,0.875,0.8536585365853658,0.02499999999999991,0.8333333333333334,0.8539972899728997
singleview_fft96,20-1,713104,20,leo_low_elev_weak,0.7916666666666666,0.75,0.7702702702702704,0.0,0.75,0.7706456456456457
singleview_fft96,20-1,713104,20,leo_rain_weak,0.8333333333333334,0.7,0.7608695652173915,0.008333333333333304,0.7,0.7647342995169083
singleview_fft96,20-1,713104,5,leo_clear_weak,0.7916666666666666,0.725,0.7568681318681317,0.008333333333333415,0.725,0.7578449328449328
singleview_fft96,20-1,713104,5,leo_low_elev_weak,0.7333333333333333,0.725,0.7291428571428571,0.06666666666666676,0.725,0.7291587301587302
singleview_fft96,20-1,713104,5,leo_rain_weak,0.6916666666666667,0.675,0.6832317073170732,0.01666666666666672,0.675,0.6832994579945799
singleview_fft96,20-1,713105,1,leo_clear_weak,0.5,0.55,0.5238095238095238,0.09999999999999998,0.5,0.5246031746031746
singleview_fft96,20-1,713105,1,leo_low_elev_weak,0.6166666666666667,0.5,0.5522388059701493,0.09166666666666667,0.5,0.556301824212272
singleview_fft96,20-1,713105,1,leo_rain_weak,0.575,0.525,0.5488636363636363,0.09166666666666667,0.525,0.5496212121212122
singleview_fft96,20-1,713105,10,leo_clear_weak,0.95,0.85,0.8972222222222223,0.0,0.85,0.899074074074074
singleview_fft96,20-1,713105,10,leo_low_elev_weak,0.8416666666666667,0.725,0.7789893617021277,0.016666666666666607,0.725,0.7818853427895981
singleview_fft96,20-1,713105,10,leo_rain_weak,0.825,0.7,0.7573770491803278,0.01666666666666672,0.7,0.7607923497267759
singleview_fft96,20-1,713105,2,leo_clear_weak,0.825,0.6,0.6947368421052632,0.008333333333333415,0.6,0.7065789473684211
singleview_fft96,20-1,713105,2,leo_low_elev_weak,0.7,0.475,0.5659574468085107,0.07500000000000007,0.475,0.5803191489361702
singleview_fft96,20-1,713105,2,leo_rain_weak,0.7,0.55,0.616,0.07500000000000007,0.55,0.622
singleview_fft96,20-1,713105,20,leo_clear_weak,0.925,0.925,0.925,-0.008333333333333415,0.925,0.9250000000000002
singleview_fft96,20-1,713105,20,leo_low_elev_weak,0.9083333333333333,0.825,0.8646634615384614,-0.04166666666666663,0.825,0.8659989316239316
singleview_fft96,20-1,713105,20,leo_rain_weak,0.8583333333333333,0.625,0.7233146067415729,0.01666666666666672,0.625,0.7355493133583021
singleview_fft96,20-1,713105,5,leo_clear_weak,0.9083333333333333,0.725,0.8063775510204082,-0.008333333333333304,0.725,0.8132369614512472
singleview_fft96,20-1,713105,5,leo_low_elev_weak,0.75,0.75,0.75,0.09999999999999998,0.75,0.75
singleview_fft96,20-1,713105,5,leo_rain_weak,0.8166666666666667,0.675,0.7391061452513966,0.01666666666666672,0.675,0.7435909373060211
singleview_fft96,3-19,713101,1,leo_clear_weak,0.38333333333333336,0.2,0.26285714285714284,0.04166666666666663,0.2,0.28206349206349207
singleview_fft96,3-19,713101,1,leo_low_elev_weak,0.43333333333333335,0.525,0.4747826086956522,0.06666666666666665,0.43333333333333335,0.4777053140096619
singleview_fft96,3-19,713101,1,leo_rain_weak,0.45,0.275,0.3413793103448276,0.008333333333333304,0.275,0.3554597701149425
singleview_fft96,3-19,713101,10,leo_clear_weak,0.6333333333333333,0.45,0.5261538461538462,0.07500000000000007,0.45,0.5364957264957265
singleview_fft96,3-19,713101,10,leo_low_elev_weak,0.5833333333333334,0.55,0.5661764705882354,0.08333333333333326,0.55,0.5665032679738563
singleview_fft96,3-19,713101,10,leo_rain_weak,0.65,0.425,0.513953488372093,0.08333333333333326,0.425,0.5296511627906977
singleview_fft96,3-19,713101,2,leo_clear_weak,0.55,0.225,0.31935483870967746,0.05833333333333324,0.225,0.36478494623655916
singleview_fft96,3-19,713101,2,leo_low_elev_weak,0.4666666666666667,0.5,0.4827586206896552,0.05833333333333335,0.4666666666666667,0.48314176245210727
singleview_fft96,3-19,713101,2,leo_rain_weak,0.5833333333333334,0.25,0.35000000000000003,0.04999999999999993,0.25,0.39444444444444443
singleview_fft96,3-19,713101,20,leo_clear_weak,0.6583333333333333,0.425,0.5165384615384616,0.07499999999999996,0.425,0.5332905982905983
singleview_fft96,3-19,713101,20,leo_low_elev_weak,0.5666666666666667,0.575,0.5708029197080292,0.08333333333333337,0.5666666666666667,0.570823195458232
singleview_fft96,3-19,713101,20,leo_rain_weak,0.675,0.35,0.4609756097560976,0.04999999999999993,0.35,0.49532520325203255
singleview_fft96,3-19,713101,5,leo_clear_weak,0.6333333333333333,0.325,0.4295652173913044,0.033333333333333326,0.325,0.46263285024154593
singleview_fft96,3-19,713101,5,leo_low_elev_weak,0.6333333333333333,0.375,0.47107438016528924,0.050000000000000044,0.375,0.49313590449954087
singleview_fft96,3-19,713101,5,leo_rain_weak,0.65,0.3,0.41052631578947374,0.05833333333333335,0.3,0.4535087719298246
singleview_fft96,3-19,713102,1,leo_clear_weak,0.4666666666666667,0.325,0.3831578947368421,0.1166666666666667,0.325,0.3916081871345029
singleview_fft96,3-19,713102,1,leo_low_elev_weak,0.44166666666666665,0.475,0.4577272727272727,0.08333333333333337,0.44166666666666665,0.4581313131313131
singleview_fft96,3-19,713102,1,leo_rain_weak,0.49166666666666664,0.4,0.4411214953271028,0.04999999999999999,0.4,0.44426272066458977
singleview_fft96,3-19,713102,10,leo_clear_weak,0.7166666666666667,0.45,0.5528571428571428,0.07499999999999996,0.45,0.5731746031746031
singleview_fft96,3-19,713102,10,leo_low_elev_weak,0.675,0.475,0.557608695652174,0.04166666666666663,0.475,0.5692028985507247
singleview_fft96,3-19,713102,10,leo_rain_weak,0.6666666666666666,0.525,0.5874125874125874,0.06666666666666665,0.525,0.593026418026418
singleview_fft96,3-19,713102,2,leo_clear_weak,0.5333333333333333,0.375,0.44036697247706424,0.1333333333333333,0.375,0.44956676860346584
singleview_fft96,3-19,713102,2,leo_low_elev_weak,0.6083333333333333,0.425,0.5004032258064516,0.050000000000000044,0.425,0.5112455197132616
singleview_fft96,3-19,713102,2,leo_rain_weak,0.525,0.225,0.315,0.09999999999999998,0.225,0.355
singleview_fft96,3-19,713102,20,leo_clear_weak,0.7333333333333333,0.575,0.6445859872611465,0.04166666666666674,0.575,0.6509731068648266
singleview_fft96,3-19,713102,20,leo_low_elev_weak,0.7,0.6,0.6461538461538462,0.06666666666666676,0.6,0.6487179487179487
singleview_fft96,3-19,713102,20,leo_rain_weak,0.65,0.55,0.5958333333333333,0.09999999999999998,0.55,0.5986111111111111
singleview_fft96,3-19,713102,5,leo_clear_weak,0.6666666666666666,0.35,0.4590163934426229,0.06666666666666665,0.35,0.4918943533697632
singleview_fft96,3-19,713102,5,leo_low_elev_weak,0.6416666666666667,0.475,0.5458955223880597,0.04999999999999993,0.475,0.5541873963515754
singleview_fft96,3-19,713102,5,leo_rain_weak,0.6166666666666667,0.45,0.5203125000000001,0.10833333333333328,0.45,0.5289930555555556
singleview_fft96,3-19,713103,1,leo_clear_weak,0.5166666666666667,0.375,0.4345794392523365,0.05833333333333324,0.375,0.4420820353063344
singleview_fft96,3-19,713103,1,leo_low_elev_weak,0.35833333333333334,0.35,0.35411764705882354,0.033333333333333326,0.35,0.3541503267973856
singleview_fft96,3-19,713103,1,leo_rain_weak,0.4166666666666667,0.35,0.38043478260869573,0.033333333333333326,0.35,0.38236714975845415
singleview_fft96,3-19,713103,10,leo_clear_weak,0.6916666666666667,0.5,0.5804195804195804,0.06666666666666665,0.5,0.5906954156954157
singleview_fft96,3-19,713103,10,leo_low_elev_weak,0.5083333333333333,0.55,0.5283464566929134,0.07500000000000007,0.5083333333333333,0.5288932633420823
singleview_fft96,3-19,713103,10,leo_rain_weak,0.5833333333333334,0.4,0.4745762711864407,0.09166666666666667,0.4,0.48596986817325805
singleview_fft96,3-19,713103,2,leo_clear_weak,0.575,0.5,0.5348837209302325,0.05833333333333335,0.5,0.5366279069767441
singleview_fft96,3-19,713103,2,leo_low_elev_weak,0.475,0.45,0.4621621621621621,0.016666666666666663,0.45,0.4623873873873874
singleview_fft96,3-19,713103,2,leo_rain_weak,0.475,0.5,0.48717948717948717,0.08333333333333337,0.475,0.4873931623931624
singleview_fft96,3-19,713103,20,leo_clear_weak,0.7333333333333333,0.525,0.6119205298013245,0.07500000000000007,0.525,0.6234179543782193
singleview_fft96,3-19,713103,20,leo_low_elev_weak,0.6,0.6,0.6,0.07500000000000007,0.6,0.6
singleview_fft96,3-19,713103,20,leo_rain_weak,0.6916666666666667,0.425,0.5264925373134328,0.033333333333333326,0.425,0.5477197346600332
singleview_fft96,3-19,713103,5,leo_clear_weak,0.65,0.475,0.5488888888888889,0.08333333333333326,0.475,0.557962962962963
singleview_fft96,3-19,713103,5,leo_low_elev_weak,0.475,0.5,0.48717948717948717,0.0,0.475,0.4873931623931624
singleview_fft96,3-19,713103,5,leo_rain_weak,0.575,0.55,0.5622222222222222,0.10000000000000009,0.55,0.5624074074074074
singleview_fft96,3-19,713104,1,leo_clear_weak,0.31666666666666665,0.45,0.3717391304347826,0.06666666666666671,0.31666666666666665,0.37946859903381647
singleview_fft96,3-19,713104,1,leo_low_elev_weak,0.45,0.275,0.3413793103448276,0.024999999999999967,0.275,0.3554597701149425
singleview_fft96,3-19,713104,1,leo_rain_weak,0.2916666666666667,0.45,0.3539325842696629,0.05833333333333329,0.2916666666666667,0.3651997503121098
singleview_fft96,3-19,713104,10,leo_clear_weak,0.625,0.6,0.6122448979591836,0.1166666666666667,0.6,0.6124149659863946
singleview_fft96,3-19,713104,10,leo_low_elev_weak,0.525,0.65,0.5808510638297874,0.10833333333333328,0.525,0.5852836879432625
singleview_fft96,3-19,713104,10,leo_rain_weak,0.6416666666666667,0.525,0.5775,0.11666666666666659,0.525,0.5813888888888888
singleview_fft96,3-19,713104,2,leo_clear_weak,0.575,0.425,0.48874999999999996,0.10833333333333339,0.425,0.49625
singleview_fft96,3-19,713104,2,leo_low_elev_weak,0.5333333333333333,0.35,0.4226415094339622,0.033333333333333326,0.35,0.4353249475890985
singleview_fft96,3-19,713104,2,leo_rain_weak,0.5666666666666667,0.3,0.39230769230769225,0.01666666666666672,0.3,0.41965811965811967
singleview_fft96,3-19,713104,20,leo_clear_weak,0.6583333333333333,0.575,0.6138513513513513,0.1166666666666667,0.575,0.6157282282282281
singleview_fft96,3-19,713104,20,leo_low_elev_weak,0.5833333333333334,0.6,0.591549295774648,0.09166666666666667,0.5833333333333334,0.5916275430359937
singleview_fft96,3-19,713104,20,leo_rain_weak,0.6916666666666667,0.5,0.5804195804195804,0.08333333333333337,0.5,0.5906954156954157
singleview_fft96,3-19,713104,5,leo_clear_weak,0.5666666666666667,0.45,0.5016393442622952,0.125,0.45,0.5061020036429873
singleview_fft96,3-19,713104,5,leo_low_elev_weak,0.475,0.65,0.5488888888888889,0.10833333333333339,0.475,0.557962962962963
singleview_fft96,3-19,713104,5,leo_rain_weak,0.5416666666666666,0.375,0.4431818181818182,0.06666666666666665,0.375,0.4532828282828283
singleview_fft96,3-19,713105,1,leo_clear_weak,0.625,0.125,0.20833333333333334,0.08333333333333337,0.125,0.3194444444444445
singleview_fft96,3-19,713105,1,leo_low_elev_weak,0.4583333333333333,0.275,0.34374999999999994,0.041666666666666685,0.275,0.3590277777777778
singleview_fft96,3-19,713105,1,leo_rain_weak,0.5666666666666667,0.15,0.23720930232558138,0.09999999999999998,0.15,0.3179586563307493
singleview_fft96,3-19,713105,10,leo_clear_weak,0.6666666666666666,0.425,0.5190839694656489,0.050000000000000044,0.425,0.5369168787107719
singleview_fft96,3-19,713105,10,leo_low_elev_weak,0.5916666666666667,0.45,0.5112,0.05833333333333335,0.45,0.5176222222222222
singleview_fft96,3-19,713105,10,leo_rain_weak,0.675,0.275,0.3907894736842106,0.02499999999999991,0.275,0.4469298245614035
singleview_fft96,3-19,713105,2,leo_clear_weak,0.5583333333333333,0.35,0.43027522935779816,0.08333333333333337,0.35,0.44620285423037714
singleview_fft96,3-19,713105,2,leo_low_elev_weak,0.5166666666666667,0.5,0.5081967213114755,0.033333333333333326,0.5,0.5082877959927141
singleview_fft96,3-19,713105,2,leo_rain_weak,0.55,0.3,0.388235294117647,0.02499999999999991,0.3,0.4127450980392157
singleview_fft96,3-19,713105,20,leo_clear_weak,0.725,0.5,0.5918367346938775,0.033333333333333326,0.5,0.6056122448979592
singleview_fft96,3-19,713105,20,leo_low_elev_weak,0.6333333333333333,0.575,0.6027586206896551,0.06666666666666665,0.575,0.6036973180076628
singleview_fft96,3-19,713105,20,leo_rain_weak,0.7416666666666667,0.375,0.498134328358209,0.025000000000000022,0.375,0.5382669983416252
singleview_fft96,3-19,713105,5,leo_clear_weak,0.6166666666666667,0.375,0.46638655462184875,0.07499999999999996,0.375,0.4860177404295052
singleview_fft96,3-19,713105,5,leo_low_elev_weak,0.65,0.5,0.5652173913043479,0.033333333333333326,0.5,0.5717391304347826
singleview_fft96,3-19,713105,5,leo_rain_weak,0.6166666666666667,0.275,0.380373831775701,0.04166666666666663,0.275,0.4240134994807892
singleview_fft96,7-14,713101,1,leo_clear_weak,0.8666666666666667,0.45,0.5924050632911393,-0.008333333333333415,0.45,0.6363572433192687
singleview_fft96,7-14,713101,1,leo_low_elev_weak,0.8083333333333333,0.625,0.7049418604651163,0.09999999999999998,0.625,0.7127583979328165
singleview_fft96,7-14,713101,1,leo_rain_weak,0.7416666666666667,0.525,0.6148026315789474,0.025000000000000022,0.525,0.627156432748538
singleview_fft96,7-14,713101,10,leo_clear_weak,0.9083333333333333,0.95,0.9286995515695067,0.0,0.9083333333333333,0.92901096163428
singleview_fft96,7-14,713101,10,leo_low_elev_weak,0.925,0.75,0.8283582089552239,0.008333333333333304,0.75,0.8344527363184081
singleview_fft96,7-14,713101,10,leo_rain_weak,0.8583333333333333,0.775,0.8145408163265305,0.0,0.775,0.8159580498866212
singleview_fft96,7-14,713101,2,leo_clear_weak,0.9083333333333333,0.625,0.7404891304347827,0.01666666666666672,0.625,0.7579408212560387
singleview_fft96,7-14,713101,2,leo_low_elev_weak,0.7916666666666666,0.75,0.7702702702702704,0.1166666666666667,0.75,0.7706456456456457
singleview_fft96,7-14,713101,2,leo_rain_weak,0.8166666666666667,0.6,0.691764705882353,0.050000000000000044,0.6,0.7028104575163399
singleview_fft96,7-14,713101,20,leo_clear_weak,0.95,0.925,0.9373333333333334,-0.008333333333333304,0.925,0.9374444444444444
singleview_fft96,7-14,713101,20,leo_low_elev_weak,0.9166666666666666,0.875,0.8953488372093024,0.025000000000000022,0.875,0.8956718346253231
singleview_fft96,7-14,713101,20,leo_rain_weak,0.875,0.825,0.8492647058823529,0.0,0.825,0.8497549019607843
singleview_fft96,7-14,713101,5,leo_clear_weak,0.925,0.7,0.7969230769230768,0.0,0.7,0.8073076923076923
singleview_fft96,7-14,713101,5,leo_low_elev_weak,0.8833333333333333,0.75,0.8112244897959183,0.025000000000000022,0.75,0.8148526077097505
singleview_fft96,7-14,713101,5,leo_rain_weak,0.8416666666666667,0.65,0.7335195530726257,0.016666666666666607,0.65,0.7417287399130975
singleview_fft96,7-14,713102,1,leo_clear_weak,0.85,0.55,0.6678571428571429,0.050000000000000044,0.55,0.6892857142857144
singleview_fft96,7-14,713102,1,leo_low_elev_weak,0.7416666666666667,0.5,0.5973154362416108,0.11666666666666659,0.5,0.6129940343027592
singleview_fft96,7-14,713102,1,leo_rain_weak,0.7583333333333333,0.475,0.5841216216216215,0.06666666666666665,0.475,0.6058183183183182
singleview_fft96,7-14,713102,10,leo_clear_weak,0.9,0.9,0.9,-0.008333333333333304,0.9,0.9
singleview_fft96,7-14,713102,10,leo_low_elev_weak,0.8833333333333333,0.8,0.8396039603960396,0.01666666666666672,0.8,0.840979097909791
singleview_fft96,7-14,713102,10,leo_rain_weak,0.825,0.8,0.8123076923076924,0.0,0.8,0.8124358974358975
singleview_fft96,7-14,713102,2,leo_clear_weak,0.8583333333333333,0.575,0.6886627906976744,0.01666666666666672,0.575,0.7073320413436693
singleview_fft96,7-14,713102,2,leo_low_elev_weak,0.8583333333333333,0.55,0.6704142011834321,0.025000000000000022,0.55,0.6929158448389218
singleview_fft96,7-14,713102,2,leo_rain_weak,0.7916666666666666,0.525,0.6313291139240507,0.008333333333333415,0.525,0.6493319268635724
singleview_fft96,7-14,713102,20,leo_clear_weak,0.8916666666666667,0.9,0.8958139534883721,0.0,0.8916666666666667,0.8958268733850129
singleview_fft96,7-14,713102,20,leo_low_elev_weak,0.9,0.8,0.8470588235294118,0.008333333333333304,0.8,0.8490196078431372
singleview_fft96,7-14,713102,20,leo_rain_weak,0.8333333333333334,0.925,0.8767772511848342,0.0,0.8333333333333334,0.8783701948393893
singleview_fft96,7-14,713102,5,leo_clear_weak,0.9083333333333333,0.7,0.7906735751295335,-0.016666666666666607,0.7,0.7996689694876222
singleview_fft96,7-14,713102,5,leo_low_elev_weak,0.85,0.675,0.7524590163934426,0.033333333333333326,0.675,0.7591530054644808
singleview_fft96,7-14,713102,5,leo_rain_weak,0.8666666666666667,0.65,0.7428571428571429,-0.01666666666666672,0.65,0.7531746031746032
singleview_fft96,7-14,713103,1,leo_clear_weak,0.9083333333333333,0.5,0.6449704142011835,0.008333333333333304,0.5,0.6844345825115056
singleview_fft96,7-14,713103,1,leo_low_elev_weak,0.6666666666666666,0.475,0.5547445255474452,0.1166666666666667,0.475,0.565470397404704
singleview_fft96,7-14,713103,1,leo_rain_weak,0.8583333333333333,0.425,0.5685064935064935,0.025000000000000022,0.425,0.6172799422799423
singleview_fft96,7-14,713103,10,leo_clear_weak,0.9166666666666666,0.9,0.908256880733945,0.01666666666666672,0.9,0.9083078491335371
singleview_fft96,7-14,713103,10,leo_low_elev_weak,0.925,0.925,0.925,0.0,0.925,0.9250000000000002
singleview_fft96,7-14,713103,10,leo_rain_weak,0.9083333333333333,0.725,0.8063775510204082,-0.008333333333333304,0.725,0.8132369614512472
singleview_fft96,7-14,713103,2,leo_clear_weak,0.8916666666666667,0.8,0.8433497536945812,0.033333333333333326,0.8,0.8450054734537492
singleview_fft96,7-14,713103,2,leo_low_elev_weak,0.8833333333333333,0.55,0.6779069767441861,0.025000000000000022,0.55,0.7037467700258399
singleview_fft96,7-14,713103,2,leo_rain_weak,0.8416666666666667,0.7,0.7643243243243243,0.033333333333333326,0.7,0.7686636636636637
singleview_fft96,7-14,713103,20,leo_clear_weak,0.9416666666666667,0.875,0.9071100917431193,0.0,0.875,0.9079255861365954
singleview_fft96,7-14,713103,20,leo_low_elev_weak,0.9333333333333333,0.9,0.9163636363636364,0.0,0.9,0.9165656565656567
singleview_fft96,7-14,713103,20,leo_rain_weak,0.9083333333333333,0.8,0.8507317073170731,-0.008333333333333304,0.8,0.8530216802168021
singleview_fft96,7-14,713103,5,leo_clear_weak,0.9166666666666666,0.8,0.854368932038835,0.01666666666666672,0.8,0.8570118662351672
singleview_fft96,7-14,713103,5,leo_low_elev_weak,0.8666666666666667,0.55,0.6729411764705883,0.033333333333333326,0.55,0.6965359477124183
singleview_fft96,7-14,713103,5,leo_rain_weak,0.8833333333333333,0.675,0.76524064171123,0.01666666666666672,0.675,0.7745246583481878
singleview_fft96,7-14,713104,1,leo_clear_weak,0.7333333333333333,0.875,0.7979274611398963,0.1166666666666667,0.7333333333333333,0.8020869314910765
singleview_fft96,7-14,713104,1,leo_low_elev_weak,0.6416666666666667,0.7,0.6695652173913043,0.08333333333333326,0.6416666666666667,0.6704106280193236
singleview_fft96,7-14,713104,1,leo_rain_weak,0.675,0.675,0.675,0.08333333333333326,0.675,0.6750000000000002
singleview_fft96,7-14,713104,10,leo_clear_weak,0.8666666666666667,0.875,0.8708133971291866,0.033333333333333326,0.8666666666666667,0.8708266879319511
singleview_fft96,7-14,713104,10,leo_low_elev_weak,0.85,0.825,0.8373134328358209,0.0,0.825,0.8374378109452736
singleview_fft96,7-14,713104,10,leo_rain_weak,0.8416666666666667,0.775,0.806958762886598,0.033333333333333326,0.775,0.8078751431844214
singleview_fft96,7-14,713104,2,leo_clear_weak,0.825,0.85,0.8373134328358209,0.05833333333333335,0.825,0.8374378109452736
singleview_fft96,7-14,713104,2,leo_low_elev_weak,0.7666666666666667,0.8,0.7829787234042553,0.07499999999999996,0.7666666666666667,0.7832151300236406
singleview_fft96,7-14,713104,2,leo_rain_weak,0.775,0.725,0.7491666666666666,0.07499999999999996,0.725,0.7497222222222222
singleview_fft96,7-14,713104,20,leo_clear_weak,0.8833333333333333,0.875,0.8791469194312796,0.025000000000000022,0.875,0.8791600842548709
singleview_fft96,7-14,713104,20,leo_low_elev_weak,0.8416666666666667,0.85,0.8458128078817735,0.0,0.8416666666666667,0.8458264915161466
singleview_fft96,7-14,713104,20,leo_rain_weak,0.8666666666666667,0.775,0.818274111675127,0.008333333333333304,0.775,0.8199802594472646
singleview_fft96,7-14,713104,5,leo_clear_weak,0.875,0.875,0.875,0.025000000000000022,0.875,0.875
singleview_fft96,7-14,713104,5,leo_low_elev_weak,0.85,0.825,0.8373134328358209,0.0,0.825,0.8374378109452736
singleview_fft96,7-14,713104,5,leo_rain_weak,0.8416666666666667,0.75,0.7931937172774868,0.025000000000000022,0.75,0.7949534613147179
singleview_fft96,7-14,713105,1,leo_clear_weak,0.875,0.75,0.8076923076923077,0.05833333333333335,0.75,0.8108974358974358
singleview_fft96,7-14,713105,1,leo_low_elev_weak,0.8333333333333334,0.6,0.6976744186046512,0.02499999999999991,0.6,0.7103359173126615
singleview_fft96,7-14,713105,1,leo_rain_weak,0.8916666666666667,0.425,0.5756329113924051,0.008333333333333304,0.425,0.6307665260196906
singleview_fft96,7-14,713105,10,leo_clear_weak,0.9166666666666666,0.9,0.908256880733945,0.008333333333333415,0.9,0.9083078491335371
singleview_fft96,7-14,713105,10,leo_low_elev_weak,0.8666666666666667,0.8,0.832,0.0,0.8,0.8328888888888889
singleview_fft96,7-14,713105,10,leo_rain_weak,0.925,0.85,0.8859154929577465,-0.008333333333333415,0.85,0.8869718309859156
singleview_fft96,7-14,713105,2,leo_clear_weak,0.9166666666666666,0.725,0.8096446700507615,0.01666666666666672,0.725,0.8171037789058094
singleview_fft96,7-14,713105,2,leo_low_elev_weak,0.8083333333333333,0.725,0.7644021739130435,0.025000000000000022,0.725,0.7659118357487923
singleview_fft96,7-14,713105,2,leo_rain_weak,0.9166666666666666,0.575,0.706703910614525,0.0,0.575,0.7327901924270638
singleview_fft96,7-14,713105,20,leo_clear_weak,0.9416666666666667,0.9,0.9203619909502262,0.0,0.9,0.9206762192056309
singleview_fft96,7-14,713105,20,leo_low_elev_weak,0.875,0.825,0.8492647058823529,0.0,0.825,0.8497549019607843
singleview_fft96,7-14,713105,20,leo_rain_weak,0.9083333333333333,0.85,0.8781990521327014,0.0,0.85,0.8788441284886783
singleview_fft96,7-14,713105,5,leo_clear_weak,0.925,0.9,0.9123287671232876,0.008333333333333304,0.9,0.9124429223744293
singleview_fft96,7-14,713105,5,leo_low_elev_weak,0.85,0.75,0.7968749999999999,0.0,0.75,0.7989583333333332
singleview_fft96,7-14,713105,5,leo_rain_weak,0.9,0.8,0.8470588235294118,0.008333333333333304,0.8,0.8490196078431372
singleview_fft96,7-7,713101,1,leo_clear_weak,0.7666666666666667,0.55,0.640506329113924,0.07499999999999996,0.55,0.6523909985935302
singleview_fft96,7-7,713101,1,leo_low_elev_weak,0.675,0.5,0.574468085106383,0.04999999999999993,0.5,0.5831560283687943
singleview_fft96,7-7,713101,1,leo_rain_weak,0.6916666666666667,0.475,0.5632142857142857,0.1333333333333333,0.475,0.5766269841269841
singleview_fft96,7-7,713101,10,leo_clear_weak,0.9416666666666667,0.85,0.8934883720930233,0.0,0.85,0.8950516795865634
singleview_fft96,7-7,713101,10,leo_low_elev_weak,0.875,0.8,0.8358208955223881,0.008333333333333304,0.8,0.8369402985074627
singleview_fft96,7-7,713101,10,leo_rain_weak,0.8833333333333333,0.575,0.6965714285714285,0.04166666666666674,0.575,0.7183015873015872
singleview_fft96,7-7,713101,2,leo_clear_weak,0.85,0.55,0.6678571428571429,0.025000000000000022,0.55,0.6892857142857144
singleview_fft96,7-7,713101,2,leo_low_elev_weak,0.7333333333333333,0.525,0.6119205298013245,0.01666666666666672,0.525,0.6234179543782193
singleview_fft96,7-7,713101,2,leo_rain_weak,0.7166666666666667,0.6,0.6531645569620254,0.15000000000000002,0.6,0.6566104078762307
singleview_fft96,7-7,713101,20,leo_clear_weak,0.9166666666666666,0.85,0.8820754716981131,0.01666666666666672,0.85,0.8829140461215932
singleview_fft96,7-7,713101,20,leo_low_elev_weak,0.8666666666666667,0.9,0.8830188679245283,-0.01666666666666672,0.8666666666666667,0.8832285115303984
singleview_fft96,7-7,713101,20,leo_rain_weak,0.8916666666666667,0.725,0.7997422680412372,-0.008333333333333415,0.725,0.8054696449026345
singleview_fft96,7-7,713101,5,leo_clear_weak,0.8916666666666667,0.875,0.8832547169811322,-0.008333333333333415,0.875,0.8833071278825996
singleview_fft96,7-7,713101,5,leo_low_elev_weak,0.825,0.75,0.7857142857142856,0.0,0.75,0.7869047619047619
singleview_fft96,7-7,713101,5,leo_rain_weak,0.7583333333333333,0.7,0.728,0.09166666666666667,0.7,0.7287777777777777
singleview_fft96,7-7,713102,1,leo_clear_weak,0.775,0.425,0.5489583333333333,0.05833333333333335,0.425,0.5829861111111111
singleview_fft96,7-7,713102,1,leo_low_elev_weak,0.6583333333333333,0.525,0.5841549295774648,0.08333333333333337,0.525,0.5891627543035994
singleview_fft96,7-7,713102,1,leo_rain_weak,0.6666666666666666,0.45,0.5373134328358209,0.18333333333333335,0.45,0.5513266998341625
singleview_fft96,7-7,713102,10,leo_clear_weak,0.8666666666666667,0.85,0.858252427184466,0.008333333333333304,0.85,0.8583063646170442
singleview_fft96,7-7,713102,10,leo_low_elev_weak,0.8583333333333333,0.775,0.8145408163265305,0.0,0.775,0.8159580498866212
singleview_fft96,7-7,713102,10,leo_rain_weak,0.8333333333333334,0.625,0.7142857142857143,0.033333333333333326,0.625,0.7242063492063492
singleview_fft96,7-7,713102,2,leo_clear_weak,0.8,0.6,0.6857142857142857,0.05833333333333324,0.6,0.6952380952380953
singleview_fft96,7-7,713102,2,leo_low_elev_weak,0.8083333333333333,0.425,0.5570945945945946,0.04999999999999993,0.425,0.5968093093093093
singleview_fft96,7-7,713102,2,leo_rain_weak,0.6833333333333333,0.425,0.5240601503759398,0.18333333333333335,0.425,0.5441311612364244
singleview_fft96,7-7,713102,20,leo_clear_weak,0.875,0.85,0.8623188405797101,0.01666666666666672,0.85,0.8624396135265701
singleview_fft96,7-7,713102,20,leo_low_elev_weak,0.8916666666666667,0.75,0.8147208121827412,0.0,0.75,0.818795826283136
singleview_fft96,7-7,713102,20,leo_rain_weak,0.9,0.7,0.7875,0.008333333333333304,0.7,0.7958333333333334
singleview_fft96,7-7,713102,5,leo_clear_weak,0.8083333333333333,0.85,0.8286432160804021,0.04999999999999993,0.8083333333333333,0.8289921831379118
singleview_fft96,7-7,713102,5,leo_low_elev_weak,0.8333333333333334,0.6,0.6976744186046512,0.02499999999999991,0.6,0.7103359173126615
singleview_fft96,7-7,713102,5,leo_rain_weak,0.8166666666666667,0.675,0.7391061452513966,0.025000000000000022,0.675,0.7435909373060211
singleview_fft96,7-7,713103,1,leo_clear_weak,0.425,0.275,0.33392857142857146,0.11666666666666664,0.275,0.3446428571428572
singleview_fft96,7-7,713103,1,leo_low_elev_weak,0.425,0.4,0.41212121212121217,0.04999999999999999,0.4,0.41237373737373745
singleview_fft96,7-7,713103,1,leo_rain_weak,0.4083333333333333,0.375,0.3909574468085107,0.06666666666666665,0.375,0.3914302600472814
singleview_fft96,7-7,713103,10,leo_clear_weak,0.9333333333333333,0.85,0.8897196261682243,0.0,0.85,0.8910176531671858
singleview_fft96,7-7,713103,10,leo_low_elev_weak,0.875,0.825,0.8492647058823529,0.008333333333333304,0.825,0.8497549019607843
singleview_fft96,7-7,713103,10,leo_rain_weak,0.9,0.7,0.7875,-0.008333333333333304,0.7,0.7958333333333334
singleview_fft96,7-7,713103,2,leo_clear_weak,0.6916666666666667,0.75,0.7196531791907516,0.10833333333333339,0.6916666666666667,0.7204399486191394
singleview_fft96,7-7,713103,2,leo_low_elev_weak,0.6,0.675,0.6352941176470589,0.033333333333333326,0.6,0.636764705882353
singleview_fft96,7-7,713103,2,leo_rain_weak,0.5666666666666667,0.65,0.6054794520547945,0.07500000000000007,0.5666666666666667,0.6073820395738204
singleview_fft96,7-7,713103,20,leo_clear_weak,0.925,0.85,0.8859154929577465,0.008333333333333304,0.85,0.8869718309859156
singleview_fft96,7-7,713103,20,leo_low_elev_weak,0.8916666666666667,0.85,0.8703349282296651,-0.025000000000000022,0.85,0.8706671982987771
singleview_fft96,7-7,713103,20,leo_rain_weak,0.8916666666666667,0.75,0.8147208121827412,0.008333333333333304,0.75,0.818795826283136
singleview_fft96,7-7,713103,5,leo_clear_weak,0.9,0.875,0.8873239436619719,0.025000000000000022,0.875,0.8874413145539907
singleview_fft96,7-7,713103,5,leo_low_elev_weak,0.7833333333333333,0.825,0.8036269430051813,0.04166666666666663,0.7833333333333333,0.8039867587795048
singleview_fft96,7-7,713103,5,leo_rain_weak,0.8416666666666667,0.675,0.7491758241758242,0.08333333333333337,0.675,0.7552808302808303
singleview_fft96,7-7,713104,1,leo_clear_weak,0.775,0.8,0.7873015873015874,0.15000000000000002,0.775,0.7874338624338625
singleview_fft96,7-7,713104,1,leo_low_elev_weak,0.6416666666666667,0.575,0.6065068493150685,0.1333333333333333,0.575,0.6077245053272451
singleview_fft96,7-7,713104,1,leo_rain_weak,0.625,0.45,0.5232558139534884,0.15833333333333333,0.45,0.5327519379844962
singleview_fft96,7-7,713104,10,leo_clear_weak,0.925,0.925,0.925,-0.04166666666666674,0.925,0.9250000000000002
singleview_fft96,7-7,713104,10,leo_low_elev_weak,0.8666666666666667,0.825,0.8453201970443349,0.025000000000000022,0.825,0.8456622879036672
singleview_fft96,7-7,713104,10,leo_rain_weak,0.875,0.775,0.821969696969697,-0.01666666666666672,0.775,0.823989898989899
singleview_fft96,7-7,713104,2,leo_clear_weak,0.95,0.825,0.8830985915492957,0.008333333333333415,0.825,0.8860328638497652
singleview_fft96,7-7,713104,2,leo_low_elev_weak,0.725,0.55,0.6254901960784314,0.050000000000000044,0.55,0.6334967320261438
singleview_fft96,7-7,713104,2,leo_rain_weak,0.8416666666666667,0.6,0.7005780346820809,0.09166666666666667,0.6,0.7140815671162493
singleview_fft96,7-7,713104,20,leo_clear_weak,0.8833333333333333,0.9,0.8915887850467291,-0.016666666666666607,0.8833333333333333,0.8916407061266876
singleview_fft96,7-7,713104,20,leo_low_elev_weak,0.875,0.9,0.8873239436619719,-0.008333333333333304,0.875,0.8874413145539907
singleview_fft96,7-7,713104,20,leo_rain_weak,0.8083333333333333,0.875,0.8403465346534653,0.0,0.8083333333333333,0.8412266226622661
singleview_fft96,7-7,713104,5,leo_clear_weak,0.9083333333333333,0.875,0.891355140186916,0.04166666666666663,0.875,0.8915628245067498
singleview_fft96,7-7,713104,5,leo_low_elev_weak,0.9,0.7,0.7875,0.033333333333333326,0.7,0.7958333333333334
singleview_fft96,7-7,713104,5,leo_rain_weak,0.8916666666666667,0.75,0.8147208121827412,0.04999999999999993,0.75,0.818795826283136
singleview_fft96,7-7,713105,1,leo_clear_weak,0.775,0.425,0.5489583333333333,0.1166666666666667,0.425,0.5829861111111111
singleview_fft96,7-7,713105,1,leo_low_elev_weak,0.7583333333333333,0.4,0.5237410071942447,0.0,0.4,0.560691446842526
singleview_fft96,7-7,713105,1,leo_rain_weak,0.8666666666666667,0.4,0.5473684210526316,0.025000000000000022,0.4,0.6046783625730995
singleview_fft96,7-7,713105,10,leo_clear_weak,0.9333333333333333,0.775,0.8468292682926829,0.008333333333333304,0.775,0.8517208672086721
singleview_fft96,7-7,713105,10,leo_low_elev_weak,0.925,0.7,0.7969230769230768,0.02499999999999991,0.7,0.8073076923076923
singleview_fft96,7-7,713105,10,leo_rain_weak,0.9083333333333333,0.7,0.7906735751295335,0.0,0.7,0.7996689694876222
singleview_fft96,7-7,713105,2,leo_clear_weak,0.8083333333333333,0.725,0.7644021739130435,0.09999999999999998,0.725,0.7659118357487923
singleview_fft96,7-7,713105,2,leo_low_elev_weak,0.8,0.55,0.6518518518518519,0.04999999999999993,0.55,0.667283950617284
singleview_fft96,7-7,713105,2,leo_rain_weak,0.8666666666666667,0.4,0.5473684210526316,0.016666666666666607,0.4,0.6046783625730995
singleview_fft96,7-7,713105,20,leo_clear_weak,0.95,0.875,0.910958904109589,0.008333333333333415,0.875,0.911986301369863
singleview_fft96,7-7,713105,20,leo_low_elev_weak,0.9416666666666667,0.725,0.8192499999999999,0.01666666666666672,0.725,0.8286388888888888
singleview_fft96,7-7,713105,20,leo_rain_weak,0.9333333333333333,0.7,0.8,0.0,0.7,0.8111111111111112
singleview_fft96,7-7,713105,5,leo_clear_weak,0.925,0.675,0.7804687500000002,0.008333333333333304,0.675,0.7934895833333334
singleview_fft96,7-7,713105,5,leo_low_elev_weak,0.8416666666666667,0.7,0.7643243243243243,0.033333333333333326,0.7,0.7686636636636637
singleview_fft96,7-7,713105,5,leo_rain_weak,0.9166666666666666,0.525,0.6676300578034682,0.008333333333333415,0.525,0.7030989081567117
singleview_fft96,8-8,713101,1,leo_clear_weak,0.65,0.675,0.6622641509433962,0.125,0.65,0.6624213836477987
singleview_fft96,8-8,713101,1,leo_low_elev_weak,0.575,0.575,0.575,0.01666666666666672,0.575,0.575
singleview_fft96,8-8,713101,1,leo_rain_weak,0.6333333333333333,0.6,0.6162162162162161,0.15000000000000002,0.6,0.6165165165165165
singleview_fft96,8-8,713101,10,leo_clear_weak,0.8916666666666667,0.85,0.8703349282296651,-0.008333333333333415,0.85,0.8706671982987771
singleview_fft96,8-8,713101,10,leo_low_elev_weak,0.825,0.7,0.7573770491803278,0.01666666666666672,0.7,0.7607923497267759
singleview_fft96,8-8,713101,10,leo_rain_weak,0.8583333333333333,0.7,0.7711229946524064,0.008333333333333415,0.7,0.7764854426619131
singleview_fft96,8-8,713101,2,leo_clear_weak,0.7416666666666667,0.7,0.7202312138728324,0.09166666666666667,0.7,0.7206326268464996
singleview_fft96,8-8,713101,2,leo_low_elev_weak,0.5583333333333333,0.6,0.5784172661870505,0.15833333333333333,0.5583333333333333,0.5789168665067946
singleview_fft96,8-8,713101,2,leo_rain_weak,0.65,0.6,0.624,0.1333333333333333,0.6,0.6246666666666667
singleview_fft96,8-8,713101,20,leo_clear_weak,0.9166666666666666,0.95,0.9330357142857142,-0.016666666666666607,0.9166666666666666,0.9332341269841269
singleview_fft96,8-8,713101,20,leo_low_elev_weak,0.8333333333333334,0.775,0.8031088082901554,0.02499999999999991,0.775,0.8038140472078297
singleview_fft96,8-8,713101,20,leo_rain_weak,0.8583333333333333,0.85,0.8541463414634146,0.0,0.85,0.854159891598916
singleview_fft96,8-8,713101,5,leo_clear_weak,0.825,0.75,0.7857142857142856,0.01666666666666672,0.75,0.7869047619047619
singleview_fft96,8-8,713101,5,leo_low_elev_weak,0.725,0.75,0.7372881355932203,0.09999999999999998,0.725,0.7374293785310734
singleview_fft96,8-8,713101,5,leo_rain_weak,0.7916666666666666,0.65,0.7138728323699421,0.08333333333333337,0.65,0.7185131663455362
singleview_fft96,8-8,713102,1,leo_clear_weak,0.7,0.5,0.5833333333333334,0.008333333333333415,0.5,0.5944444444444444
singleview_fft96,8-8,713102,1,leo_low_elev_weak,0.675,0.425,0.521590909090909,0.04999999999999993,0.425,0.540530303030303
singleview_fft96,8-8,713102,1,leo_rain_weak,0.7583333333333333,0.275,0.40362903225806457,0.01666666666666672,0.275,0.47898745519713265
singleview_fft96,8-8,713102,10,leo_clear_weak,0.8083333333333333,0.925,0.8627403846153847,0.025000000000000022,0.8083333333333333,0.865357905982906
singleview_fft96,8-8,713102,10,leo_low_elev_weak,0.7833333333333333,0.8,0.791578947368421,0.01666666666666672,0.7833333333333333,0.7916374269005848
singleview_fft96,8-8,713102,10,leo_rain_weak,0.8,0.8,0.8000000000000002,0.016666666666666607,0.8,0.8000000000000002
singleview_fft96,8-8,713102,2,leo_clear_weak,0.6833333333333333,0.675,0.6791411042944786,0.025000000000000022,0.675,0.6791581458759373
singleview_fft96,8-8,713102,2,leo_low_elev_weak,0.6916666666666667,0.65,0.6701863354037266,0.04166666666666663,0.65,0.6706176673567977
singleview_fft96,8-8,713102,2,leo_rain_weak,0.75,0.425,0.5425531914893617,0.04166666666666663,0.425,0.5725177304964538
singleview_fft96,8-8,713102,20,leo_clear_weak,0.825,0.975,0.89375,0.0,0.825,0.8979166666666667
singleview_fft96,8-8,713102,20,leo_low_elev_weak,0.8083333333333333,0.825,0.8165816326530613,0.008333333333333304,0.8083333333333333,0.8166383219954648
singleview_fft96,8-8,713102,20,leo_rain_weak,0.8083333333333333,0.825,0.8165816326530613,0.008333333333333304,0.8083333333333333,0.8166383219954648
singleview_fft96,8-8,713102,5,leo_clear_weak,0.7833333333333333,0.85,0.8153061224489795,0.008333333333333304,0.7833333333333333,0.8162131519274376
singleview_fft96,8-8,713102,5,leo_low_elev_weak,0.75,0.675,0.7105263157894738,0.050000000000000044,0.675,0.7118421052631579
singleview_fft96,8-8,713102,5,leo_rain_weak,0.7916666666666666,0.45,0.5738255033557047,0.0,0.45,0.6051640566741238
singleview_fft96,8-8,713103,1,leo_clear_weak,0.8083333333333333,0.575,0.6719879518072289,0.033333333333333326,0.575,0.685107095046854
singleview_fft96,8-8,713103,1,leo_low_elev_weak,0.6,0.65,0.624,0.07500000000000007,0.6,0.6246666666666667
singleview_fft96,8-8,713103,1,leo_rain_weak,0.7166666666666667,0.25,0.3706896551724138,0.06666666666666665,0.25,0.44578544061302683
singleview_fft96,8-8,713103,10,leo_clear_weak,0.85,0.875,0.8623188405797101,0.01666666666666672,0.85,0.8624396135265701
singleview_fft96,8-8,713103,10,leo_low_elev_weak,0.7583333333333333,0.875,0.8125,0.033333333333333326,0.7583333333333333,0.8152777777777778
singleview_fft96,8-8,713103,10,leo_rain_weak,0.7916666666666666,0.725,0.7568681318681317,0.033333333333333326,0.725,0.7578449328449328
singleview_fft96,8-8,713103,2,leo_clear_weak,0.8,0.525,0.6339622641509434,0.04999999999999993,0.525,0.6529874213836478
singleview_fft96,8-8,713103,2,leo_low_elev_weak,0.525,0.775,0.6259615384615385,0.06666666666666665,0.525,0.6419871794871795
singleview_fft96,8-8,713103,2,leo_rain_weak,0.7666666666666667,0.375,0.5036496350364964,0.02499999999999991,0.375,0.5484387672343877
singleview_fft96,8-8,713103,20,leo_clear_weak,0.8416666666666667,0.9,0.8698564593301435,0.025000000000000022,0.8416666666666667,0.8705077086656035
singleview_fft96,8-8,713103,20,leo_low_elev_weak,0.825,0.95,0.8830985915492957,0.0,0.825,0.8860328638497652
singleview_fft96,8-8,713103,20,leo_rain_weak,0.8,0.85,0.8242424242424243,0.02499999999999991,0.8,0.8247474747474749
singleview_fft96,8-8,713103,5,leo_clear_weak,0.8333333333333334,0.675,0.7458563535911604,0.033333333333333326,0.675,0.7513965623081647
singleview_fft96,8-8,713103,5,leo_low_elev_weak,0.7,0.825,0.7573770491803278,0.08333333333333337,0.7,0.7607923497267759
singleview_fft96,8-8,713103,5,leo_rain_weak,0.8,0.575,0.6690909090909091,0.02499999999999991,0.575,0.6813636363636363
singleview_fft96,8-8,713104,1,leo_clear_weak,0.8,0.65,0.7172413793103448,0.04166666666666663,0.65,0.7224137931034482
singleview_fft96,8-8,713104,1,leo_low_elev_weak,0.5583333333333333,0.625,0.5897887323943662,0.15000000000000002,0.5583333333333333,0.5910406885758999
singleview_fft96,8-8,713104,1,leo_rain_weak,0.7166666666666667,0.4,0.5134328358208955,0.07499999999999996,0.4,0.5433665008291874
singleview_fft96,8-8,713104,10,leo_clear_weak,0.8833333333333333,0.925,0.9036866359447006,0.01666666666666672,0.8833333333333333,0.9040066564260113
singleview_fft96,8-8,713104,10,leo_low_elev_weak,0.8416666666666667,0.825,0.83325,0.016666666666666607,0.825,0.8333055555555555
singleview_fft96,8-8,713104,10,leo_rain_weak,0.825,0.85,0.8373134328358209,0.01666666666666672,0.825,0.8374378109452736
singleview_fft96,8-8,713104,2,leo_clear_weak,0.6166666666666667,0.725,0.6664596273291925,0.08333333333333326,0.6166666666666667,0.669375431331953
singleview_fft96,8-8,713104,2,leo_low_elev_weak,0.5666666666666667,0.525,0.5450381679389312,0.07500000000000007,0.525,0.5455682782018659
singleview_fft96,8-8,713104,2,leo_rain_weak,0.6,0.7,0.6461538461538462,0.09166666666666667,0.6,0.6487179487179487
singleview_fft96,8-8,713104,20,leo_clear_weak,0.8916666666666667,0.9,0.8958139534883721,0.0,0.8916666666666667,0.8958268733850129
singleview_fft96,8-8,713104,20,leo_low_elev_weak,0.875,0.85,0.8623188405797101,0.008333333333333304,0.85,0.8624396135265701
singleview_fft96,8-8,713104,20,leo_rain_weak,0.85,0.825,0.8373134328358209,0.025000000000000022,0.825,0.8374378109452736
singleview_fft96,8-8,713104,5,leo_clear_weak,0.8583333333333333,0.85,0.8541463414634146,0.03333333333333344,0.85,0.854159891598916
singleview_fft96,8-8,713104,5,leo_low_elev_weak,0.8083333333333333,0.675,0.7356741573033708,0.04999999999999993,0.675,0.739669163545568
singleview_fft96,8-8,713104,5,leo_rain_weak,0.7333333333333333,0.85,0.7873684210526316,0.01666666666666672,0.7333333333333333,0.790233918128655
singleview_fft96,8-8,713105,1,leo_clear_weak,0.7333333333333333,0.275,0.4,0.050000000000000044,0.275,0.4694444444444444
singleview_fft96,8-8,713105,1,leo_low_elev_weak,0.6,0.5,0.5454545454545454,0.09999999999999998,0.5,0.5484848484848485
singleview_fft96,8-8,713105,1,leo_rain_weak,0.6916666666666667,0.1,0.17473684210526316,0.008333333333333304,0.1,0.3221345029239766
singleview_fft96,8-8,713105,10,leo_clear_weak,0.8333333333333334,0.775,0.8031088082901554,0.02499999999999991,0.775,0.8038140472078297
singleview_fft96,8-8,713105,10,leo_low_elev_weak,0.7416666666666667,0.825,0.7811170212765957,0.06666666666666665,0.7416666666666667,0.7825945626477541
singleview_fft96,8-8,713105,10,leo_rain_weak,0.8333333333333334,0.625,0.7142857142857143,0.008333333333333304,0.625,0.7242063492063492
singleview_fft96,8-8,713105,2,leo_clear_weak,0.8166666666666667,0.625,0.708092485549133,0.07500000000000007,0.625,0.7165863840719332
singleview_fft96,8-8,713105,2,leo_low_elev_weak,0.65,0.65,0.65,0.10833333333333328,0.65,0.65
singleview_fft96,8-8,713105,2,leo_rain_weak,0.6666666666666666,0.45,0.5373134328358209,0.09166666666666667,0.45,0.5513266998341625
singleview_fft96,8-8,713105,20,leo_clear_weak,0.8333333333333334,0.925,0.8767772511848342,0.02499999999999991,0.8333333333333334,0.8783701948393893
singleview_fft96,8-8,713105,20,leo_low_elev_weak,0.7833333333333333,0.85,0.8153061224489795,0.033333333333333326,0.7833333333333333,0.8162131519274376
singleview_fft96,8-8,713105,20,leo_rain_weak,0.825,0.7,0.7573770491803278,0.008333333333333415,0.7,0.7607923497267759
singleview_fft96,8-8,713105,5,leo_clear_weak,0.8416666666666667,0.7,0.7643243243243243,0.016666666666666607,0.7,0.7686636636636637
singleview_fft96,8-8,713105,5,leo_low_elev_weak,0.7583333333333333,0.75,0.7541436464088398,0.033333333333333326,0.75,0.754158993247391
singleview_fft96,8-8,713105,5,leo_rain_weak,0.8166666666666667,0.625,0.708092485549133,0.0,0.625,0.7165863840719332
full_legacy_oracle,20-1,713101,1,leo_clear_weak,0.5583333333333333,1.0,0.7165775401069518,-0.008333333333333304,0.5583333333333333,0.758303624480095
full_legacy_oracle,20-1,713101,1,leo_low_elev_weak,0.6083333333333333,0.8,0.6911242603550296,-0.02499999999999991,0.6083333333333333,0.699819197896121
full_legacy_oracle,20-1,713101,1,leo_rain_weak,0.6,0.9,0.7200000000000001,0.0,0.6,0.7400000000000001
full_legacy_oracle,20-1,713101,10,leo_clear_weak,0.875,1.0,0.9333333333333333,-0.01666666666666672,0.875,0.9361111111111112
full_legacy_oracle,20-1,713101,10,leo_low_elev_weak,0.7416666666666667,0.95,0.8330049261083744,-0.008333333333333415,0.7416666666666667,0.8415571975916804
full_legacy_oracle,20-1,713101,10,leo_rain_weak,0.8583333333333333,0.95,0.9018433179723502,-0.016666666666666607,0.8583333333333333,0.9033922171018944
full_legacy_oracle,20-1,713101,2,leo_clear_weak,0.7416666666666667,1.0,0.8516746411483254,0.008333333333333304,0.7416666666666667,0.8644471026049972
full_legacy_oracle,20-1,713101,2,leo_low_elev_weak,0.725,0.9,0.803076923076923,-0.025000000000000022,0.725,0.8093589743589744
full_legacy_oracle,20-1,713101,2,leo_rain_weak,0.675,0.95,0.7892307692307692,-0.008333333333333415,0.675,0.8047435897435897
full_legacy_oracle,20-1,713101,20,leo_clear_weak,0.9333333333333333,1.0,0.9655172413793104,0.0,0.9333333333333333,0.9662835249042145
full_legacy_oracle,20-1,713101,20,leo_low_elev_weak,0.775,0.95,0.853623188405797,-0.01666666666666672,0.775,0.8595410628019323
full_legacy_oracle,20-1,713101,20,leo_rain_weak,0.8166666666666667,1.0,0.8990825688073394,0.033333333333333326,0.8166666666666667,0.905249745158002
full_legacy_oracle,20-1,713101,5,leo_clear_weak,0.875,1.0,0.9333333333333333,-0.01666666666666672,0.875,0.9361111111111112
full_legacy_oracle,20-1,713101,5,leo_low_elev_weak,0.725,0.95,0.8223880597014926,-0.008333333333333304,0.725,0.8324626865671642
full_legacy_oracle,20-1,713101,5,leo_rain_weak,0.8083333333333333,0.95,0.8734597156398105,-0.025000000000000022,0.8083333333333333,0.8772643496577146
full_legacy_oracle,20-1,713102,1,leo_clear_weak,0.775,0.95,0.853623188405797,-0.01666666666666672,0.775,0.8595410628019323
full_legacy_oracle,20-1,713102,1,leo_low_elev_weak,0.75,0.85,0.7968749999999999,-0.008333333333333304,0.75,0.7989583333333332
full_legacy_oracle,20-1,713102,1,leo_rain_weak,0.725,0.8,0.760655737704918,-0.025000000000000022,0.725,0.7618852459016393
full_legacy_oracle,20-1,713102,10,leo_clear_weak,0.9333333333333333,1.0,0.9655172413793104,0.008333333333333304,0.9333333333333333,0.9662835249042145
full_legacy_oracle,20-1,713102,10,leo_low_elev_weak,0.875,1.0,0.9333333333333333,0.0,0.875,0.9361111111111112
full_legacy_oracle,20-1,713102,10,leo_rain_weak,0.8833333333333333,0.9,0.8915887850467291,0.0,0.8833333333333333,0.8916407061266876
full_legacy_oracle,20-1,713102,2,leo_clear_weak,0.75,1.0,0.8571428571428571,0.01666666666666672,0.75,0.8690476190476191
full_legacy_oracle,20-1,713102,2,leo_low_elev_weak,0.8,0.95,0.8685714285714285,-0.04166666666666674,0.8,0.8728571428571428
full_legacy_oracle,20-1,713102,2,leo_rain_weak,0.7166666666666667,0.9,0.797938144329897,-0.04166666666666663,0.7166666666666667,0.804868270332188
full_legacy_oracle,20-1,713102,20,leo_clear_weak,0.9083333333333333,1.0,0.9519650655021834,0.0,0.9083333333333333,0.9534327996118389
full_legacy_oracle,20-1,713102,20,leo_low_elev_weak,0.9333333333333333,1.0,0.9655172413793104,-0.008333333333333304,0.9333333333333333,0.9662835249042145
full_legacy_oracle,20-1,713102,20,leo_rain_weak,0.8916666666666667,0.95,0.9199095022624434,0.0,0.8916666666666667,0.9205253896430367
full_legacy_oracle,20-1,713102,5,leo_clear_weak,0.8583333333333333,1.0,0.9237668161434976,-0.016666666666666607,0.8583333333333333,0.9273667164922769
full_legacy_oracle,20-1,713102,5,leo_low_elev_weak,0.8083333333333333,1.0,0.8940092165898618,0.016666666666666607,0.8083333333333333,0.9007808499743984
full_legacy_oracle,20-1,713102,5,leo_rain_weak,0.875,0.9,0.8873239436619719,-0.01666666666666672,0.875,0.8874413145539907
full_legacy_oracle,20-1,713103,1,leo_clear_weak,0.7916666666666666,1.0,0.8837209302325582,-0.016666666666666607,0.7916666666666666,0.891795865633075
full_legacy_oracle,20-1,713103,1,leo_low_elev_weak,0.5583333333333333,0.85,0.6739644970414203,-0.008333333333333304,0.5583333333333333,0.6940992767915845
full_legacy_oracle,20-1,713103,1,leo_rain_weak,0.6916666666666667,0.85,0.7627027027027028,0.0,0.6916666666666667,0.768123123123123
full_legacy_oracle,20-1,713103,10,leo_clear_weak,0.9,0.95,0.9243243243243242,0.0,0.9,0.9247747747747748
full_legacy_oracle,20-1,713103,10,leo_low_elev_weak,0.7916666666666666,0.9,0.8423645320197045,0.0,0.7916666666666666,0.8446770662287904
full_legacy_oracle,20-1,713103,10,leo_rain_weak,0.8333333333333334,0.95,0.8878504672897196,-0.01666666666666672,0.8333333333333334,0.8903946002076842
full_legacy_oracle,20-1,713103,2,leo_clear_weak,0.8,1.0,0.888888888888889,-0.008333333333333415,0.8,0.8962962962962964
full_legacy_oracle,20-1,713103,2,leo_low_elev_weak,0.6833333333333333,0.85,0.7576086956521739,-0.008333333333333304,0.6833333333333333,0.763647342995169
full_legacy_oracle,20-1,713103,2,leo_rain_weak,0.725,0.95,0.8223880597014926,0.0,0.725,0.8324626865671642
full_legacy_oracle,20-1,713103,20,leo_clear_weak,0.9583333333333334,1.0,0.9787234042553191,0.0,0.9583333333333334,0.9790189125295509
full_legacy_oracle,20-1,713103,20,leo_low_elev_weak,0.8916666666666667,0.95,0.9199095022624434,0.0,0.8916666666666667,0.9205253896430367
full_legacy_oracle,20-1,713103,20,leo_rain_weak,0.8833333333333333,1.0,0.9380530973451328,-0.016666666666666607,0.8833333333333333,0.9404621435594888
full_legacy_oracle,20-1,713103,5,leo_clear_weak,0.8333333333333334,1.0,0.9090909090909091,0.008333333333333304,0.8333333333333334,0.914141414141414
full_legacy_oracle,20-1,713103,5,leo_low_elev_weak,0.75,0.9,0.8181818181818182,-0.008333333333333304,0.75,0.8227272727272728
full_legacy_oracle,20-1,713103,5,leo_rain_weak,0.7166666666666667,0.95,0.8170000000000001,0.04166666666666663,0.7166666666666667,0.8278888888888889
full_legacy_oracle,20-1,713104,1,leo_clear_weak,0.7166666666666667,0.95,0.8170000000000001,0.0,0.7166666666666667,0.8278888888888889
full_legacy_oracle,20-1,713104,1,leo_low_elev_weak,0.7,0.75,0.7241379310344827,0.0,0.7,0.7247126436781608
full_legacy_oracle,20-1,713104,1,leo_rain_weak,0.6333333333333333,0.95,0.7599999999999999,0.0,0.6333333333333333,0.7811111111111111
full_legacy_oracle,20-1,713104,10,leo_clear_weak,0.8833333333333333,1.0,0.9380530973451328,0.0,0.8833333333333333,0.9404621435594888
full_legacy_oracle,20-1,713104,10,leo_low_elev_weak,0.7416666666666667,0.9,0.8131979695431474,-0.008333333333333415,0.7416666666666667,0.8182882120699381
full_legacy_oracle,20-1,713104,10,leo_rain_weak,0.8,0.95,0.8685714285714285,-0.01666666666666672,0.8,0.8728571428571428
full_legacy_oracle,20-1,713104,2,leo_clear_weak,0.7833333333333333,0.9,0.8376237623762376,0.0,0.7833333333333333,0.8403190319031903
full_legacy_oracle,20-1,713104,2,leo_low_elev_weak,0.7,0.9,0.7875,-0.008333333333333304,0.7,0.7958333333333334
full_legacy_oracle,20-1,713104,2,leo_rain_weak,0.7083333333333334,0.85,0.7727272727272727,0.016666666666666607,0.7083333333333334,0.777020202020202
full_legacy_oracle,20-1,713104,20,leo_clear_weak,0.9583333333333334,1.0,0.9787234042553191,-0.025000000000000022,0.9583333333333334,0.9790189125295509
full_legacy_oracle,20-1,713104,20,leo_low_elev_weak,0.8333333333333334,0.9,0.8653846153846153,-0.01666666666666672,0.8333333333333334,0.8662393162393163
full_legacy_oracle,20-1,713104,20,leo_rain_weak,0.875,0.95,0.910958904109589,-0.008333333333333304,0.875,0.911986301369863
full_legacy_oracle,20-1,713104,5,leo_clear_weak,0.8833333333333333,1.0,0.9380530973451328,0.0,0.8833333333333333,0.9404621435594888
full_legacy_oracle,20-1,713104,5,leo_low_elev_weak,0.7416666666666667,0.9,0.8131979695431474,-0.025000000000000022,0.7416666666666667,0.8182882120699381
full_legacy_oracle,20-1,713104,5,leo_rain_weak,0.7916666666666666,0.9,0.8423645320197045,0.0,0.7916666666666666,0.8446770662287904
full_legacy_oracle,20-1,713105,1,leo_clear_weak,0.6833333333333333,0.95,0.7948979591836735,0.0,0.6833333333333333,0.8094104308390023
full_legacy_oracle,20-1,713105,1,leo_low_elev_weak,0.7166666666666667,0.65,0.6817073170731708,-0.033333333333333326,0.65,0.6827913279132791
full_legacy_oracle,20-1,713105,1,leo_rain_weak,0.6833333333333333,0.95,0.7948979591836735,0.0,0.6833333333333333,0.8094104308390023
full_legacy_oracle,20-1,713105,10,leo_clear_weak,0.9083333333333333,1.0,0.9519650655021834,0.0,0.9083333333333333,0.9534327996118389
full_legacy_oracle,20-1,713105,10,leo_low_elev_weak,0.8583333333333333,0.9,0.8786729857819905,-0.02499999999999991,0.8583333333333333,0.8790021063717747
full_legacy_oracle,20-1,713105,10,leo_rain_weak,0.8333333333333334,1.0,0.9090909090909091,0.008333333333333304,0.8333333333333334,0.914141414141414
full_legacy_oracle,20-1,713105,2,leo_clear_weak,0.75,0.95,0.838235294117647,0.0,0.75,0.846078431372549
full_legacy_oracle,20-1,713105,2,leo_low_elev_weak,0.7416666666666667,0.95,0.8330049261083744,0.0,0.7416666666666667,0.8415571975916804
full_legacy_oracle,20-1,713105,2,leo_rain_weak,0.8,0.9,0.8470588235294118,-0.008333333333333415,0.8,0.8490196078431372
full_legacy_oracle,20-1,713105,20,leo_clear_weak,0.9083333333333333,1.0,0.9519650655021834,-0.016666666666666607,0.9083333333333333,0.9534327996118389
full_legacy_oracle,20-1,713105,20,leo_low_elev_weak,0.8583333333333333,0.95,0.9018433179723502,0.0,0.8583333333333333,0.9033922171018944
full_legacy_oracle,20-1,713105,20,leo_rain_weak,0.9,1.0,0.9473684210526316,0.0,0.9,0.9491228070175439
full_legacy_oracle,20-1,713105,5,leo_clear_weak,0.8833333333333333,1.0,0.9380530973451328,-0.008333333333333304,0.8833333333333333,0.9404621435594888
full_legacy_oracle,20-1,713105,5,leo_low_elev_weak,0.7833333333333333,0.95,0.8586538461538461,-0.016666666666666607,0.7833333333333333,0.8639957264957264
full_legacy_oracle,20-1,713105,5,leo_rain_weak,0.825,1.0,0.9041095890410958,-0.008333333333333304,0.825,0.9097031963470319
full_legacy_oracle,3-19,713101,1,leo_clear_weak,0.5833333333333334,0.85,0.6918604651162791,0.0,0.5833333333333334,0.7083979328165375
full_legacy_oracle,3-19,713101,1,leo_low_elev_weak,0.5833333333333334,0.7,0.6363636363636365,0.008333333333333304,0.5833333333333334,0.63989898989899
full_legacy_oracle,3-19,713101,1,leo_rain_weak,0.6583333333333333,0.65,0.654140127388535,0.0,0.65,0.6541578202406227
full_legacy_oracle,3-19,713101,10,leo_clear_weak,0.7916666666666666,0.75,0.7702702702702704,-0.016666666666666607,0.75,0.7706456456456457
full_legacy_oracle,3-19,713101,10,leo_low_elev_weak,0.7666666666666667,0.75,0.7582417582417583,0.0,0.75,0.7583028083028083
full_legacy_oracle,3-19,713101,10,leo_rain_weak,0.7083333333333334,0.8,0.7513812154696135,0.008333333333333304,0.7083333333333334,0.7532381829343157
full_legacy_oracle,3-19,713101,2,leo_clear_weak,0.75,0.8,0.7741935483870969,-0.025000000000000022,0.75,0.774731182795699
full_legacy_oracle,3-19,713101,2,leo_low_elev_weak,0.675,0.7,0.6872727272727273,-0.008333333333333415,0.675,0.6874242424242425
full_legacy_oracle,3-19,713101,2,leo_rain_weak,0.675,0.7,0.6872727272727273,-0.01666666666666672,0.675,0.6874242424242425
full_legacy_oracle,3-19,713101,20,leo_clear_weak,0.8083333333333333,0.8,0.8041450777202073,0.008333333333333304,0.8,0.8041594703511802
full_legacy_oracle,3-19,713101,20,leo_low_elev_weak,0.7916666666666666,0.75,0.7702702702702704,0.0,0.75,0.7706456456456457
full_legacy_oracle,3-19,713101,20,leo_rain_weak,0.7833333333333333,0.8,0.791578947368421,-0.008333333333333304,0.7833333333333333,0.7916374269005848
full_legacy_oracle,3-19,713101,5,leo_clear_weak,0.775,0.7,0.735593220338983,0.0,0.7,0.7368644067796609
full_legacy_oracle,3-19,713101,5,leo_low_elev_weak,0.75,0.7,0.7241379310344827,-0.01666666666666672,0.7,0.7247126436781608
full_legacy_oracle,3-19,713101,5,leo_rain_weak,0.7083333333333334,0.75,0.7285714285714285,0.0,0.7083333333333334,0.7289682539682539
full_legacy_oracle,3-19,713102,1,leo_clear_weak,0.5666666666666667,0.65,0.6054794520547945,0.01666666666666672,0.5666666666666667,0.6073820395738204
full_legacy_oracle,3-19,713102,1,leo_low_elev_weak,0.49166666666666664,0.7,0.5776223776223776,-0.024999999999999967,0.49166666666666664,0.5897630147630147
full_legacy_oracle,3-19,713102,1,leo_rain_weak,0.55,0.7,0.616,0.008333333333333304,0.55,0.622
full_legacy_oracle,3-19,713102,10,leo_clear_weak,0.7416666666666667,0.95,0.8330049261083744,0.008333333333333304,0.7416666666666667,0.8415571975916804
full_legacy_oracle,3-19,713102,10,leo_low_elev_weak,0.775,0.9,0.8328358208955223,0.008333333333333304,0.775,0.8359452736318408
full_legacy_oracle,3-19,713102,10,leo_rain_weak,0.775,0.75,0.7622950819672132,0.0,0.75,0.7624316939890711
full_legacy_oracle,3-19,713102,2,leo_clear_weak,0.65,0.8,0.7172413793103448,0.008333333333333304,0.65,0.7224137931034482
full_legacy_oracle,3-19,713102,2,leo_low_elev_weak,0.725,0.8,0.760655737704918,0.0,0.725,0.7618852459016393
full_legacy_oracle,3-19,713102,2,leo_rain_weak,0.6416666666666667,0.7,0.6695652173913043,0.0,0.6416666666666667,0.6704106280193236
full_legacy_oracle,3-19,713102,20,leo_clear_weak,0.7916666666666666,0.95,0.8636363636363635,-0.008333333333333304,0.7916666666666666,0.8684343434343433
full_legacy_oracle,3-19,713102,20,leo_low_elev_weak,0.7916666666666666,0.95,0.8636363636363635,0.01666666666666672,0.7916666666666666,0.8684343434343433
full_legacy_oracle,3-19,713102,20,leo_rain_weak,0.75,0.75,0.75,0.0,0.75,0.75
full_legacy_oracle,3-19,713102,5,leo_clear_weak,0.75,0.95,0.838235294117647,0.008333333333333304,0.75,0.846078431372549
full_legacy_oracle,3-19,713102,5,leo_low_elev_weak,0.7166666666666667,0.8,0.7560439560439561,0.0,0.7166666666666667,0.7575702075702075
full_legacy_oracle,3-19,713102,5,leo_rain_weak,0.675,0.7,0.6872727272727273,-0.008333333333333415,0.675,0.6874242424242425
full_legacy_oracle,3-19,713103,1,leo_clear_weak,0.5333333333333333,0.7,0.6054054054054053,-0.033333333333333326,0.5333333333333333,0.6129129129129128
full_legacy_oracle,3-19,713103,1,leo_low_elev_weak,0.575,0.65,0.6102040816326529,-0.008333333333333304,0.575,0.611734693877551
full_legacy_oracle,3-19,713103,1,leo_rain_weak,0.6166666666666667,0.7,0.6556962025316455,-0.008333333333333415,0.6166666666666667,0.6574542897327708
full_legacy_oracle,3-19,713103,10,leo_clear_weak,0.7083333333333334,1.0,0.8292682926829268,-0.01666666666666672,0.7083333333333334,0.8458672086720868
full_legacy_oracle,3-19,713103,10,leo_low_elev_weak,0.7666666666666667,0.9,0.8280000000000001,-0.008333333333333415,0.7666666666666667,0.8315555555555556
full_legacy_oracle,3-19,713103,10,leo_rain_weak,0.775,0.8,0.7873015873015874,0.0,0.775,0.7874338624338625
full_legacy_oracle,3-19,713103,2,leo_clear_weak,0.6416666666666667,0.75,0.691616766467066,0.016666666666666607,0.6416666666666667,0.6944278110445775
full_legacy_oracle,3-19,713103,2,leo_low_elev_weak,0.625,0.8,0.7017543859649122,0.01666666666666672,0.625,0.7089181286549708
full_legacy_oracle,3-19,713103,2,leo_rain_weak,0.6916666666666667,0.75,0.7196531791907516,0.01666666666666672,0.6916666666666667,0.7204399486191394
full_legacy_oracle,3-19,713103,20,leo_clear_weak,0.775,0.95,0.853623188405797,0.0,0.775,0.8595410628019323
full_legacy_oracle,3-19,713103,20,leo_low_elev_weak,0.8083333333333333,0.9,0.8517073170731707,-0.01666666666666672,0.8083333333333333,0.8533468834688347
full_legacy_oracle,3-19,713103,20,leo_rain_weak,0.85,0.85,0.85,-0.008333333333333304,0.85,0.85
full_legacy_oracle,3-19,713103,5,leo_clear_weak,0.725,0.9,0.803076923076923,0.0,0.725,0.8093589743589744
full_legacy_oracle,3-19,713103,5,leo_low_elev_weak,0.7,0.9,0.7875,-0.008333333333333304,0.7,0.7958333333333334
full_legacy_oracle,3-19,713103,5,leo_rain_weak,0.75,0.75,0.75,-0.008333333333333304,0.75,0.75
full_legacy_oracle,3-19,713104,1,leo_clear_weak,0.7083333333333334,0.65,0.6779141104294478,-0.008333333333333415,0.65,0.678749147920927
full_legacy_oracle,3-19,713104,1,leo_low_elev_weak,0.6416666666666667,0.9,0.7491891891891892,0.008333333333333304,0.6416666666666667,0.7636186186186187
full_legacy_oracle,3-19,713104,1,leo_rain_weak,0.5833333333333334,0.6,0.591549295774648,-0.008333333333333415,0.5833333333333334,0.5916275430359937
full_legacy_oracle,3-19,713104,10,leo_clear_weak,0.7583333333333333,0.9,0.8231155778894473,0.0,0.7583333333333333,0.8271496370742603
full_legacy_oracle,3-19,713104,10,leo_low_elev_weak,0.7333333333333333,0.9,0.8081632653061224,0.0,0.7333333333333333,0.8138321995464852
full_legacy_oracle,3-19,713104,10,leo_rain_weak,0.7083333333333334,0.85,0.7727272727272727,0.008333333333333304,0.7083333333333334,0.777020202020202
full_legacy_oracle,3-19,713104,2,leo_clear_weak,0.6916666666666667,0.65,0.6701863354037266,-0.008333333333333304,0.65,0.6706176673567977
full_legacy_oracle,3-19,713104,2,leo_low_elev_weak,0.6083333333333333,0.85,0.7091428571428571,0.03333333333333344,0.6083333333333333,0.7224920634920634
full_legacy_oracle,3-19,713104,2,leo_rain_weak,0.625,0.7,0.6603773584905661,0.0,0.625,0.6617924528301887
full_legacy_oracle,3-19,713104,20,leo_clear_weak,0.8166666666666667,0.9,0.8563106796116504,-0.008333333333333304,0.8166666666666667,0.8576591154261056
full_legacy_oracle,3-19,713104,20,leo_low_elev_weak,0.775,0.85,0.8107692307692307,0.008333333333333304,0.775,0.811923076923077
full_legacy_oracle,3-19,713104,20,leo_rain_weak,0.775,0.75,0.7622950819672132,-0.008333333333333304,0.75,0.7624316939890711
full_legacy_oracle,3-19,713104,5,leo_clear_weak,0.775,0.7,0.735593220338983,0.0,0.7,0.7368644067796609
full_legacy_oracle,3-19,713104,5,leo_low_elev_weak,0.6916666666666667,0.9,0.7821989528795812,0.0,0.6916666666666667,0.7912885398487494
full_legacy_oracle,3-19,713104,5,leo_rain_weak,0.725,0.8,0.760655737704918,-0.016666666666666607,0.725,0.7618852459016393
full_legacy_oracle,3-19,713105,1,leo_clear_weak,0.5666666666666667,0.75,0.6455696202531646,0.008333333333333304,0.5666666666666667,0.6540787623066104
full_legacy_oracle,3-19,713105,1,leo_low_elev_weak,0.6583333333333333,0.8,0.7222857142857143,-0.008333333333333304,0.6583333333333333,0.7268730158730158
full_legacy_oracle,3-19,713105,1,leo_rain_weak,0.7416666666666667,0.55,0.6316129032258064,-0.025000000000000022,0.55,0.6410931899641578
full_legacy_oracle,3-19,713105,10,leo_clear_weak,0.7583333333333333,0.95,0.8434146341463414,0.0,0.7583333333333333,0.8505826558265582
full_legacy_oracle,3-19,713105,10,leo_low_elev_weak,0.7666666666666667,0.95,0.8485436893203884,0.0,0.7666666666666667,0.8550701186623516
full_legacy_oracle,3-19,713105,10,leo_rain_weak,0.8333333333333334,0.9,0.8653846153846153,-0.01666666666666672,0.8333333333333334,0.8662393162393163
full_legacy_oracle,3-19,713105,2,leo_clear_weak,0.6833333333333333,0.75,0.7151162790697674,-0.008333333333333304,0.6833333333333333,0.7161498708010337
full_legacy_oracle,3-19,713105,2,leo_low_elev_weak,0.7,0.8,0.7466666666666666,-0.008333333333333304,0.7,0.7488888888888888
full_legacy_oracle,3-19,713105,2,leo_rain_weak,0.7416666666666667,0.75,0.7458100558659218,-0.01666666666666672,0.7416666666666667,0.7458255741775295
full_legacy_oracle,3-19,713105,20,leo_clear_weak,0.85,0.9,0.8742857142857143,-0.008333333333333304,0.85,0.8747619047619049
full_legacy_oracle,3-19,713105,20,leo_low_elev_weak,0.8166666666666667,0.95,0.8783018867924528,-0.008333333333333304,0.8166666666666667,0.8816561844863732
full_legacy_oracle,3-19,713105,20,leo_rain_weak,0.825,0.9,0.8608695652173912,0.0,0.825,0.8619565217391304
full_legacy_oracle,3-19,713105,5,leo_clear_weak,0.7333333333333333,0.9,0.8081632653061224,0.0,0.7333333333333333,0.8138321995464852
full_legacy_oracle,3-19,713105,5,leo_low_elev_weak,0.775,0.8,0.7873015873015874,0.0,0.775,0.7874338624338625
full_legacy_oracle,3-19,713105,5,leo_rain_weak,0.775,0.9,0.8328358208955223,-0.008333333333333304,0.775,0.8359452736318408
full_legacy_oracle,7-14,713101,1,leo_clear_weak,0.9166666666666666,1.0,0.9565217391304348,0.0,0.9166666666666666,0.9577294685990339
full_legacy_oracle,7-14,713101,1,leo_low_elev_weak,0.7583333333333333,0.95,0.8434146341463414,0.0,0.7583333333333333,0.8505826558265582
full_legacy_oracle,7-14,713101,1,leo_rain_weak,0.9,0.95,0.9243243243243242,0.0,0.9,0.9247747747747748
full_legacy_oracle,7-14,713101,10,leo_clear_weak,0.9416666666666667,1.0,0.9699570815450643,0.0,0.9416666666666667,0.9705412494039103
full_legacy_oracle,7-14,713101,10,leo_low_elev_weak,0.925,1.0,0.961038961038961,0.0,0.925,0.962012987012987
full_legacy_oracle,7-14,713101,10,leo_rain_weak,0.9,0.95,0.9243243243243242,0.0,0.9,0.9247747747747748
full_legacy_oracle,7-14,713101,2,leo_clear_weak,0.9333333333333333,0.95,0.9415929203539822,-0.01666666666666672,0.9333333333333333,0.9416420845624386
full_legacy_oracle,7-14,713101,2,leo_low_elev_weak,0.875,1.0,0.9333333333333333,0.0,0.875,0.9361111111111112
full_legacy_oracle,7-14,713101,2,leo_rain_weak,0.8666666666666667,0.9,0.8830188679245283,-0.008333333333333415,0.8666666666666667,0.8832285115303984
full_legacy_oracle,7-14,713101,20,leo_clear_weak,0.9583333333333334,1.0,0.9787234042553191,0.0,0.9583333333333334,0.9790189125295509
full_legacy_oracle,7-14,713101,20,leo_low_elev_weak,0.95,1.0,0.9743589743589743,0.0,0.95,0.9747863247863248
full_legacy_oracle,7-14,713101,20,leo_rain_weak,0.8916666666666667,0.95,0.9199095022624434,0.0,0.8916666666666667,0.9205253896430367
full_legacy_oracle,7-14,713101,5,leo_clear_weak,0.9333333333333333,1.0,0.9655172413793104,0.0,0.9333333333333333,0.9662835249042145
full_legacy_oracle,7-14,713101,5,leo_low_elev_weak,0.8916666666666667,0.95,0.9199095022624434,0.0,0.8916666666666667,0.9205253896430367
full_legacy_oracle,7-14,713101,5,leo_rain_weak,0.9,0.95,0.9243243243243242,0.0,0.9,0.9247747747747748
full_legacy_oracle,7-14,713102,1,leo_clear_weak,0.9416666666666667,1.0,0.9699570815450643,-0.016666666666666607,0.9416666666666667,0.9705412494039103
full_legacy_oracle,7-14,713102,1,leo_low_elev_weak,0.8916666666666667,0.9,0.8958139534883721,0.0,0.8916666666666667,0.8958268733850129
full_legacy_oracle,7-14,713102,1,leo_rain_weak,0.9166666666666666,1.0,0.9565217391304348,0.0,0.9166666666666666,0.9577294685990339
full_legacy_oracle,7-14,713102,10,leo_clear_weak,0.9416666666666667,1.0,0.9699570815450643,0.0,0.9416666666666667,0.9705412494039103
full_legacy_oracle,7-14,713102,10,leo_low_elev_weak,0.9,1.0,0.9473684210526316,0.0,0.9,0.9491228070175439
full_legacy_oracle,7-14,713102,10,leo_rain_weak,0.9083333333333333,1.0,0.9519650655021834,0.0,0.9083333333333333,0.9534327996118389
full_legacy_oracle,7-14,713102,2,leo_clear_weak,0.9666666666666667,1.0,0.983050847457627,0.0,0.9666666666666667,0.9832391713747647
full_legacy_oracle,7-14,713102,2,leo_low_elev_weak,0.875,0.9,0.8873239436619719,0.0,0.875,0.8874413145539907
full_legacy_oracle,7-14,713102,2,leo_rain_weak,0.9166666666666666,1.0,0.9565217391304348,0.0,0.9166666666666666,0.9577294685990339
full_legacy_oracle,7-14,713102,20,leo_clear_weak,0.9416666666666667,1.0,0.9699570815450643,0.0,0.9416666666666667,0.9705412494039103
full_legacy_oracle,7-14,713102,20,leo_low_elev_weak,0.925,1.0,0.961038961038961,-0.008333333333333415,0.925,0.962012987012987
full_legacy_oracle,7-14,713102,20,leo_rain_weak,0.9166666666666666,1.0,0.9565217391304348,0.0,0.9166666666666666,0.9577294685990339
full_legacy_oracle,7-14,713102,5,leo_clear_weak,0.9416666666666667,1.0,0.9699570815450643,0.008333333333333304,0.9416666666666667,0.9705412494039103
full_legacy_oracle,7-14,713102,5,leo_low_elev_weak,0.9083333333333333,0.9,0.904147465437788,0.0,0.9,0.9041602662570405
full_legacy_oracle,7-14,713102,5,leo_rain_weak,0.8916666666666667,1.0,0.9427312775330398,0.0,0.8916666666666667,0.9447993147332355
full_legacy_oracle,7-14,713103,1,leo_clear_weak,0.8833333333333333,1.0,0.9380530973451328,0.0,0.8833333333333333,0.9404621435594888
full_legacy_oracle,7-14,713103,1,leo_low_elev_weak,0.9083333333333333,0.95,0.9286995515695067,0.0,0.9083333333333333,0.92901096163428
full_legacy_oracle,7-14,713103,1,leo_rain_weak,0.85,1.0,0.9189189189189189,0.0,0.85,0.922972972972973
full_legacy_oracle,7-14,713103,10,leo_clear_weak,0.925,1.0,0.961038961038961,0.0,0.925,0.962012987012987
full_legacy_oracle,7-14,713103,10,leo_low_elev_weak,0.9083333333333333,1.0,0.9519650655021834,0.0,0.9083333333333333,0.9534327996118389
full_legacy_oracle,7-14,713103,10,leo_rain_weak,0.875,1.0,0.9333333333333333,0.0,0.875,0.9361111111111112
full_legacy_oracle,7-14,713103,2,leo_clear_weak,0.9,1.0,0.9473684210526316,0.0,0.9,0.9491228070175439
full_legacy_oracle,7-14,713103,2,leo_low_elev_weak,0.925,0.95,0.9373333333333334,0.0,0.925,0.9374444444444444
full_legacy_oracle,7-14,713103,2,leo_rain_weak,0.8833333333333333,1.0,0.9380530973451328,0.0,0.8833333333333333,0.9404621435594888
full_legacy_oracle,7-14,713103,20,leo_clear_weak,0.925,1.0,0.961038961038961,0.0,0.925,0.962012987012987
full_legacy_oracle,7-14,713103,20,leo_low_elev_weak,0.925,1.0,0.961038961038961,0.0,0.925,0.962012987012987
full_legacy_oracle,7-14,713103,20,leo_rain_weak,0.9,1.0,0.9473684210526316,-0.025000000000000022,0.9,0.9491228070175439
full_legacy_oracle,7-14,713103,5,leo_clear_weak,0.9,1.0,0.9473684210526316,0.0,0.9,0.9491228070175439
full_legacy_oracle,7-14,713103,5,leo_low_elev_weak,0.9083333333333333,0.95,0.9286995515695067,0.0,0.9083333333333333,0.92901096163428
full_legacy_oracle,7-14,713103,5,leo_rain_weak,0.8666666666666667,1.0,0.9285714285714286,0.0,0.8666666666666667,0.9317460317460317
full_legacy_oracle,7-14,713104,1,leo_clear_weak,0.9,0.9,0.9,-0.01666666666666672,0.9,0.9
full_legacy_oracle,7-14,713104,1,leo_low_elev_weak,0.775,0.75,0.7622950819672132,-0.008333333333333304,0.75,0.7624316939890711
full_legacy_oracle,7-14,713104,1,leo_rain_weak,0.8666666666666667,0.65,0.7428571428571429,-0.008333333333333415,0.65,0.7531746031746032
full_legacy_oracle,7-14,713104,10,leo_clear_weak,0.9666666666666667,1.0,0.983050847457627,0.0,0.9666666666666667,0.9832391713747647
full_legacy_oracle,7-14,713104,10,leo_low_elev_weak,0.9,1.0,0.9473684210526316,0.0,0.9,0.9491228070175439
full_legacy_oracle,7-14,713104,10,leo_rain_weak,0.9166666666666666,1.0,0.9565217391304348,-0.016666666666666607,0.9166666666666666,0.9577294685990339
full_legacy_oracle,7-14,713104,2,leo_clear_weak,0.9416666666666667,1.0,0.9699570815450643,0.0,0.9416666666666667,0.9705412494039103
full_legacy_oracle,7-14,713104,2,leo_low_elev_weak,0.9,0.95,0.9243243243243242,0.0,0.9,0.9247747747747748
full_legacy_oracle,7-14,713104,2,leo_rain_weak,0.8333333333333334,1.0,0.9090909090909091,0.0,0.8333333333333334,0.914141414141414
full_legacy_oracle,7-14,713104,20,leo_clear_weak,0.9833333333333333,1.0,0.9915966386554621,0.0,0.9833333333333333,0.9916433239962652
full_legacy_oracle,7-14,713104,20,leo_low_elev_weak,0.9166666666666666,1.0,0.9565217391304348,0.0,0.9166666666666666,0.9577294685990339
full_legacy_oracle,7-14,713104,20,leo_rain_weak,0.9333333333333333,1.0,0.9655172413793104,-0.01666666666666672,0.9333333333333333,0.9662835249042145
full_legacy_oracle,7-14,713104,5,leo_clear_weak,0.9666666666666667,1.0,0.983050847457627,0.0,0.9666666666666667,0.9832391713747647
full_legacy_oracle,7-14,713104,5,leo_low_elev_weak,0.9083333333333333,1.0,0.9519650655021834,-0.016666666666666607,0.9083333333333333,0.9534327996118389
full_legacy_oracle,7-14,713104,5,leo_rain_weak,0.8416666666666667,1.0,0.9140271493212669,-0.01666666666666672,0.8416666666666667,0.9185646053293112
full_legacy_oracle,7-14,713105,1,leo_clear_weak,0.9583333333333334,1.0,0.9787234042553191,0.0,0.9583333333333334,0.9790189125295509
full_legacy_oracle,7-14,713105,1,leo_low_elev_weak,0.9083333333333333,0.95,0.9286995515695067,0.0,0.9083333333333333,0.92901096163428
full_legacy_oracle,7-14,713105,1,leo_rain_weak,0.9083333333333333,0.95,0.9286995515695067,0.0,0.9083333333333333,0.92901096163428
full_legacy_oracle,7-14,713105,10,leo_clear_weak,0.9583333333333334,1.0,0.9787234042553191,0.0,0.9583333333333334,0.9790189125295509
full_legacy_oracle,7-14,713105,10,leo_low_elev_weak,0.9083333333333333,1.0,0.9519650655021834,0.0,0.9083333333333333,0.9534327996118389
full_legacy_oracle,7-14,713105,10,leo_rain_weak,0.9083333333333333,1.0,0.9519650655021834,0.0,0.9083333333333333,0.9534327996118389
full_legacy_oracle,7-14,713105,2,leo_clear_weak,0.9583333333333334,1.0,0.9787234042553191,0.0,0.9583333333333334,0.9790189125295509
full_legacy_oracle,7-14,713105,2,leo_low_elev_weak,0.9083333333333333,0.95,0.9286995515695067,0.0,0.9083333333333333,0.92901096163428
full_legacy_oracle,7-14,713105,2,leo_rain_weak,0.9166666666666666,1.0,0.9565217391304348,0.0,0.9166666666666666,0.9577294685990339
full_legacy_oracle,7-14,713105,20,leo_clear_weak,0.9583333333333334,1.0,0.9787234042553191,0.0,0.9583333333333334,0.9790189125295509
full_legacy_oracle,7-14,713105,20,leo_low_elev_weak,0.9166666666666666,1.0,0.9565217391304348,0.0,0.9166666666666666,0.9577294685990339
full_legacy_oracle,7-14,713105,20,leo_rain_weak,0.9166666666666666,1.0,0.9565217391304348,-0.016666666666666607,0.9166666666666666,0.9577294685990339
full_legacy_oracle,7-14,713105,5,leo_clear_weak,0.9416666666666667,1.0,0.9699570815450643,0.0,0.9416666666666667,0.9705412494039103
full_legacy_oracle,7-14,713105,5,leo_low_elev_weak,0.9166666666666666,0.95,0.9330357142857142,0.0,0.9166666666666666,0.9332341269841269
full_legacy_oracle,7-14,713105,5,leo_rain_weak,0.925,1.0,0.961038961038961,0.0,0.925,0.962012987012987
full_legacy_oracle,7-7,713101,1,leo_clear_weak,0.6916666666666667,0.9,0.7821989528795812,-0.025000000000000022,0.6916666666666667,0.7912885398487494
full_legacy_oracle,7-7,713101,1,leo_low_elev_weak,0.8333333333333334,0.65,0.7303370786516855,0.0,0.65,0.7378901373283396
full_legacy_oracle,7-7,713101,1,leo_rain_weak,0.7916666666666666,1.0,0.8837209302325582,0.0,0.7916666666666666,0.891795865633075
full_legacy_oracle,7-7,713101,10,leo_clear_weak,0.8833333333333333,1.0,0.9380530973451328,0.0,0.8833333333333333,0.9404621435594888
full_legacy_oracle,7-7,713101,10,leo_low_elev_weak,0.875,1.0,0.9333333333333333,0.0,0.875,0.9361111111111112
full_legacy_oracle,7-7,713101,10,leo_rain_weak,0.875,1.0,0.9333333333333333,0.0,0.875,0.9361111111111112
full_legacy_oracle,7-7,713101,2,leo_clear_weak,0.9,1.0,0.9473684210526316,0.0,0.9,0.9491228070175439
full_legacy_oracle,7-7,713101,2,leo_low_elev_weak,0.8333333333333334,0.85,0.8415841584158417,-0.008333333333333415,0.8333333333333334,0.8416391639163917
full_legacy_oracle,7-7,713101,2,leo_rain_weak,0.8333333333333334,1.0,0.9090909090909091,0.0,0.8333333333333334,0.914141414141414
full_legacy_oracle,7-7,713101,20,leo_clear_weak,0.9166666666666666,1.0,0.9565217391304348,-0.016666666666666607,0.9166666666666666,0.9577294685990339
full_legacy_oracle,7-7,713101,20,leo_low_elev_weak,0.9083333333333333,1.0,0.9519650655021834,-0.016666666666666607,0.9083333333333333,0.9534327996118389
full_legacy_oracle,7-7,713101,20,leo_rain_weak,0.925,1.0,0.961038961038961,0.0,0.925,0.962012987012987
full_legacy_oracle,7-7,713101,5,leo_clear_weak,0.8916666666666667,1.0,0.9427312775330398,0.0,0.8916666666666667,0.9447993147332355
full_legacy_oracle,7-7,713101,5,leo_low_elev_weak,0.8666666666666667,1.0,0.9285714285714286,-0.008333333333333415,0.8666666666666667,0.9317460317460317
full_legacy_oracle,7-7,713101,5,leo_rain_weak,0.8333333333333334,1.0,0.9090909090909091,0.0,0.8333333333333334,0.914141414141414
full_legacy_oracle,7-7,713102,1,leo_clear_weak,0.8,1.0,0.888888888888889,0.0,0.8,0.8962962962962964
full_legacy_oracle,7-7,713102,1,leo_low_elev_weak,0.525,1.0,0.6885245901639345,0.0,0.525,0.7378415300546449
full_legacy_oracle,7-7,713102,1,leo_rain_weak,0.8583333333333333,0.95,0.9018433179723502,-0.02499999999999991,0.8583333333333333,0.9033922171018944
full_legacy_oracle,7-7,713102,10,leo_clear_weak,0.9333333333333333,1.0,0.9655172413793104,0.0,0.9333333333333333,0.9662835249042145
full_legacy_oracle,7-7,713102,10,leo_low_elev_weak,0.85,1.0,0.9189189189189189,0.0,0.85,0.922972972972973
full_legacy_oracle,7-7,713102,10,leo_rain_weak,0.9083333333333333,1.0,0.9519650655021834,0.0,0.9083333333333333,0.9534327996118389
full_legacy_oracle,7-7,713102,2,leo_clear_weak,0.9083333333333333,1.0,0.9519650655021834,-0.016666666666666607,0.9083333333333333,0.9534327996118389
full_legacy_oracle,7-7,713102,2,leo_low_elev_weak,0.7833333333333333,1.0,0.8785046728971964,0.0,0.7833333333333333,0.8872793354101766
full_legacy_oracle,7-7,713102,2,leo_rain_weak,0.85,0.9,0.8742857142857143,0.01666666666666672,0.85,0.8747619047619049
full_legacy_oracle,7-7,713102,20,leo_clear_weak,0.925,1.0,0.961038961038961,0.0,0.925,0.962012987012987
full_legacy_oracle,7-7,713102,20,leo_low_elev_weak,0.875,1.0,0.9333333333333333,0.0,0.875,0.9361111111111112
full_legacy_oracle,7-7,713102,20,leo_rain_weak,0.9583333333333334,1.0,0.9787234042553191,-0.01666666666666672,0.9583333333333334,0.9790189125295509
full_legacy_oracle,7-7,713102,5,leo_clear_weak,0.9083333333333333,1.0,0.9519650655021834,0.0,0.9083333333333333,0.9534327996118389
full_legacy_oracle,7-7,713102,5,leo_low_elev_weak,0.7916666666666666,1.0,0.8837209302325582,0.008333333333333415,0.7916666666666666,0.891795865633075
full_legacy_oracle,7-7,713102,5,leo_rain_weak,0.8916666666666667,1.0,0.9427312775330398,0.0,0.8916666666666667,0.9447993147332355
full_legacy_oracle,7-7,713103,1,leo_clear_weak,0.8333333333333334,1.0,0.9090909090909091,0.0,0.8333333333333334,0.914141414141414
full_legacy_oracle,7-7,713103,1,leo_low_elev_weak,0.625,0.9,0.7377049180327869,0.0,0.625,0.7542349726775956
full_legacy_oracle,7-7,713103,1,leo_rain_weak,0.6916666666666667,0.95,0.8005076142131979,0.0,0.6916666666666667,0.8140580936266216
full_legacy_oracle,7-7,713103,10,leo_clear_weak,0.8833333333333333,1.0,0.9380530973451328,0.0,0.8833333333333333,0.9404621435594888
full_legacy_oracle,7-7,713103,10,leo_low_elev_weak,0.875,1.0,0.9333333333333333,0.01666666666666672,0.875,0.9361111111111112
full_legacy_oracle,7-7,713103,10,leo_rain_weak,0.8916666666666667,1.0,0.9427312775330398,0.0,0.8916666666666667,0.9447993147332355
full_legacy_oracle,7-7,713103,2,leo_clear_weak,0.8416666666666667,1.0,0.9140271493212669,0.0,0.8416666666666667,0.9185646053293112
full_legacy_oracle,7-7,713103,2,leo_low_elev_weak,0.8,1.0,0.888888888888889,0.0,0.8,0.8962962962962964
full_legacy_oracle,7-7,713103,2,leo_rain_weak,0.85,0.95,0.8972222222222223,-0.025000000000000022,0.85,0.899074074074074
full_legacy_oracle,7-7,713103,20,leo_clear_weak,0.8916666666666667,1.0,0.9427312775330398,-0.01666666666666672,0.8916666666666667,0.9447993147332355
full_legacy_oracle,7-7,713103,20,leo_low_elev_weak,0.9166666666666666,1.0,0.9565217391304348,-0.02499999999999991,0.9166666666666666,0.9577294685990339
full_legacy_oracle,7-7,713103,20,leo_rain_weak,0.875,1.0,0.9333333333333333,0.0,0.875,0.9361111111111112
full_legacy_oracle,7-7,713103,5,leo_clear_weak,0.8416666666666667,1.0,0.9140271493212669,0.0,0.8416666666666667,0.9185646053293112
full_legacy_oracle,7-7,713103,5,leo_low_elev_weak,0.9,1.0,0.9473684210526316,0.0,0.9,0.9491228070175439
full_legacy_oracle,7-7,713103,5,leo_rain_weak,0.8916666666666667,0.95,0.9199095022624434,0.0,0.8916666666666667,0.9205253896430367
full_legacy_oracle,7-7,713104,1,leo_clear_weak,0.9083333333333333,1.0,0.9519650655021834,-0.016666666666666607,0.9083333333333333,0.9534327996118389
full_legacy_oracle,7-7,713104,1,leo_low_elev_weak,0.8166666666666667,1.0,0.8990825688073394,0.0,0.8166666666666667,0.905249745158002
full_legacy_oracle,7-7,713104,1,leo_rain_weak,0.8416666666666667,1.0,0.9140271493212669,0.025000000000000022,0.8416666666666667,0.9185646053293112
full_legacy_oracle,7-7,713104,10,leo_clear_weak,0.9333333333333333,1.0,0.9655172413793104,-0.01666666666666672,0.9333333333333333,0.9662835249042145
full_legacy_oracle,7-7,713104,10,leo_low_elev_weak,0.9,1.0,0.9473684210526316,-0.008333333333333304,0.9,0.9491228070175439
full_legacy_oracle,7-7,713104,10,leo_rain_weak,0.9166666666666666,1.0,0.9565217391304348,-0.008333333333333304,0.9166666666666666,0.9577294685990339
full_legacy_oracle,7-7,713104,2,leo_clear_weak,0.9083333333333333,1.0,0.9519650655021834,0.0,0.9083333333333333,0.9534327996118389
full_legacy_oracle,7-7,713104,2,leo_low_elev_weak,0.875,1.0,0.9333333333333333,-0.01666666666666672,0.875,0.9361111111111112
full_legacy_oracle,7-7,713104,2,leo_rain_weak,0.875,1.0,0.9333333333333333,0.033333333333333326,0.875,0.9361111111111112
full_legacy_oracle,7-7,713104,20,leo_clear_weak,0.9166666666666666,1.0,0.9565217391304348,0.0,0.9166666666666666,0.9577294685990339
full_legacy_oracle,7-7,713104,20,leo_low_elev_weak,0.925,1.0,0.961038961038961,0.0,0.925,0.962012987012987
full_legacy_oracle,7-7,713104,20,leo_rain_weak,0.9333333333333333,1.0,0.9655172413793104,0.0,0.9333333333333333,0.9662835249042145
full_legacy_oracle,7-7,713104,5,leo_clear_weak,0.925,1.0,0.961038961038961,-0.008333333333333415,0.925,0.962012987012987
full_legacy_oracle,7-7,713104,5,leo_low_elev_weak,0.8916666666666667,1.0,0.9427312775330398,0.0,0.8916666666666667,0.9447993147332355
full_legacy_oracle,7-7,713104,5,leo_rain_weak,0.875,1.0,0.9333333333333333,0.0,0.875,0.9361111111111112
full_legacy_oracle,7-7,713105,1,leo_clear_weak,0.7833333333333333,1.0,0.8785046728971964,0.0,0.7833333333333333,0.8872793354101766
full_legacy_oracle,7-7,713105,1,leo_low_elev_weak,0.875,0.9,0.8873239436619719,0.0,0.875,0.8874413145539907
full_legacy_oracle,7-7,713105,1,leo_rain_weak,0.825,0.9,0.8608695652173912,0.0,0.825,0.8619565217391304
full_legacy_oracle,7-7,713105,10,leo_clear_weak,0.85,1.0,0.9189189189189189,0.0,0.85,0.922972972972973
full_legacy_oracle,7-7,713105,10,leo_low_elev_weak,0.8916666666666667,1.0,0.9427312775330398,0.0,0.8916666666666667,0.9447993147332355
full_legacy_oracle,7-7,713105,10,leo_rain_weak,0.9333333333333333,1.0,0.9655172413793104,-0.025000000000000022,0.9333333333333333,0.9662835249042145
full_legacy_oracle,7-7,713105,2,leo_clear_weak,0.7916666666666666,1.0,0.8837209302325582,0.0,0.7916666666666666,0.891795865633075
full_legacy_oracle,7-7,713105,2,leo_low_elev_weak,0.8416666666666667,0.9,0.8698564593301435,0.0,0.8416666666666667,0.8705077086656035
full_legacy_oracle,7-7,713105,2,leo_rain_weak,0.8083333333333333,1.0,0.8940092165898618,-0.008333333333333304,0.8083333333333333,0.9007808499743984
full_legacy_oracle,7-7,713105,20,leo_clear_weak,0.9,1.0,0.9473684210526316,-0.01666666666666672,0.9,0.9491228070175439
full_legacy_oracle,7-7,713105,20,leo_low_elev_weak,0.9,1.0,0.9473684210526316,-0.01666666666666672,0.9,0.9491228070175439
full_legacy_oracle,7-7,713105,20,leo_rain_weak,0.9333333333333333,1.0,0.9655172413793104,-0.008333333333333304,0.9333333333333333,0.9662835249042145
full_legacy_oracle,7-7,713105,5,leo_clear_weak,0.8333333333333334,1.0,0.9090909090909091,-0.01666666666666672,0.8333333333333334,0.914141414141414
full_legacy_oracle,7-7,713105,5,leo_low_elev_weak,0.875,0.95,0.910958904109589,-0.008333333333333304,0.875,0.911986301369863
full_legacy_oracle,7-7,713105,5,leo_rain_weak,0.9,1.0,0.9473684210526316,0.0,0.9,0.9491228070175439
full_legacy_oracle,8-8,713101,1,leo_clear_weak,0.875,1.0,0.9333333333333333,0.0,0.875,0.9361111111111112
full_legacy_oracle,8-8,713101,1,leo_low_elev_weak,0.8083333333333333,0.95,0.8734597156398105,-0.008333333333333304,0.8083333333333333,0.8772643496577146
full_legacy_oracle,8-8,713101,1,leo_rain_weak,0.8416666666666667,1.0,0.9140271493212669,0.0,0.8416666666666667,0.9185646053293112
full_legacy_oracle,8-8,713101,10,leo_clear_weak,0.9166666666666666,1.0,0.9565217391304348,0.0,0.9166666666666666,0.9577294685990339
full_legacy_oracle,8-8,713101,10,leo_low_elev_weak,0.9333333333333333,1.0,0.9655172413793104,0.0,0.9333333333333333,0.9662835249042145
full_legacy_oracle,8-8,713101,10,leo_rain_weak,0.9,1.0,0.9473684210526316,0.0,0.9,0.9491228070175439
full_legacy_oracle,8-8,713101,2,leo_clear_weak,0.875,1.0,0.9333333333333333,-0.008333333333333304,0.875,0.9361111111111112
full_legacy_oracle,8-8,713101,2,leo_low_elev_weak,0.875,0.95,0.910958904109589,0.0,0.875,0.911986301369863
full_legacy_oracle,8-8,713101,2,leo_rain_weak,0.8416666666666667,1.0,0.9140271493212669,0.0,0.8416666666666667,0.9185646053293112
full_legacy_oracle,8-8,713101,20,leo_clear_weak,0.9166666666666666,1.0,0.9565217391304348,-0.02499999999999991,0.9166666666666666,0.9577294685990339
full_legacy_oracle,8-8,713101,20,leo_low_elev_weak,0.9083333333333333,1.0,0.9519650655021834,0.0,0.9083333333333333,0.9534327996118389
full_legacy_oracle,8-8,713101,20,leo_rain_weak,0.8833333333333333,1.0,0.9380530973451328,0.0,0.8833333333333333,0.9404621435594888
full_legacy_oracle,8-8,713101,5,leo_clear_weak,0.9166666666666666,1.0,0.9565217391304348,-0.016666666666666607,0.9166666666666666,0.9577294685990339
full_legacy_oracle,8-8,713101,5,leo_low_elev_weak,0.9166666666666666,1.0,0.9565217391304348,-0.016666666666666607,0.9166666666666666,0.9577294685990339
full_legacy_oracle,8-8,713101,5,leo_rain_weak,0.8833333333333333,1.0,0.9380530973451328,0.0,0.8833333333333333,0.9404621435594888
full_legacy_oracle,8-8,713102,1,leo_clear_weak,0.8083333333333333,1.0,0.8940092165898618,0.008333333333333304,0.8083333333333333,0.9007808499743984
full_legacy_oracle,8-8,713102,1,leo_low_elev_weak,0.7083333333333334,0.95,0.8115577889447237,0.008333333333333304,0.7083333333333334,0.8232970407593524
full_legacy_oracle,8-8,713102,1,leo_rain_weak,0.9166666666666666,0.9,0.908256880733945,0.0,0.9,0.9083078491335371
full_legacy_oracle,8-8,713102,10,leo_clear_weak,0.875,1.0,0.9333333333333333,0.0,0.875,0.9361111111111112
full_legacy_oracle,8-8,713102,10,leo_low_elev_weak,0.8416666666666667,1.0,0.9140271493212669,-0.008333333333333304,0.8416666666666667,0.9185646053293112
full_legacy_oracle,8-8,713102,10,leo_rain_weak,0.8833333333333333,1.0,0.9380530973451328,0.025000000000000022,0.8833333333333333,0.9404621435594888
full_legacy_oracle,8-8,713102,2,leo_clear_weak,0.8333333333333334,1.0,0.9090909090909091,0.0,0.8333333333333334,0.914141414141414
full_legacy_oracle,8-8,713102,2,leo_low_elev_weak,0.8333333333333334,1.0,0.9090909090909091,-0.033333333333333326,0.8333333333333334,0.914141414141414
full_legacy_oracle,8-8,713102,2,leo_rain_weak,0.9166666666666666,1.0,0.9565217391304348,0.0,0.9166666666666666,0.9577294685990339
full_legacy_oracle,8-8,713102,20,leo_clear_weak,0.8916666666666667,1.0,0.9427312775330398,-0.025000000000000022,0.8916666666666667,0.9447993147332355
full_legacy_oracle,8-8,713102,20,leo_low_elev_weak,0.825,1.0,0.9041095890410958,0.0,0.825,0.9097031963470319
full_legacy_oracle,8-8,713102,20,leo_rain_weak,0.9166666666666666,1.0,0.9565217391304348,0.0,0.9166666666666666,0.9577294685990339
full_legacy_oracle,8-8,713102,5,leo_clear_weak,0.8583333333333333,1.0,0.9237668161434976,-0.016666666666666607,0.8583333333333333,0.9273667164922769
full_legacy_oracle,8-8,713102,5,leo_low_elev_weak,0.8166666666666667,1.0,0.8990825688073394,0.0,0.8166666666666667,0.905249745158002
full_legacy_oracle,8-8,713102,5,leo_rain_weak,0.9166666666666666,1.0,0.9565217391304348,0.0,0.9166666666666666,0.9577294685990339
full_legacy_oracle,8-8,713103,1,leo_clear_weak,0.85,1.0,0.9189189189189189,0.0,0.85,0.922972972972973
full_legacy_oracle,8-8,713103,1,leo_low_elev_weak,0.7166666666666667,0.95,0.8170000000000001,-0.025000000000000022,0.7166666666666667,0.8278888888888889
full_legacy_oracle,8-8,713103,1,leo_rain_weak,0.9166666666666666,0.9,0.908256880733945,0.0,0.9,0.9083078491335371
full_legacy_oracle,8-8,713103,10,leo_clear_weak,0.9,1.0,0.9473684210526316,0.0,0.9,0.9491228070175439
full_legacy_oracle,8-8,713103,10,leo_low_elev_weak,0.9166666666666666,0.95,0.9330357142857142,0.0,0.9166666666666666,0.9332341269841269
full_legacy_oracle,8-8,713103,10,leo_rain_weak,0.8916666666666667,0.95,0.9199095022624434,0.0,0.8916666666666667,0.9205253896430367
full_legacy_oracle,8-8,713103,2,leo_clear_weak,0.9083333333333333,0.95,0.9286995515695067,0.0,0.9083333333333333,0.92901096163428
full_legacy_oracle,8-8,713103,2,leo_low_elev_weak,0.8083333333333333,0.95,0.8734597156398105,0.016666666666666607,0.8083333333333333,0.8772643496577146
full_legacy_oracle,8-8,713103,2,leo_rain_weak,0.875,0.95,0.910958904109589,0.01666666666666672,0.875,0.911986301369863
full_legacy_oracle,8-8,713103,20,leo_clear_weak,0.925,1.0,0.961038961038961,0.0,0.925,0.962012987012987
full_legacy_oracle,8-8,713103,20,leo_low_elev_weak,0.8916666666666667,1.0,0.9427312775330398,0.0,0.8916666666666667,0.9447993147332355
full_legacy_oracle,8-8,713103,20,leo_rain_weak,0.9,0.95,0.9243243243243242,0.0,0.9,0.9247747747747748
full_legacy_oracle,8-8,713103,5,leo_clear_weak,0.9083333333333333,0.95,0.9286995515695067,0.0,0.9083333333333333,0.92901096163428
full_legacy_oracle,8-8,713103,5,leo_low_elev_weak,0.8666666666666667,1.0,0.9285714285714286,0.0,0.8666666666666667,0.9317460317460317
full_legacy_oracle,8-8,713103,5,leo_rain_weak,0.8833333333333333,0.95,0.9154545454545454,0.0,0.8833333333333333,0.9162626262626262
full_legacy_oracle,8-8,713104,1,leo_clear_weak,0.7666666666666667,0.95,0.8485436893203884,0.0,0.7666666666666667,0.8550701186623516
full_legacy_oracle,8-8,713104,1,leo_low_elev_weak,0.6916666666666667,0.9,0.7821989528795812,0.033333333333333326,0.6916666666666667,0.7912885398487494
full_legacy_oracle,8-8,713104,1,leo_rain_weak,0.8083333333333333,0.9,0.8517073170731707,0.0,0.8083333333333333,0.8533468834688347
full_legacy_oracle,8-8,713104,10,leo_clear_weak,0.95,1.0,0.9743589743589743,-0.02499999999999991,0.95,0.9747863247863248
full_legacy_oracle,8-8,713104,10,leo_low_elev_weak,0.9,0.95,0.9243243243243242,0.0,0.9,0.9247747747747748
full_legacy_oracle,8-8,713104,10,leo_rain_weak,0.9,1.0,0.9473684210526316,0.0,0.9,0.9491228070175439
full_legacy_oracle,8-8,713104,2,leo_clear_weak,0.9083333333333333,1.0,0.9519650655021834,0.0,0.9083333333333333,0.9534327996118389
full_legacy_oracle,8-8,713104,2,leo_low_elev_weak,0.8333333333333334,0.95,0.8878504672897196,0.0,0.8333333333333334,0.8903946002076842
full_legacy_oracle,8-8,713104,2,leo_rain_weak,0.8583333333333333,0.95,0.9018433179723502,0.0,0.8583333333333333,0.9033922171018944
full_legacy_oracle,8-8,713104,20,leo_clear_weak,0.95,1.0,0.9743589743589743,0.0,0.95,0.9747863247863248
full_legacy_oracle,8-8,713104,20,leo_low_elev_weak,0.8916666666666667,0.95,0.9199095022624434,0.0,0.8916666666666667,0.9205253896430367
full_legacy_oracle,8-8,713104,20,leo_rain_weak,0.8833333333333333,1.0,0.9380530973451328,0.0,0.8833333333333333,0.9404621435594888
full_legacy_oracle,8-8,713104,5,leo_clear_weak,0.9,1.0,0.9473684210526316,0.0,0.9,0.9491228070175439
full_legacy_oracle,8-8,713104,5,leo_low_elev_weak,0.875,0.9,0.8873239436619719,0.0,0.875,0.8874413145539907
full_legacy_oracle,8-8,713104,5,leo_rain_weak,0.9,0.95,0.9243243243243242,0.0,0.9,0.9247747747747748
full_legacy_oracle,8-8,713105,1,leo_clear_weak,0.7166666666666667,0.9,0.797938144329897,-0.008333333333333304,0.7166666666666667,0.804868270332188
full_legacy_oracle,8-8,713105,1,leo_low_elev_weak,0.7833333333333333,0.85,0.8153061224489795,0.0,0.7833333333333333,0.8162131519274376
full_legacy_oracle,8-8,713105,1,leo_rain_weak,0.825,0.9,0.8608695652173912,-0.008333333333333304,0.825,0.8619565217391304
full_legacy_oracle,8-8,713105,10,leo_clear_weak,0.9,1.0,0.9473684210526316,0.0,0.9,0.9491228070175439
full_legacy_oracle,8-8,713105,10,leo_low_elev_weak,0.8666666666666667,0.95,0.9064220183486239,0.0,0.8666666666666667,0.9076962283384301
full_legacy_oracle,8-8,713105,10,leo_rain_weak,0.8583333333333333,1.0,0.9237668161434976,0.025000000000000022,0.8583333333333333,0.9273667164922769
full_legacy_oracle,8-8,713105,2,leo_clear_weak,0.8833333333333333,0.95,0.9154545454545454,0.008333333333333415,0.8833333333333333,0.9162626262626262
full_legacy_oracle,8-8,713105,2,leo_low_elev_weak,0.7833333333333333,0.85,0.8153061224489795,-0.008333333333333304,0.7833333333333333,0.8162131519274376
full_legacy_oracle,8-8,713105,2,leo_rain_weak,0.85,0.95,0.8972222222222223,0.008333333333333304,0.85,0.899074074074074
full_legacy_oracle,8-8,713105,20,leo_clear_weak,0.9,1.0,0.9473684210526316,-0.01666666666666672,0.9,0.9491228070175439
full_legacy_oracle,8-8,713105,20,leo_low_elev_weak,0.8666666666666667,0.95,0.9064220183486239,0.0,0.8666666666666667,0.9076962283384301
full_legacy_oracle,8-8,713105,20,leo_rain_weak,0.8666666666666667,1.0,0.9285714285714286,0.016666666666666607,0.8666666666666667,0.9317460317460317
full_legacy_oracle,8-8,713105,5,leo_clear_weak,0.9166666666666666,1.0,0.9565217391304348,0.01666666666666672,0.9166666666666666,0.9577294685990339
full_legacy_oracle,8-8,713105,5,leo_low_elev_weak,0.8583333333333333,0.95,0.9018433179723502,0.0,0.8583333333333333,0.9033922171018944
full_legacy_oracle,8-8,713105,5,leo_rain_weak,0.8416666666666667,0.95,0.8925581395348837,0.033333333333333326,0.8416666666666667,0.8947416020671835
