arm,experiment_id,receiver,seed,k_shot,old_acc,seen_new_acc,H_old_new,average_forgetting,run_dir,min_old_new,joint_score
full_legacy_oracle,cvs_qknnv42_stage2c_rx7-14_k20_seed713104,7-14,713104,20,0.9444444444444443,1.0,0.9712118730550691,-0.005555555555555573,E:\type10-7\automation_reports\CV-SincNet\qknnv42_fft96_dual125_20260714_172537\artifacts\cvs_qknnv42_full_legacy_oracle_125_20260714\rx_7-14\seed_713104\k_20\cvs_qknnv42,0.9444444444444443,0.9718854391665044
full_legacy_oracle,cvs_qknnv42_stage2c_rx7-14_k20_seed713101,7-14,713101,20,0.9333333333333332,0.9833333333333334,0.9576639602922455,0.0,E:\type10-7\automation_reports\CV-SincNet\qknnv42_fft96_dual125_20260714_172537\artifacts\cvs_qknnv42_full_legacy_oracle_125_20260714\rx_7-14\seed_713101\k_20\cvs_qknnv42,0.9333333333333332,0.958110208986304
full_legacy_oracle,cvs_qknnv42_stage2c_rx7-14_k20_seed713105,7-14,713105,20,0.9305555555555555,1.0,0.9639222941720629,-0.005555555555555536,E:\type10-7\automation_reports\CV-SincNet\qknnv42_fft96_dual125_20260714_172537\artifacts\cvs_qknnv42_full_legacy_oracle_125_20260714\rx_7-14\seed_713105\k_20\cvs_qknnv42,0.9305555555555555,0.9648259499092061
full_legacy_oracle,cvs_qknnv42_stage2c_rx7-14_k20_seed713102,7-14,713102,20,0.9277777777777777,1.0,0.9625059272381534,-0.0027777777777778048,E:\type10-7\automation_reports\CV-SincNet\qknnv42_fft96_dual125_20260714_172537\artifacts\cvs_qknnv42_full_legacy_oracle_125_20260714\rx_7-14\seed_713102\k_20\cvs_qknnv42,0.9277777777777777,0.963427901671977
full_legacy_oracle,cvs_qknnv42_stage2c_rx7-14_k10_seed713104,7-14,713104,10,0.9277777777777777,1.0,0.9623136692135645,-0.005555555555555536,E:\type10-7\automation_reports\CV-SincNet\qknnv42_fft96_dual125_20260714_172537\artifacts\cvs_qknnv42_full_legacy_oracle_125_20260714\rx_7-14\seed_713104\k_10\cvs_qknnv42,0.9277777777777777,0.9633638156637807
full_legacy_oracle,cvs_qknnv42_stage2c_rx7-14_k5_seed713105,7-14,713105,5,0.9277777777777777,0.9833333333333334,0.9546772522899132,0.0,E:\type10-7\automation_reports\CV-SincNet\qknnv42_fft96_dual125_20260714_172537\artifacts\cvs_qknnv42_full_legacy_oracle_125_20260714\rx_7-14\seed_713105\k_5\cvs_qknnv42,0.9277777777777777,0.9552627878003414
full_legacy_oracle,cvs_qknnv42_stage2c_rx7-14_k2_seed713105,7-14,713105,2,0.9277777777777777,0.9833333333333334,0.9546482316517535,0.0,E:\type10-7\automation_reports\CV-SincNet\qknnv42_fft96_dual125_20260714_172537\artifacts\cvs_qknnv42_full_legacy_oracle_125_20260714\rx_7-14\seed_713105\k_2\cvs_qknnv42,0.9277777777777777,0.9552531142542882
full_legacy_oracle,cvs_qknnv42_stage2c_rx7-7_k20_seed713104,7-7,713104,20,0.9250000000000002,1.0,0.9610259805162354,0.0,E:\type10-7\automation_reports\CV-SincNet\qknnv42_fft96_dual125_20260714_172537\artifacts\cvs_qknnv42_full_legacy_oracle_125_20260714\rx_7-7\seed_713104\k_20\cvs_qknnv42,0.9250000000000002,0.9620086601720784
full_legacy_oracle,cvs_qknnv42_stage2c_rx7-14_k10_seed713105,7-14,713105,10,0.9249999999999999,1.0,0.9608845117532286,0.0,E:\type10-7\automation_reports\CV-SincNet\qknnv42_fft96_dual125_20260714_172537\artifacts\cvs_qknnv42_full_legacy_oracle_125_20260714\rx_7-14\seed_713105\k_10\cvs_qknnv42,0.9249999999999999,0.9619615039177428
full_legacy_oracle,cvs_qknnv42_stage2c_rx7-14_k1_seed713105,7-14,713105,1,0.9249999999999999,0.9666666666666667,0.9453741691314441,0.0,E:\type10-7\automation_reports\CV-SincNet\qknnv42_fft96_dual125_20260714_172537\artifacts\cvs_qknnv42_full_legacy_oracle_125_20260714\rx_7-14\seed_713105\k_1\cvs_qknnv42,0.9249999999999999,0.9456802785993702
full_legacy_oracle,cvs_qknnv42_stage2c_rx7-14_k10_seed713101,7-14,713101,10,0.9222222222222222,0.9833333333333334,0.9517734556361166,0.0,E:\type10-7\automation_reports\CV-SincNet\qknnv42_fft96_dual125_20260714_172537\artifacts\cvs_qknnv42_full_legacy_oracle_125_20260714\rx_7-14\seed_713101\k_10\cvs_qknnv42,0.9222222222222222,0.9524430037305573
full_legacy_oracle,cvs_qknnv42_stage2c_rx7-7_k20_seed713102,7-7,713102,20,0.9194444444444444,1.0,0.9576985662092045,-0.005555555555555573,E:\type10-7\automation_reports\CV-SincNet\qknnv42_fft96_dual125_20260714_172537\artifacts\cvs_qknnv42_full_legacy_oracle_125_20260714\rx_7-7\seed_713102\k_20\cvs_qknnv42,0.9194444444444444,0.959047670217883
full_legacy_oracle,cvs_qknnv42_stage2c_rx7-14_k2_seed713102,7-14,713102,2,0.9194444444444444,0.9666666666666667,0.9422988434166779,0.0,E:\type10-7\automation_reports\CV-SincNet\qknnv42_fft96_dual125_20260714_172537\artifacts\cvs_qknnv42_full_legacy_oracle_125_20260714\rx_7-14\seed_713102\k_2\cvs_qknnv42,0.9194444444444444,0.9428033181759297
full_legacy_oracle,cvs_qknnv42_stage2c_rx7-7_k20_seed713101,7-7,713101,20,0.9166666666666666,1.0,0.9565085885571931,-0.011111111111111072,E:\type10-7\automation_reports\CV-SincNet\qknnv42_fft96_dual125_20260714_172537\artifacts\cvs_qknnv42_full_legacy_oracle_125_20260714\rx_7-7\seed_713101\k_20\cvs_qknnv42,0.9166666666666666,0.9577250850746198
full_legacy_oracle,cvs_qknnv42_stage2c_rx7-14_k20_seed713103,7-14,713103,20,0.9166666666666666,1.0,0.9564821143768513,-0.00833333333333334,E:\type10-7\automation_reports\CV-SincNet\qknnv42_fft96_dual125_20260714_172537\artifacts\cvs_qknnv42_full_legacy_oracle_125_20260714\rx_7-14\seed_713103\k_20\cvs_qknnv42,0.9166666666666666,0.9577162603478393
full_legacy_oracle,cvs_qknnv42_stage2c_rx7-7_k10_seed713104,7-7,713104,10,0.9166666666666666,1.0,0.9564691338541257,-0.011111111111111108,E:\type10-7\automation_reports\CV-SincNet\qknnv42_fft96_dual125_20260714_172537\artifacts\cvs_qknnv42_full_legacy_oracle_125_20260714\rx_7-7\seed_713104\k_10\cvs_qknnv42,0.9166666666666666,0.9577119335069307
full_legacy_oracle,cvs_qknnv42_stage2c_rx8-8_k10_seed713101,8-8,713101,10,0.9166666666666666,1.0,0.9564691338541257,0.0,E:\type10-7\automation_reports\CV-SincNet\qknnv42_fft96_dual125_20260714_172537\artifacts\cvs_qknnv42_full_legacy_oracle_125_20260714\rx_8-8\seed_713101\k_10\cvs_qknnv42,0.9166666666666666,0.9577119335069307
full_legacy_oracle,cvs_qknnv42_stage2c_rx7-14_k10_seed713102,7-14,713102,10,0.9166666666666666,1.0,0.9564301893666265,0.0,E:\type10-7\automation_reports\CV-SincNet\qknnv42_fft96_dual125_20260714_172537\artifacts\cvs_qknnv42_full_legacy_oracle_125_20260714\rx_7-14\seed_713102\k_10\cvs_qknnv42,0.9166666666666666,0.9576989520110977
full_legacy_oracle,cvs_qknnv42_stage2c_rx8-8_k10_seed713104,8-8,713104,10,0.9166666666666666,0.9833333333333334,0.9486839065786435,-0.008333333333333304,E:\type10-7\automation_reports\CV-SincNet\qknnv42_fft96_dual125_20260714_172537\artifacts\cvs_qknnv42_full_legacy_oracle_125_20260714\rx_8-8\seed_713104\k_10\cvs_qknnv42,0.9166666666666666,0.9495613021928812
full_legacy_oracle,cvs_qknnv42_stage2c_rx7-14_k1_seed713102,7-14,713102,1,0.9166666666666666,0.9666666666666667,0.9407642580546237,-0.005555555555555536,E:\type10-7\automation_reports\CV-SincNet\qknnv42_fft96_dual125_20260714_172537\artifacts\cvs_qknnv42_full_legacy_oracle_125_20260714\rx_7-14\seed_713102\k_1\cvs_qknnv42,0.9166666666666666,0.9413658637959856
full_legacy_oracle,cvs_qknnv42_stage2c_rx7-14_k5_seed713102,7-14,713102,5,0.9138888888888889,0.9666666666666667,0.9389452748386308,0.002777777777777768,E:\type10-7\automation_reports\CV-SincNet\qknnv42_fft96_dual125_20260714_172537\artifacts\cvs_qknnv42_full_legacy_oracle_125_20260714\rx_7-14\seed_713102\k_5\cvs_qknnv42,0.9138888888888889,0.9398336101313954
full_legacy_oracle,cvs_qknnv42_stage2c_rx7-7_k20_seed713105,7-7,713105,20,0.9111111111111111,1.0,0.9534180278281913,-0.013888888888888914,E:\type10-7\automation_reports\CV-SincNet\qknnv42_fft96_dual125_20260714_172537\artifacts\cvs_qknnv42_full_legacy_oracle_125_20260714\rx_7-7\seed_713105\k_20\cvs_qknnv42,0.9111111111111111,0.9548430463131008
full_legacy_oracle,cvs_qknnv42_stage2c_rx20-1_k20_seed713102,20-1,713102,20,0.9111111111111111,0.9833333333333334,0.9457972697146456,-0.002777777777777768,E:\type10-7\automation_reports\CV-SincNet\qknnv42_fft96_dual125_20260714_172537\artifacts\cvs_qknnv42_full_legacy_oracle_125_20260714\rx_20-1\seed_713102\k_20\cvs_qknnv42,0.9111111111111111,0.94674723805303
full_legacy_oracle,cvs_qknnv42_stage2c_rx20-1_k20_seed713103,20-1,713103,20,0.9111111111111111,0.9833333333333334,0.9455620012876317,-0.005555555555555536,E:\type10-7\automation_reports\CV-SincNet\qknnv42_fft96_dual125_20260714_172537\artifacts\cvs_qknnv42_full_legacy_oracle_125_20260714\rx_20-1\seed_713103\k_20\cvs_qknnv42,0.9111111111111111,0.9466688152440254
full_legacy_oracle,cvs_qknnv42_stage2c_rx8-8_k20_seed713104,8-8,713104,20,0.9083333333333333,0.9833333333333334,0.9441071913221836,0.0,E:\type10-7\automation_reports\CV-SincNet\qknnv42_fft96_dual125_20260714_172537\artifacts\cvs_qknnv42_full_legacy_oracle_125_20260714\rx_8-8\seed_713104\k_20\cvs_qknnv42,0.9083333333333333,0.9452579526629501
full_legacy_oracle,cvs_qknnv42_stage2c_rx7-14_k5_seed713101,7-14,713101,5,0.9083333333333333,0.9666666666666667,0.936583689322026,0.0,E:\type10-7\automation_reports\CV-SincNet\qknnv42_fft96_dual125_20260714_172537\artifacts\cvs_qknnv42_full_legacy_oracle_125_20260714\rx_7-14\seed_713101\k_5\cvs_qknnv42,0.9083333333333333,0.937194563107342
full_legacy_oracle,cvs_qknnv42_stage2c_rx8-8_k5_seed713101,8-8,713101,5,0.9055555555555556,1.0,0.9503655252020008,-0.011111111111111072,E:\type10-7\automation_reports\CV-SincNet\qknnv42_fft96_dual125_20260714_172537\artifacts\cvs_qknnv42_full_legacy_oracle_125_20260714\rx_8-8\seed_713101\k_5\cvs_qknnv42,0.9055555555555556,0.9519736935858522
full_legacy_oracle,cvs_qknnv42_stage2c_rx7-14_k5_seed713104,7-14,713104,5,0.9055555555555556,1.0,0.9496810207603591,-0.011111111111111108,E:\type10-7\automation_reports\CV-SincNet\qknnv42_fft96_dual125_20260714_172537\artifacts\cvs_qknnv42_full_legacy_oracle_125_20260714\rx_7-14\seed_713104\k_5\cvs_qknnv42,0.9055555555555556,0.9517455254386382
full_legacy_oracle,cvs_qknnv42_stage2c_rx8-8_k20_seed713103,8-8,713103,20,0.9055555555555556,0.9833333333333334,0.9426981876321084,0.0,E:\type10-7\automation_reports\CV-SincNet\qknnv42_fft96_dual125_20260714_172537\artifacts\cvs_qknnv42_full_legacy_oracle_125_20260714\rx_8-8\seed_713103\k_20\cvs_qknnv42,0.9055555555555556,0.9438623588403324
full_legacy_oracle,cvs_qknnv42_stage2c_rx7-14_k10_seed713103,7-14,713103,10,0.9027777777777778,1.0,0.9487791199581593,0.0,E:\type10-7\automation_reports\CV-SincNet\qknnv42_fft96_dual125_20260714_172537\artifacts\cvs_qknnv42_full_legacy_oracle_125_20260714\rx_7-14\seed_713103\k_10\cvs_qknnv42,0.9027777777777778,0.950518965911979
full_legacy_oracle,cvs_qknnv42_stage2c_rx7-14_k2_seed713103,7-14,713103,2,0.9027777777777778,0.9833333333333334,0.9409182839103659,0.0,E:\type10-7\automation_reports\CV-SincNet\qknnv42_fft96_dual125_20260714_172537\artifacts\cvs_qknnv42_full_legacy_oracle_125_20260714\rx_7-14\seed_713103\k_2\cvs_qknnv42,0.9027777777777778,0.9423431316738258
full_legacy_oracle,cvs_qknnv42_stage2c_rx8-8_k10_seed713103,8-8,713103,10,0.9027777777777778,0.9666666666666667,0.933437879200263,0.0,E:\type10-7\automation_reports\CV-SincNet\qknnv42_fft96_dual125_20260714_172537\artifacts\cvs_qknnv42_full_legacy_oracle_125_20260714\rx_8-8\seed_713103\k_10\cvs_qknnv42,0.9027777777777778,0.9342941078815691
full_legacy_oracle,cvs_qknnv42_stage2c_rx8-8_k20_seed713101,8-8,713101,20,0.9027777777777777,1.0,0.9488466339925837,-0.008333333333333304,E:\type10-7\automation_reports\CV-SincNet\qknnv42_fft96_dual125_20260714_172537\artifacts\cvs_qknnv42_full_legacy_oracle_125_20260714\rx_8-8\seed_713101\k_20\cvs_qknnv42,0.9027777777777777,0.9505414705901205
full_legacy_oracle,cvs_qknnv42_stage2c_rx7-7_k5_seed713104,7-7,713104,5,0.8972222222222223,1.0,0.9457011906351114,-0.0027777777777778048,E:\type10-7\automation_reports\CV-SincNet\qknnv42_fft96_dual125_20260714_172537\artifacts\cvs_qknnv42_full_legacy_oracle_125_20260714\rx_7-7\seed_713104\k_5\cvs_qknnv42,0.8972222222222223,0.9476411376191112
full_legacy_oracle,cvs_qknnv42_stage2c_rx7-7_k10_seed713102,7-7,713102,10,0.8972222222222221,1.0,0.9454670752668042,0.0,E:\type10-7\automation_reports\CV-SincNet\qknnv42_fft96_dual125_20260714_172537\artifacts\cvs_qknnv42_full_legacy_oracle_125_20260714\rx_7-7\seed_713102\k_10\cvs_qknnv42,0.8972222222222221,0.9475630991630087
full_legacy_oracle,cvs_qknnv42_stage2c_rx20-1_k10_seed713102,20-1,713102,10,0.8972222222222221,0.9666666666666667,0.9301464532531242,0.002777777777777768,E:\type10-7\automation_reports\CV-SincNet\qknnv42_fft96_dual125_20260714_172537\artifacts\cvs_qknnv42_full_legacy_oracle_125_20260714\rx_20-1\seed_713102\k_10\cvs_qknnv42,0.8972222222222221,0.9313451140473377
full_legacy_oracle,cvs_qknnv42_stage2c_rx7-7_k20_seed713103,7-7,713103,20,0.8944444444444445,1.0,0.9441954499989359,-0.013888888888888876,E:\type10-7\automation_reports\CV-SincNet\qknnv42_fft96_dual125_20260714_172537\artifacts\cvs_qknnv42_full_legacy_oracle_125_20260714\rx_7-7\seed_713103\k_20\cvs_qknnv42,0.8944444444444445,0.9462132981477934
full_legacy_oracle,cvs_qknnv42_stage2c_rx7-14_k2_seed713104,7-14,713104,2,0.8916666666666667,0.9833333333333334,0.9344574383200993,0.0,E:\type10-7\automation_reports\CV-SincNet\qknnv42_fft96_dual125_20260714_172537\artifacts\cvs_qknnv42_full_legacy_oracle_125_20260714\rx_7-14\seed_713104\k_2\cvs_qknnv42,0.8916666666666667,0.9364858127733665
full_legacy_oracle,cvs_qknnv42_stage2c_rx7-7_k10_seed713105,7-7,713105,10,0.8916666666666666,1.0,0.9423891459437564,-0.00833333333333334,E:\type10-7\automation_reports\CV-SincNet\qknnv42_fft96_dual125_20260714_172537\artifacts\cvs_qknnv42_full_legacy_oracle_125_20260714\rx_7-7\seed_713105\k_10\cvs_qknnv42,0.8916666666666666,0.9446852708701411
full_legacy_oracle,cvs_qknnv42_stage2c_rx7-14_k5_seed713103,7-14,713103,5,0.8916666666666666,0.9833333333333334,0.9348798003978557,0.0,E:\type10-7\automation_reports\CV-SincNet\qknnv42_fft96_dual125_20260714_172537\artifacts\cvs_qknnv42_full_legacy_oracle_125_20260714\rx_7-14\seed_713103\k_5\cvs_qknnv42,0.8916666666666666,0.9366266001326186
full_legacy_oracle,cvs_qknnv42_stage2c_rx8-8_k5_seed713104,8-8,713104,5,0.8916666666666666,0.9499999999999998,0.9196722296796426,0.0,E:\type10-7\automation_reports\CV-SincNet\qknnv42_fft96_dual125_20260714_172537\artifacts\cvs_qknnv42_full_legacy_oracle_125_20260714\rx_8-8\seed_713104\k_5\cvs_qknnv42,0.8916666666666666,0.920446298782103
full_legacy_oracle,cvs_qknnv42_stage2c_rx7-14_k2_seed713101,7-14,713101,2,0.8916666666666666,0.9500000000000001,0.9193150405372812,-0.008333333333333378,E:\type10-7\automation_reports\CV-SincNet\qknnv42_fft96_dual125_20260714_172537\artifacts\cvs_qknnv42_full_legacy_oracle_125_20260714\rx_7-14\seed_713101\k_2\cvs_qknnv42,0.8916666666666666,0.9203272357346494
full_legacy_oracle,cvs_qknnv42_stage2c_rx20-1_k20_seed713104,20-1,713104,20,0.888888888888889,0.9499999999999998,0.9183556412498411,-0.01666666666666668,E:\type10-7\automation_reports\CV-SincNet\qknnv42_fft96_dual125_20260714_172537\artifacts\cvs_qknnv42_full_legacy_oracle_125_20260714\rx_20-1\seed_713104\k_20\cvs_qknnv42,0.888888888888889,0.9190815100462433
full_legacy_oracle,cvs_qknnv42_stage2c_rx20-1_k20_seed713105,20-1,713105,20,0.8888888888888888,0.9833333333333334,0.933725601509055,-0.005555555555555536,E:\type10-7\automation_reports\CV-SincNet\qknnv42_fft96_dual125_20260714_172537\artifacts\cvs_qknnv42_full_legacy_oracle_125_20260714\rx_20-1\seed_713105\k_20\cvs_qknnv42,0.8888888888888888,0.935315941243759
full_legacy_oracle,cvs_qknnv42_stage2c_rx7-7_k2_seed713104,7-7,713104,2,0.8861111111111111,1.0,0.93954391072295,0.005555555555555536,E:\type10-7\automation_reports\CV-SincNet\qknnv42_fft96_dual125_20260714_172537\artifacts\cvs_qknnv42_full_legacy_oracle_125_20260714\rx_7-7\seed_713104\k_2\cvs_qknnv42,0.8861111111111111,0.9418850072780204
full_legacy_oracle,cvs_qknnv42_stage2c_rx8-8_k5_seed713103,8-8,713103,5,0.8861111111111111,0.9666666666666667,0.9242418418651602,0.0,E:\type10-7\automation_reports\CV-SincNet\qknnv42_fft96_dual125_20260714_172537\artifacts\cvs_qknnv42_full_legacy_oracle_125_20260714\rx_8-8\seed_713103\k_5\cvs_qknnv42,0.8861111111111111,0.925673206547646
full_legacy_oracle,cvs_qknnv42_stage2c_rx7-7_k10_seed713103,7-7,713103,10,0.8833333333333333,1.0,0.938039236070502,0.005555555555555573,E:\type10-7\automation_reports\CV-SincNet\qknnv42_fft96_dual125_20260714_172537\artifacts\cvs_qknnv42_full_legacy_oracle_125_20260714\rx_7-7\seed_713103\k_10\cvs_qknnv42,0.8833333333333333,0.9404575231346118
full_legacy_oracle,cvs_qknnv42_stage2c_rx7-14_k1_seed713103,7-14,713103,1,0.8805555555555555,0.9833333333333334,0.9285571892778527,0.0,E:\type10-7\automation_reports\CV-SincNet\qknnv42_fft96_dual125_20260714_172537\artifacts\cvs_qknnv42_full_legacy_oracle_125_20260714\rx_7-14\seed_713103\k_1\cvs_qknnv42,0.8805555555555555,0.9308153593889138
full_legacy_oracle,cvs_qknnv42_stage2c_rx7-7_k10_seed713101,7-7,713101,10,0.8777777777777778,1.0,0.934906588003933,0.0,E:\type10-7\automation_reports\CV-SincNet\qknnv42_fft96_dual125_20260714_172537\artifacts\cvs_qknnv42_full_legacy_oracle_125_20260714\rx_7-7\seed_713101\k_10\cvs_qknnv42,0.8777777777777778,0.9375614552605702
full_legacy_oracle,cvs_qknnv42_stage2c_rx8-8_k20_seed713102,8-8,713102,20,0.8777777777777778,1.0,0.9344542019015235,-0.00833333333333334,E:\type10-7\automation_reports\CV-SincNet\qknnv42_fft96_dual125_20260714_172537\artifacts\cvs_qknnv42_full_legacy_oracle_125_20260714\rx_8-8\seed_713102\k_20\cvs_qknnv42,0.8777777777777778,0.9374106598931005
full_legacy_oracle,cvs_qknnv42_stage2c_rx8-8_k20_seed713105,8-8,713105,20,0.8777777777777778,0.9833333333333334,0.9274539559908946,-3.700743415417188e-17,E:\type10-7\automation_reports\CV-SincNet\qknnv42_fft96_dual125_20260714_172537\artifacts\cvs_qknnv42_full_legacy_oracle_125_20260714\rx_8-8\seed_713105\k_20\cvs_qknnv42,0.8777777777777778,0.929521689034002
full_legacy_oracle,cvs_qknnv42_stage2c_rx7-7_k5_seed713103,7-7,713103,5,0.8777777777777778,0.9833333333333334,0.9271016908787807,0.0,E:\type10-7\automation_reports\CV-SincNet\qknnv42_fft96_dual125_20260714_172537\artifacts\cvs_qknnv42_full_legacy_oracle_125_20260714\rx_7-7\seed_713103\k_5\cvs_qknnv42,0.8777777777777778,0.929404267329964
full_legacy_oracle,cvs_qknnv42_stage2c_rx8-8_k10_seed713105,8-8,713105,10,0.875,0.9833333333333334,0.9258524185149177,0.00833333333333334,E:\type10-7\automation_reports\CV-SincNet\qknnv42_fft96_dual125_20260714_172537\artifacts\cvs_qknnv42_full_legacy_oracle_125_20260714\rx_8-8\seed_713105\k_10\cvs_qknnv42,0.875,0.9280619172827503
singleview_fft96,cvs_qknnv42_stage2c_rx7-14_k20_seed713101,7-14,713101,20,0.9138888888888889,0.875,0.8939822921416628,0.005555555555555573,E:\type10-7\automation_reports\CV-SincNet\qknnv42_fft96_dual125_20260714_172537\artifacts\cvs_qknnv42_fft96_singleview_125_20260714\rx_7-14\seed_713101\k_20\cvs_qknnv42,0.875,0.8942903936768506
singleview_fft96,cvs_qknnv42_stage2c_rx7-14_k20_seed713102,7-14,713102,20,0.875,0.875,0.8732166760675394,0.002777777777777768,E:\type10-7\automation_reports\CV-SincNet\qknnv42_fft96_dual125_20260714_172537\artifacts\cvs_qknnv42_fft96_singleview_125_20260714\rx_7-14\seed_713102\k_20\cvs_qknnv42,0.875,0.8744055586891798
full_legacy_oracle,cvs_qknnv42_stage2c_rx8-8_k5_seed713105,8-8,713105,5,0.8722222222222222,0.9666666666666667,0.9169743988792228,0.01666666666666668,E:\type10-7\automation_reports\CV-SincNet\qknnv42_fft96_dual125_20260714_172537\artifacts\cvs_qknnv42_full_legacy_oracle_125_20260714\rx_8-8\seed_713105\k_5\cvs_qknnv42,0.8722222222222222,0.9186210959227039
full_legacy_oracle,cvs_qknnv42_stage2c_rx7-7_k5_seed713105,7-7,713105,5,0.8694444444444445,0.9833333333333334,0.9224727447510433,-0.00833333333333334,E:\type10-7\automation_reports\CV-SincNet\qknnv42_fft96_dual125_20260714_172537\artifacts\cvs_qknnv42_full_legacy_oracle_125_20260714\rx_7-7\seed_713105\k_5\cvs_qknnv42,0.8694444444444445,0.9250835075096071
full_legacy_oracle,cvs_qknnv42_stage2c_rx8-8_k10_seed713102,8-8,713102,10,0.8666666666666667,1.0,0.9284711933332445,0.005555555555555573,E:\type10-7\automation_reports\CV-SincNet\qknnv42_fft96_dual125_20260714_172537\artifacts\cvs_qknnv42_full_legacy_oracle_125_20260714\rx_8-8\seed_713102\k_10\cvs_qknnv42,0.8666666666666667,0.9317126199999705
full_legacy_oracle,cvs_qknnv42_stage2c_rx8-8_k2_seed713104,8-8,713104,2,0.8666666666666667,0.9666666666666667,0.9138862835880843,0.0,E:\type10-7\automation_reports\CV-SincNet\qknnv42_fft96_dual125_20260714_172537\artifacts\cvs_qknnv42_full_legacy_oracle_125_20260714\rx_8-8\seed_713104\k_2\cvs_qknnv42,0.8666666666666667,0.9157398723071393
full_legacy_oracle,cvs_qknnv42_stage2c_rx20-1_k10_seed713105,20-1,713105,10,0.8666666666666667,0.9666666666666667,0.9132429867916944,-0.005555555555555536,E:\type10-7\automation_reports\CV-SincNet\qknnv42_fft96_dual125_20260714_172537\artifacts\cvs_qknnv42_full_legacy_oracle_125_20260714\rx_20-1\seed_713105\k_10\cvs_qknnv42,0.8666666666666667,0.915525440041676
full_legacy_oracle,cvs_qknnv42_stage2c_rx7-7_k5_seed713101,7-7,713101,5,0.8638888888888889,1.0,0.9267978717317925,-0.0027777777777778048,E:\type10-7\automation_reports\CV-SincNet\qknnv42_fft96_dual125_20260714_172537\artifacts\cvs_qknnv42_full_legacy_oracle_125_20260714\rx_7-7\seed_713101\k_5\cvs_qknnv42,0.8638888888888889,0.9302289202068939
full_legacy_oracle,cvs_qknnv42_stage2c_rx7-7_k5_seed713102,7-7,713102,5,0.8638888888888889,1.0,0.9261390910892605,0.0027777777777778048,E:\type10-7\automation_reports\CV-SincNet\qknnv42_fft96_dual125_20260714_172537\artifacts\cvs_qknnv42_full_legacy_oracle_125_20260714\rx_7-7\seed_713102\k_5\cvs_qknnv42,0.8638888888888889,0.9300093266593832
full_legacy_oracle,cvs_qknnv42_stage2c_rx8-8_k2_seed713101,8-8,713101,2,0.8638888888888889,0.9833333333333334,0.9194397955880631,-0.002777777777777768,E:\type10-7\automation_reports\CV-SincNet\qknnv42_fft96_dual125_20260714_172537\artifacts\cvs_qknnv42_full_legacy_oracle_125_20260714\rx_8-8\seed_713101\k_2\cvs_qknnv42,0.8638888888888889,0.9222206726034284
full_legacy_oracle,cvs_qknnv42_stage2c_rx8-8_k2_seed713103,8-8,713103,2,0.8638888888888889,0.9499999999999998,0.9043727237729687,0.011111111111111108,E:\type10-7\automation_reports\CV-SincNet\qknnv42_fft96_dual125_20260714_172537\artifacts\cvs_qknnv42_full_legacy_oracle_125_20260714\rx_8-8\seed_713103\k_2\cvs_qknnv42,0.8638888888888889,0.9060872042206191
full_legacy_oracle,cvs_qknnv42_stage2c_rx8-8_k5_seed713102,8-8,713102,5,0.8638888888888888,1.0,0.926457041360424,-0.005555555555555536,E:\type10-7\automation_reports\CV-SincNet\qknnv42_fft96_dual125_20260714_172537\artifacts\cvs_qknnv42_full_legacy_oracle_125_20260714\rx_8-8\seed_713102\k_5\cvs_qknnv42,0.8638888888888888,0.9301153100831042
full_legacy_oracle,cvs_qknnv42_stage2c_rx8-8_k2_seed713102,8-8,713102,2,0.8611111111111112,1.0,0.924901185770751,-0.011111111111111108,E:\type10-7\automation_reports\CV-SincNet\qknnv42_fft96_dual125_20260714_172537\artifacts\cvs_qknnv42_full_legacy_oracle_125_20260714\rx_8-8\seed_713102\k_2\cvs_qknnv42,0.8611111111111112,0.9286707656272873
singleview_fft96,cvs_qknnv42_stage2c_rx7-14_k20_seed713103,7-14,713103,20,0.9277777777777777,0.8583333333333334,0.8914018118079429,-0.002777777777777768,E:\type10-7\automation_reports\CV-SincNet\qknnv42_fft96_dual125_20260714_172537\artifacts\cvs_qknnv42_fft96_singleview_125_20260714\rx_7-14\seed_713103\k_20\cvs_qknnv42,0.8583333333333334,0.8925043076396847
singleview_fft96,cvs_qknnv42_stage2c_rx7-14_k20_seed713105,7-14,713105,20,0.9083333333333333,0.8583333333333334,0.8826085829884268,0.0,E:\type10-7\automation_reports\CV-SincNet\qknnv42_fft96_dual125_20260714_172537\artifacts\cvs_qknnv42_fft96_singleview_125_20260714\rx_7-14\seed_713105\k_20\cvs_qknnv42,0.8583333333333334,0.8830917498850311
singleview_fft96,cvs_qknnv42_stage2c_rx8-8_k20_seed713104,8-8,713104,20,0.8722222222222222,0.8583333333333334,0.865148742301301,0.011111111111111108,E:\type10-7\automation_reports\CV-SincNet\qknnv42_fft96_dual125_20260714_172537\artifacts\cvs_qknnv42_fft96_singleview_125_20260714\rx_8-8\seed_713104\k_20\cvs_qknnv42,0.8583333333333334,0.8652347659522855
singleview_fft96,cvs_qknnv42_stage2c_rx8-8_k20_seed713101,8-8,713101,20,0.8694444444444445,0.8583333333333334,0.8634302880130947,0.002777777777777768,E:\type10-7\automation_reports\CV-SincNet\qknnv42_fft96_dual125_20260714_172537\artifacts\cvs_qknnv42_fft96_singleview_125_20260714\rx_8-8\seed_713101\k_20\cvs_qknnv42,0.8583333333333334,0.8637360219302909
singleview_fft96,cvs_qknnv42_stage2c_rx20-1_k20_seed713102,20-1,713102,20,0.8638888888888889,0.8583333333333334,0.8603516735645664,0.002777777777777768,E:\type10-7\automation_reports\CV-SincNet\qknnv42_fft96_dual125_20260714_172537\artifacts\cvs_qknnv42_fft96_singleview_125_20260714\rx_20-1\seed_713102\k_20\cvs_qknnv42,0.8583333333333334,0.8608579652622629
full_legacy_oracle,cvs_qknnv42_stage2c_rx7-14_k1_seed713101,7-14,713101,1,0.8583333333333333,0.9666666666666667,0.9080868992003669,0.0,E:\type10-7\automation_reports\CV-SincNet\qknnv42_fft96_dual125_20260714_172537\artifacts\cvs_qknnv42_full_legacy_oracle_125_20260714\rx_7-14\seed_713101\k_1\cvs_qknnv42,0.8583333333333333,0.9110289664001222
full_legacy_oracle,cvs_qknnv42_stage2c_rx7-7_k1_seed713104,7-7,713104,1,0.8555555555555556,1.0,0.9216915945435966,0.0027777777777778048,E:\type10-7\automation_reports\CV-SincNet\qknnv42_fft96_dual125_20260714_172537\artifacts\cvs_qknnv42_full_legacy_oracle_125_20260714\rx_7-7\seed_713104\k_1\cvs_qknnv42,0.8555555555555556,0.9257490500330507
full_legacy_oracle,cvs_qknnv42_stage2c_rx7-7_k2_seed713101,7-7,713101,2,0.8555555555555556,0.9500000000000001,0.8993478295197942,-0.0027777777777778048,E:\type10-7\automation_reports\CV-SincNet\qknnv42_fft96_dual125_20260714_172537\artifacts\cvs_qknnv42_full_legacy_oracle_125_20260714\rx_7-7\seed_713101\k_2\cvs_qknnv42,0.8555555555555556,0.9016344616917834
singleview_fft96,cvs_qknnv42_stage2c_rx7-7_k20_seed713104,7-7,713104,20,0.8555555555555555,0.8916666666666666,0.8730864211207221,-0.008333333333333304,E:\type10-7\automation_reports\CV-SincNet\qknnv42_fft96_dual125_20260714_172537\artifacts\cvs_qknnv42_fft96_singleview_125_20260714\rx_7-7\seed_713104\k_20\cvs_qknnv42,0.8555555555555555,0.8734362144476481
singleview_fft96,cvs_qknnv42_stage2c_rx7-14_k10_seed713103,7-14,713103,10,0.9166666666666666,0.8500000000000001,0.8798781439181177,0.0027777777777778048,E:\type10-7\automation_reports\CV-SincNet\qknnv42_fft96_dual125_20260714_172537\artifacts\cvs_qknnv42_fft96_singleview_125_20260714\rx_7-14\seed_713103\k_10\cvs_qknnv42,0.8500000000000001,0.8821816035282616
singleview_fft96,cvs_qknnv42_stage2c_rx7-14_k10_seed713105,7-14,713105,10,0.9027777777777777,0.8500000000000001,0.8753907912305637,0.0,E:\type10-7\automation_reports\CV-SincNet\qknnv42_fft96_dual125_20260714_172537\artifacts\cvs_qknnv42_fft96_singleview_125_20260714\rx_7-14\seed_713105\k_10\cvs_qknnv42,0.8500000000000001,0.8760561896694471
singleview_fft96,cvs_qknnv42_stage2c_rx8-8_k10_seed713104,8-8,713104,10,0.85,0.8666666666666667,0.8580833562601738,0.01666666666666668,E:\type10-7\automation_reports\CV-SincNet\qknnv42_fft96_dual125_20260714_172537\artifacts\cvs_qknnv42_fft96_singleview_125_20260714\rx_8-8\seed_713104\k_10\cvs_qknnv42,0.85,0.8582500076422802
full_legacy_oracle,cvs_qknnv42_stage2c_rx20-1_k5_seed713102,20-1,713102,5,0.8472222222222222,0.9666666666666667,0.9016999921317771,-0.005555555555555573,E:\type10-7\automation_reports\CV-SincNet\qknnv42_fft96_dual125_20260714_172537\artifacts\cvs_qknnv42_full_legacy_oracle_125_20260714\rx_20-1\seed_713102\k_5\cvs_qknnv42,0.8472222222222222,0.9051962936735554
full_legacy_oracle,cvs_qknnv42_stage2c_rx7-7_k2_seed713102,7-7,713102,2,0.8472222222222222,0.9666666666666667,0.9015851508950314,3.700743415417188e-17,E:\type10-7\automation_reports\CV-SincNet\qknnv42_fft96_dual125_20260714_172537\artifacts\cvs_qknnv42_full_legacy_oracle_125_20260714\rx_7-7\seed_713102\k_2\cvs_qknnv42,0.8472222222222222,0.9051580132613068
full_legacy_oracle,cvs_qknnv42_stage2c_rx20-1_k20_seed713101,20-1,713101,20,0.8416666666666668,0.9833333333333334,0.906074332864149,0.005555555555555536,E:\type10-7\automation_reports\CV-SincNet\qknnv42_fft96_dual125_20260714_172537\artifacts\cvs_qknnv42_full_legacy_oracle_125_20260714\rx_20-1\seed_713101\k_20\cvs_qknnv42,0.8416666666666668,0.9103581109547164
full_legacy_oracle,cvs_qknnv42_stage2c_rx8-8_k1_seed713101,8-8,713101,1,0.8416666666666667,0.9833333333333334,0.9069400660981369,-0.002777777777777768,E:\type10-7\automation_reports\CV-SincNet\qknnv42_fft96_dual125_20260714_172537\artifacts\cvs_qknnv42_full_legacy_oracle_125_20260714\rx_8-8\seed_713101\k_1\cvs_qknnv42,0.8416666666666667,0.910646688699379
full_legacy_oracle,cvs_qknnv42_stage2c_rx20-1_k10_seed713103,20-1,713103,10,0.8416666666666667,0.9333333333333332,0.8848464412112494,-0.005555555555555573,E:\type10-7\automation_reports\CV-SincNet\qknnv42_fft96_dual125_20260714_172537\artifacts\cvs_qknnv42_full_legacy_oracle_125_20260714\rx_20-1\seed_713103\k_10\cvs_qknnv42,0.8416666666666667,0.8866154804037497
singleview_fft96,cvs_qknnv42_stage2c_rx7-7_k10_seed713104,7-7,713104,10,0.888888888888889,0.8416666666666667,0.8640966313380106,-0.011111111111111146,E:\type10-7\automation_reports\CV-SincNet\qknnv42_fft96_dual125_20260714_172537\artifacts\cvs_qknnv42_fft96_singleview_125_20260714\rx_7-7\seed_713104\k_10\cvs_qknnv42,0.8416666666666667,0.8648840622978554
full_legacy_oracle,cvs_qknnv42_stage2c_rx8-8_k2_seed713105,8-8,713105,2,0.8388888888888889,0.9166666666666666,0.8759942967085824,0.0027777777777778048,E:\type10-7\automation_reports\CV-SincNet\qknnv42_fft96_dual125_20260714_172537\artifacts\cvs_qknnv42_full_legacy_oracle_125_20260714\rx_8-8\seed_713105\k_2\cvs_qknnv42,0.8388888888888889,0.877183284088046
singleview_fft96,cvs_qknnv42_stage2c_rx20-1_k20_seed713103,20-1,713103,20,0.8805555555555555,0.8333333333333334,0.8561254836926478,0.005555555555555536,E:\type10-7\automation_reports\CV-SincNet\qknnv42_fft96_dual125_20260714_172537\artifacts\cvs_qknnv42_fft96_singleview_125_20260714\rx_20-1\seed_713103\k_20\cvs_qknnv42,0.8333333333333334,0.8566714575271789
singleview_fft96,cvs_qknnv42_stage2c_rx7-14_k10_seed713102,7-14,713102,10,0.8694444444444445,0.8333333333333334,0.8506372175679107,0.0027777777777778048,E:\type10-7\automation_reports\CV-SincNet\qknnv42_fft96_dual125_20260714_172537\artifacts\cvs_qknnv42_fft96_singleview_125_20260714\rx_7-14\seed_713102\k_10\cvs_qknnv42,0.8333333333333334,0.8511383317818962
singleview_fft96,cvs_qknnv42_stage2c_rx7-14_k20_seed713104,7-14,713104,20,0.8638888888888889,0.8333333333333334,0.8477446129960601,0.011111111111111108,E:\type10-7\automation_reports\CV-SincNet\qknnv42_fft96_dual125_20260714_172537\artifacts\cvs_qknnv42_fft96_singleview_125_20260714\rx_7-14\seed_713104\k_20\cvs_qknnv42,0.8333333333333334,0.8483222784060942
full_legacy_oracle,cvs_qknnv42_stage2c_rx7-7_k2_seed713103,7-7,713103,2,0.8305555555555556,0.9833333333333334,0.9000460868107928,-0.00833333333333334,E:\type10-7\automation_reports\CV-SincNet\qknnv42_fft96_dual125_20260714_172537\artifacts\cvs_qknnv42_full_legacy_oracle_125_20260714\rx_7-7\seed_713103\k_2\cvs_qknnv42,0.8305555555555556,0.904644991899894
full_legacy_oracle,cvs_qknnv42_stage2c_rx20-1_k5_seed713105,20-1,713105,5,0.8305555555555554,0.9833333333333334,0.9002721775133583,-0.011111111111111072,E:\type10-7\automation_reports\CV-SincNet\qknnv42_fft96_dual125_20260714_172537\artifacts\cvs_qknnv42_full_legacy_oracle_125_20260714\rx_20-1\seed_713105\k_5\cvs_qknnv42,0.8305555555555554,0.9047203554674157
full_legacy_oracle,cvs_qknnv42_stage2c_rx3-19_k20_seed713105,3-19,713105,20,0.8305555555555554,0.9166666666666666,0.8711523887651861,-0.005555555555555536,E:\type10-7\automation_reports\CV-SincNet\qknnv42_fft96_dual125_20260714_172537\artifacts\cvs_qknnv42_full_legacy_oracle_125_20260714\rx_3-19\seed_713105\k_20\cvs_qknnv42,0.8305555555555554,0.8727915369958027
full_legacy_oracle,cvs_qknnv42_stage2c_rx8-8_k1_seed713103,8-8,713103,1,0.8277777777777778,0.9500000000000001,0.8813919332176213,-0.00833333333333334,E:\type10-7\automation_reports\CV-SincNet\qknnv42_fft96_dual125_20260714_172537\artifacts\cvs_qknnv42_full_legacy_oracle_125_20260714\rx_8-8\seed_713103\k_1\cvs_qknnv42,0.8277777777777778,0.8863899036651331
full_legacy_oracle,cvs_qknnv42_stage2c_rx7-7_k1_seed713105,7-7,713105,1,0.8277777777777778,0.9333333333333332,0.8755660605921864,0.0,E:\type10-7\automation_reports\CV-SincNet\qknnv42_fft96_dual125_20260714_172537\artifacts\cvs_qknnv42_full_legacy_oracle_125_20260714\rx_7-7\seed_713105\k_1\cvs_qknnv42,0.8277777777777778,0.8788923905677658
full_legacy_oracle,cvs_qknnv42_stage2c_rx20-1_k10_seed713101,20-1,713101,10,0.8250000000000001,0.9666666666666667,0.8893938591380194,-0.013888888888888914,E:\type10-7\automation_reports\CV-SincNet\qknnv42_fft96_dual125_20260714_172537\artifacts\cvs_qknnv42_full_legacy_oracle_125_20260714\rx_20-1\seed_713101\k_10\cvs_qknnv42,0.8250000000000001,0.8936868419348953
singleview_fft96,cvs_qknnv42_stage2c_rx7-14_k10_seed713101,7-14,713101,10,0.8972222222222223,0.8250000000000001,0.8571995256170871,0.002777777777777768,E:\type10-7\automation_reports\CV-SincNet\qknnv42_fft96_dual125_20260714_172537\artifacts\cvs_qknnv42_fft96_singleview_125_20260714\rx_7-14\seed_713101\k_10\cvs_qknnv42,0.8250000000000001,0.8598072492797698
singleview_fft96,cvs_qknnv42_stage2c_rx7-7_k20_seed713101,7-7,713101,20,0.8916666666666666,0.8250000000000001,0.8549455358879596,-0.0027777777777778048,E:\type10-7\automation_reports\CV-SincNet\qknnv42_fft96_dual125_20260714_172537\artifacts\cvs_qknnv42_fft96_singleview_125_20260714\rx_7-7\seed_713101\k_20\cvs_qknnv42,0.8250000000000001,0.8572040675182088
singleview_fft96,cvs_qknnv42_stage2c_rx20-1_k20_seed713101,20-1,713101,20,0.8888888888888888,0.8250000000000001,0.8545755070717344,-0.005555555555555536,E:\type10-7\automation_reports\CV-SincNet\qknnv42_fft96_dual125_20260714_172537\artifacts\cvs_qknnv42_fft96_singleview_125_20260714\rx_20-1\seed_713101\k_20\cvs_qknnv42,0.8250000000000001,0.856154798653541
singleview_fft96,cvs_qknnv42_stage2c_rx7-14_k10_seed713104,7-14,713104,10,0.8527777777777779,0.8250000000000001,0.8383618642838684,0.022222222222222216,E:\type10-7\automation_reports\CV-SincNet\qknnv42_fft96_dual125_20260714_172537\artifacts\cvs_qknnv42_fft96_singleview_125_20260714\rx_7-14\seed_713104\k_10\cvs_qknnv42,0.8250000000000001,0.8387132140205488
singleview_fft96,cvs_qknnv42_stage2c_rx8-8_k20_seed713103,8-8,713103,20,0.8222222222222223,0.9,0.8590658250406212,0.016666666666666646,E:\type10-7\automation_reports\CV-SincNet\qknnv42_fft96_dual125_20260714_172537\artifacts\cvs_qknnv42_fft96_singleview_125_20260714\rx_8-8\seed_713103\k_20\cvs_qknnv42,0.8222222222222223,0.8604293490876146
singleview_fft96,cvs_qknnv42_stage2c_rx20-1_k10_seed713102,20-1,713102,10,0.8194444444444443,0.8583333333333334,0.838416786312515,0.019444444444444448,E:\type10-7\automation_reports\CV-SincNet\qknnv42_fft96_dual125_20260714_172537\artifacts\cvs_qknnv42_fft96_singleview_125_20260714\rx_20-1\seed_713102\k_10\cvs_qknnv42,0.8194444444444443,0.8387315213634309
singleview_fft96,cvs_qknnv42_stage2c_rx7-7_k20_seed713103,7-7,713103,20,0.9027777777777778,0.8166666666666668,0.8569904111233843,-0.0027777777777778048,E:\type10-7\automation_reports\CV-SincNet\qknnv42_fft96_dual125_20260714_172537\artifacts\cvs_qknnv42_fft96_singleview_125_20260714\rx_7-7\seed_713103\k_20\cvs_qknnv42,0.8166666666666668,0.8588116185226097
singleview_fft96,cvs_qknnv42_stage2c_rx7-14_k5_seed713105,7-14,713105,5,0.8916666666666666,0.8166666666666668,0.8520875302175664,0.005555555555555536,E:\type10-7\automation_reports\CV-SincNet\qknnv42_fft96_dual125_20260714_172537\artifacts\cvs_qknnv42_fft96_singleview_125_20260714\rx_7-14\seed_713105\k_5\cvs_qknnv42,0.8166666666666668,0.8534736211836332
singleview_fft96,cvs_qknnv42_stage2c_rx7-14_k5_seed713104,7-14,713104,5,0.8555555555555556,0.8166666666666668,0.8351690500377692,0.01666666666666668,E:\type10-7\automation_reports\CV-SincNet\qknnv42_fft96_dual125_20260714_172537\artifacts\cvs_qknnv42_fft96_singleview_125_20260714\rx_7-14\seed_713104\k_5\cvs_qknnv42,0.8166666666666668,0.8357970907533305
full_legacy_oracle,cvs_qknnv42_stage2c_rx7-7_k2_seed713105,7-7,713105,2,0.8138888888888888,0.9666666666666667,0.8825288687175211,-0.002777777777777768,E:\type10-7\automation_reports\CV-SincNet\qknnv42_fft96_dual125_20260714_172537\artifacts\cvs_qknnv42_full_legacy_oracle_125_20260714\rx_7-7\seed_713105\k_2\cvs_qknnv42,0.8138888888888888,0.8876948080910255
singleview_fft96,cvs_qknnv42_stage2c_rx8-8_k20_seed713102,8-8,713102,20,0.8138888888888888,0.875,0.8423044217687075,0.005555555555555536,E:\type10-7\automation_reports\CV-SincNet\qknnv42_fft96_dual125_20260714_172537\artifacts\cvs_qknnv42_fft96_singleview_125_20260714\rx_8-8\seed_713102\k_20\cvs_qknnv42,0.8138888888888888,0.843731103552532
singleview_fft96,cvs_qknnv42_stage2c_rx8-8_k20_seed713105,8-8,713105,20,0.8138888888888888,0.8249999999999998,0.8164868076047137,0.022222222222222216,E:\type10-7\automation_reports\CV-SincNet\qknnv42_fft96_dual125_20260714_172537\artifacts\cvs_qknnv42_fft96_singleview_125_20260714\rx_8-8\seed_713105\k_20\cvs_qknnv42,0.8138888888888888,0.8184585654978674
full_legacy_oracle,cvs_qknnv42_stage2c_rx3-19_k20_seed713103,3-19,713103,20,0.8111111111111112,0.9,0.8517768351596559,-0.00833333333333334,E:\type10-7\automation_reports\CV-SincNet\qknnv42_fft96_dual125_20260714_172537\artifacts\cvs_qknnv42_full_legacy_oracle_125_20260714\rx_3-19\seed_713103\k_20\cvs_qknnv42,0.8111111111111112,0.8542959820902557
full_legacy_oracle,cvs_qknnv42_stage2c_rx8-8_k1_seed713102,8-8,713102,1,0.811111111111111,0.9500000000000001,0.8712746287561769,0.005555555555555536,E:\type10-7\automation_reports\CV-SincNet\qknnv42_fft96_dual125_20260714_172537\artifacts\cvs_qknnv42_full_legacy_oracle_125_20260714\rx_8-8\seed_713102\k_1\cvs_qknnv42,0.811111111111111,0.8774619132890961
full_legacy_oracle,cvs_qknnv42_stage2c_rx20-1_k10_seed713104,20-1,713104,10,0.8083333333333332,0.9499999999999998,0.8732741651532363,-0.008333333333333378,E:\type10-7\automation_reports\CV-SincNet\qknnv42_fft96_dual125_20260714_172537\artifacts\cvs_qknnv42_full_legacy_oracle_125_20260714\rx_20-1\seed_713104\k_10\cvs_qknnv42,0.8083333333333332,0.8772024994955231
full_legacy_oracle,cvs_qknnv42_stage2c_rx20-1_k5_seed713104,20-1,713104,5,0.8055555555555555,0.9333333333333332,0.8645385329693283,-0.00833333333333334,E:\type10-7\automation_reports\CV-SincNet\qknnv42_fft96_dual125_20260714_172537\artifacts\cvs_qknnv42_full_legacy_oracle_125_20260714\rx_20-1\seed_713104\k_5\cvs_qknnv42,0.8055555555555555,0.8678091406194056
full_legacy_oracle,cvs_qknnv42_stage2c_rx20-1_k5_seed713101,20-1,713101,5,0.8027777777777777,0.9666666666666667,0.8763937028915455,-0.01666666666666668,E:\type10-7\automation_reports\CV-SincNet\qknnv42_fft96_dual125_20260714_172537\artifacts\cvs_qknnv42_full_legacy_oracle_125_20260714\rx_20-1\seed_713101\k_5\cvs_qknnv42,0.8027777777777777,0.8819460491119967
singleview_fft96,cvs_qknnv42_stage2c_rx20-1_k10_seed713101,20-1,713101,10,0.8555555555555555,0.7999999999999999,0.8262300849374279,0.002777777777777768,E:\type10-7\automation_reports\CV-SincNet\qknnv42_fft96_dual125_20260714_172537\artifacts\cvs_qknnv42_fft96_singleview_125_20260714\rx_20-1\seed_713101\k_10\cvs_qknnv42,0.7999999999999999,0.8272618801643278
singleview_fft96,cvs_qknnv42_stage2c_rx8-8_k10_seed713103,8-8,713103,10,0.7999999999999999,0.8250000000000001,0.8105623241492806,0.02777777777777779,E:\type10-7\automation_reports\CV-SincNet\qknnv42_fft96_dual125_20260714_172537\artifacts\cvs_qknnv42_fft96_singleview_125_20260714\rx_8-8\seed_713103\k_10\cvs_qknnv42,0.7999999999999999,0.8118541080497602
singleview_fft96,cvs_qknnv42_stage2c_rx8-8_k10_seed713102,8-8,713102,10,0.7972222222222222,0.8416666666666668,0.8181064439946021,0.019444444444444448,E:\type10-7\automation_reports\CV-SincNet\qknnv42_fft96_dual125_20260714_172537\artifacts\cvs_qknnv42_fft96_singleview_125_20260714\rx_8-8\seed_713102\k_10\cvs_qknnv42,0.7972222222222222,0.818998444294497
singleview_fft96,cvs_qknnv42_stage2c_rx7-7_k10_seed713103,7-7,713103,10,0.9027777777777778,0.7916666666666666,0.8421614440168591,0.0,E:\type10-7\automation_reports\CV-SincNet\qknnv42_fft96_dual125_20260714_172537\artifacts\cvs_qknnv42_fft96_singleview_125_20260714\rx_7-7\seed_713103\k_10\cvs_qknnv42,0.7916666666666666,0.8455352961537678
singleview_fft96,cvs_qknnv42_stage2c_rx20-1_k20_seed713105,20-1,713105,20,0.8972222222222223,0.7916666666666666,0.8376593560933449,-0.011111111111111108,E:\type10-7\automation_reports\CV-SincNet\qknnv42_fft96_dual125_20260714_172537\artifacts\cvs_qknnv42_fft96_singleview_125_20260714\rx_20-1\seed_713105\k_20\cvs_qknnv42,0.7916666666666666,0.8421827483274112
singleview_fft96,cvs_qknnv42_stage2c_rx7-7_k5_seed713103,7-7,713103,5,0.8416666666666667,0.7916666666666666,0.8133755702809925,0.05000000000000001,E:\type10-7\automation_reports\CV-SincNet\qknnv42_fft96_dual125_20260714_172537\artifacts\cvs_qknnv42_fft96_singleview_125_20260714\rx_7-7\seed_713103\k_5\cvs_qknnv42,0.7916666666666666,0.8155696345381086
singleview_fft96,cvs_qknnv42_stage2c_rx8-8_k5_seed713104,8-8,713104,5,0.7999999999999999,0.7916666666666666,0.7923963066064723,0.03333333333333336,E:\type10-7\automation_reports\CV-SincNet\qknnv42_fft96_dual125_20260714_172537\artifacts\cvs_qknnv42_fft96_singleview_125_20260714\rx_8-8\seed_713104\k_5\cvs_qknnv42,0.7916666666666666,0.7946876577577129
full_legacy_oracle,cvs_qknnv42_stage2c_rx3-19_k20_seed713104,3-19,713104,20,0.7888888888888889,0.8333333333333334,0.8097916641160315,-0.002777777777777768,E:\type10-7\automation_reports\CV-SincNet\qknnv42_fft96_dual125_20260714_172537\artifacts\cvs_qknnv42_full_legacy_oracle_125_20260714\rx_3-19\seed_713104\k_20\cvs_qknnv42,0.7888888888888889,0.8106712954460846
singleview_fft96,cvs_qknnv42_stage2c_rx7-14_k2_seed713104,7-14,713104,2,0.7888888888888889,0.7916666666666666,0.789819607635581,0.06944444444444442,E:\type10-7\automation_reports\CV-SincNet\qknnv42_fft96_dual125_20260714_172537\artifacts\cvs_qknnv42_fft96_singleview_125_20260714\rx_7-14\seed_713104\k_2\cvs_qknnv42,0.7888888888888889,0.7901250543970454
full_legacy_oracle,cvs_qknnv42_stage2c_rx3-19_k10_seed713105,3-19,713105,10,0.7861111111111111,0.9333333333333332,0.8524476462837818,-0.005555555555555573,E:\type10-7\automation_reports\CV-SincNet\qknnv42_fft96_dual125_20260714_172537\artifacts\cvs_qknnv42_full_legacy_oracle_125_20260714\rx_3-19\seed_713105\k_10\cvs_qknnv42,0.7861111111111111,0.8572973635760753
full_legacy_oracle,cvs_qknnv42_stage2c_rx3-19_k20_seed713101,3-19,713101,20,0.7944444444444444,0.7833333333333333,0.7886647651196329,0.0,E:\type10-7\automation_reports\CV-SincNet\qknnv42_fft96_dual125_20260714_172537\artifacts\cvs_qknnv42_full_legacy_oracle_125_20260714\rx_3-19\seed_713101\k_20\cvs_qknnv42,0.7833333333333333,0.7888141809658036
full_legacy_oracle,cvs_qknnv42_stage2c_rx3-19_k20_seed713102,3-19,713102,20,0.7777777777777777,0.8833333333333333,0.8257575757575757,0.0027777777777778048,E:\type10-7\automation_reports\CV-SincNet\qknnv42_fft96_dual125_20260714_172537\artifacts\cvs_qknnv42_full_legacy_oracle_125_20260714\rx_3-19\seed_713102\k_20\cvs_qknnv42,0.7777777777777777,0.8289562289562289
singleview_fft96,cvs_qknnv42_stage2c_rx7-7_k5_seed713104,7-7,713104,5,0.9,0.775,0.8311919841232189,0.04166666666666663,E:\type10-7\automation_reports\CV-SincNet\qknnv42_fft96_dual125_20260714_172537\artifacts\cvs_qknnv42_fft96_singleview_125_20260714\rx_7-7\seed_713104\k_5\cvs_qknnv42,0.775,0.8353973280410729
full_legacy_oracle,cvs_qknnv42_stage2c_rx8-8_k1_seed713105,8-8,713105,1,0.775,0.8833333333333333,0.8247046106654224,-0.005555555555555536,E:\type10-7\automation_reports\CV-SincNet\qknnv42_fft96_dual125_20260714_172537\artifacts\cvs_qknnv42_full_legacy_oracle_125_20260714\rx_8-8\seed_713105\k_1\cvs_qknnv42,0.775,0.827679314666252
singleview_fft96,cvs_qknnv42_stage2c_rx7-7_k5_seed713101,7-7,713101,5,0.8250000000000001,0.775,0.7989896675651392,0.027777777777777752,E:\type10-7\automation_reports\CV-SincNet\qknnv42_fft96_dual125_20260714_172537\artifacts\cvs_qknnv42_fft96_singleview_125_20260714\rx_7-7\seed_713101\k_5\cvs_qknnv42,0.775,0.7996632225217132
singleview_fft96,cvs_qknnv42_stage2c_rx20-1_k20_seed713104,20-1,713104,20,0.8194444444444445,0.775,0.7949327906910093,0.011111111111111072,E:\type10-7\automation_reports\CV-SincNet\qknnv42_fft96_dual125_20260714_172537\artifacts\cvs_qknnv42_fft96_singleview_125_20260714\rx_20-1\seed_713104\k_20\cvs_qknnv42,0.775,0.7964590783784846
full_legacy_oracle,cvs_qknnv42_stage2c_rx7-7_k1_seed713101,7-7,713101,1,0.7722222222222221,0.85,0.7987523205879418,-0.00833333333333334,E:\type10-7\automation_reports\CV-SincNet\qknnv42_fft96_dual125_20260714_172537\artifacts\cvs_qknnv42_full_legacy_oracle_125_20260714\rx_7-7\seed_713101\k_1\cvs_qknnv42,0.7722222222222221,0.8069915142700547
full_legacy_oracle,cvs_qknnv42_stage2c_rx20-1_k5_seed713103,20-1,713103,5,0.7666666666666667,0.9499999999999998,0.8480909090909091,0.013888888888888876,E:\type10-7\automation_reports\CV-SincNet\qknnv42_fft96_dual125_20260714_172537\artifacts\cvs_qknnv42_full_legacy_oracle_125_20260714\rx_20-1\seed_713103\k_5\cvs_qknnv42,0.7666666666666667,0.8549191919191919
singleview_fft96,cvs_qknnv42_stage2c_rx7-7_k20_seed713105,7-7,713105,20,0.9416666666666668,0.7666666666666666,0.8434029680365297,0.008333333333333378,E:\type10-7\automation_reports\CV-SincNet\qknnv42_fft96_dual125_20260714_172537\artifacts\cvs_qknnv42_fft96_singleview_125_20260714\rx_7-7\seed_713105\k_20\cvs_qknnv42,0.7666666666666666,0.8505787671232877
singleview_fft96,cvs_qknnv42_stage2c_rx7-7_k20_seed713102,7-7,713102,20,0.8888888888888888,0.7666666666666666,0.8215132175874839,0.00833333333333334,E:\type10-7\automation_reports\CV-SincNet\qknnv42_fft96_dual125_20260714_172537\artifacts\cvs_qknnv42_fft96_singleview_125_20260714\rx_7-7\seed_713102\k_20\cvs_qknnv42,0.7666666666666666,0.8256895910476798
full_legacy_oracle,cvs_qknnv42_stage2c_rx7-14_k1_seed713104,7-14,713104,1,0.8472222222222223,0.7666666666666666,0.8017174082747854,-0.011111111111111146,E:\type10-7\automation_reports\CV-SincNet\qknnv42_fft96_dual125_20260714_172537\artifacts\cvs_qknnv42_full_legacy_oracle_125_20260714\rx_7-14\seed_713104\k_1\cvs_qknnv42,0.7666666666666666,0.8052020990545582
singleview_fft96,cvs_qknnv42_stage2c_rx20-1_k10_seed713103,20-1,713103,10,0.8305555555555556,0.7666666666666666,0.7965678824721377,0.00833333333333334,E:\type10-7\automation_reports\CV-SincNet\qknnv42_fft96_dual125_20260714_172537\artifacts\cvs_qknnv42_fft96_singleview_125_20260714\rx_20-1\seed_713103\k_10\cvs_qknnv42,0.7666666666666666,0.79793003489812
full_legacy_oracle,cvs_qknnv42_stage2c_rx20-1_k2_seed713105,20-1,713105,2,0.763888888888889,0.9333333333333332,0.8394330145851444,-0.0027777777777778048,E:\type10-7\automation_reports\CV-SincNet\qknnv42_fft96_dual125_20260714_172537\artifacts\cvs_qknnv42_full_legacy_oracle_125_20260714\rx_20-1\seed_713105\k_2\cvs_qknnv42,0.763888888888889,0.8455517456024556
full_legacy_oracle,cvs_qknnv42_stage2c_rx3-19_k10_seed713102,3-19,713102,10,0.7638888888888888,0.8666666666666667,0.8093786096570366,0.005555555555555536,E:\type10-7\automation_reports\CV-SincNet\qknnv42_fft96_dual125_20260714_172537\artifacts\cvs_qknnv42_full_legacy_oracle_125_20260714\rx_3-19\seed_713102\k_10\cvs_qknnv42,0.7638888888888888,0.8133113884041974
full_legacy_oracle,cvs_qknnv42_stage2c_rx3-19_k5_seed713105,3-19,713105,5,0.7611111111111111,0.8666666666666667,0.8094335578344106,-0.002777777777777768,E:\type10-7\automation_reports\CV-SincNet\qknnv42_fft96_dual125_20260714_172537\artifacts\cvs_qknnv42_full_legacy_oracle_125_20260714\rx_3-19\seed_713105\k_5\cvs_qknnv42,0.7611111111111111,0.8124037785373961
singleview_fft96,cvs_qknnv42_stage2c_rx20-1_k5_seed713101,20-1,713101,5,0.7944444444444444,0.7583333333333334,0.7740353817504655,-0.011111111111111108,E:\type10-7\automation_reports\CV-SincNet\qknnv42_fft96_dual125_20260714_172537\artifacts\cvs_qknnv42_fft96_singleview_125_20260714\rx_20-1\seed_713101\k_5\cvs_qknnv42,0.7583333333333334,0.7756043865094145
singleview_fft96,cvs_qknnv42_stage2c_rx20-1_k10_seed713105,20-1,713105,10,0.8722222222222221,0.7583333333333333,0.8111962110348926,0.011111111111111108,E:\type10-7\automation_reports\CV-SincNet\qknnv42_fft96_dual125_20260714_172537\artifacts\cvs_qknnv42_fft96_singleview_125_20260714\rx_20-1\seed_713105\k_10\cvs_qknnv42,0.7583333333333333,0.8139172555301494
singleview_fft96,cvs_qknnv42_stage2c_rx20-1_k10_seed713104,20-1,713104,10,0.8027777777777777,0.7583333333333333,0.7797604197604198,0.022222222222222216,E:\type10-7\automation_reports\CV-SincNet\qknnv42_fft96_dual125_20260714_172537\artifacts\cvs_qknnv42_fft96_singleview_125_20260714\rx_20-1\seed_713104\k_10\cvs_qknnv42,0.7583333333333333,0.7802905102905102
singleview_fft96,cvs_qknnv42_stage2c_rx20-1_k5_seed713102,20-1,713102,5,0.7583333333333334,0.7583333333333333,0.7573928258747605,0.041666666666666664,E:\type10-7\automation_reports\CV-SincNet\qknnv42_fft96_dual125_20260714_172537\artifacts\cvs_qknnv42_fft96_singleview_125_20260714\rx_20-1\seed_713102\k_5\cvs_qknnv42,0.7583333333333333,0.7580198308471425
full_legacy_oracle,cvs_qknnv42_stage2c_rx20-1_k2_seed713102,20-1,713102,2,0.7555555555555555,0.9500000000000001,0.8412174766813942,-0.022222222222222216,E:\type10-7\automation_reports\CV-SincNet\qknnv42_fft96_dual125_20260714_172537\artifacts\cvs_qknnv42_full_legacy_oracle_125_20260714\rx_20-1\seed_713102\k_2\cvs_qknnv42,0.7555555555555555,0.8489243440789833
full_legacy_oracle,cvs_qknnv42_stage2c_rx8-8_k1_seed713104,8-8,713104,1,0.7555555555555555,0.9166666666666666,0.8274833197577135,0.011111111111111108,E:\type10-7\automation_reports\CV-SincNet\qknnv42_fft96_dual125_20260714_172537\artifacts\cvs_qknnv42_full_legacy_oracle_125_20260714\rx_8-8\seed_713104\k_1\cvs_qknnv42,0.7555555555555555,0.8332351806599786
full_legacy_oracle,cvs_qknnv42_stage2c_rx3-19_k10_seed713101,3-19,713101,10,0.7555555555555555,0.7666666666666666,0.7599644146605474,-0.002777777777777768,E:\type10-7\automation_reports\CV-SincNet\qknnv42_fft96_dual125_20260714_172537\artifacts\cvs_qknnv42_full_legacy_oracle_125_20260714\rx_3-19\seed_713101\k_10\cvs_qknnv42,0.7555555555555555,0.7607288789609231
full_legacy_oracle,cvs_qknnv42_stage2c_rx3-19_k10_seed713103,3-19,713103,10,0.75,0.9,0.8148566266615047,-0.008333333333333378,E:\type10-7\automation_reports\CV-SincNet\qknnv42_fft96_dual125_20260714_172537\artifacts\cvs_qknnv42_full_legacy_oracle_125_20260714\rx_3-19\seed_713103\k_10\cvs_qknnv42,0.75,0.8216188755538348
full_legacy_oracle,cvs_qknnv42_stage2c_rx20-1_k1_seed713102,20-1,713102,1,0.75,0.8666666666666666,0.8037179753702383,-0.01666666666666668,E:\type10-7\automation_reports\CV-SincNet\qknnv42_fft96_dual125_20260714_172537\artifacts\cvs_qknnv42_full_legacy_oracle_125_20260714\rx_20-1\seed_713102\k_1\cvs_qknnv42,0.75,0.8067948806789683
singleview_fft96,cvs_qknnv42_stage2c_rx8-8_k10_seed713101,8-8,713101,10,0.8583333333333334,0.75,0.7996116573541331,0.005555555555555573,E:\type10-7\automation_reports\CV-SincNet\qknnv42_fft96_dual125_20260714_172537\artifacts\cvs_qknnv42_fft96_singleview_125_20260714\rx_8-8\seed_713101\k_10\cvs_qknnv42,0.75,0.8026483302291555
singleview_fft96,cvs_qknnv42_stage2c_rx7-7_k10_seed713102,7-7,713102,10,0.8527777777777779,0.75,0.795692985932237,0.013888888888888876,E:\type10-7\automation_reports\CV-SincNet\qknnv42_fft96_dual125_20260714_172537\artifacts\cvs_qknnv42_fft96_singleview_125_20260714\rx_7-7\seed_713102\k_10\cvs_qknnv42,0.75,0.799490254570005
singleview_fft96,cvs_qknnv42_stage2c_rx8-8_k10_seed713105,8-8,713105,10,0.8027777777777779,0.7416666666666667,0.7661705146174884,0.03333333333333329,E:\type10-7\automation_reports\CV-SincNet\qknnv42_fft96_dual125_20260714_172537\artifacts\cvs_qknnv42_fft96_singleview_125_20260714\rx_8-8\seed_713105\k_10\cvs_qknnv42,0.7416666666666667,0.7702049863539777
singleview_fft96,cvs_qknnv42_stage2c_rx7-7_k10_seed713101,7-7,713101,10,0.9,0.7416666666666666,0.8086268987289467,0.01666666666666668,E:\type10-7\automation_reports\CV-SincNet\qknnv42_fft96_dual125_20260714_172537\artifacts\cvs_qknnv42_fft96_singleview_125_20260714\rx_7-7\seed_713101\k_10\cvs_qknnv42,0.7416666666666666,0.8167645217985378
full_legacy_oracle,cvs_qknnv42_stage2c_rx20-1_k2_seed713103,20-1,713103,2,0.7361111111111112,0.9333333333333332,0.8229618814141851,-0.005555555555555573,E:\type10-7\automation_reports\CV-SincNet\qknnv42_fft96_dual125_20260714_172537\artifacts\cvs_qknnv42_full_legacy_oracle_125_20260714\rx_20-1\seed_713103\k_2\cvs_qknnv42,0.7361111111111112,0.8308021086195433
full_legacy_oracle,cvs_qknnv42_stage2c_rx3-19_k10_seed713104,3-19,713104,10,0.7333333333333334,0.8833333333333333,0.801335371974281,0.002777777777777768,E:\type10-7\automation_reports\CV-SincNet\qknnv42_fft96_dual125_20260714_172537\artifacts\cvs_qknnv42_full_legacy_oracle_125_20260714\rx_3-19\seed_713104\k_10\cvs_qknnv42,0.7333333333333334,0.8060006795469826
full_legacy_oracle,cvs_qknnv42_stage2c_rx20-1_k2_seed713104,20-1,713104,2,0.7305555555555556,0.8833333333333333,0.7992836783678369,0.002777777777777768,E:\type10-7\automation_reports\CV-SincNet\qknnv42_fft96_dual125_20260714_172537\artifacts\cvs_qknnv42_full_legacy_oracle_125_20260714\rx_20-1\seed_713104\k_2\cvs_qknnv42,0.7305555555555556,0.804390855752242
full_legacy_oracle,cvs_qknnv42_stage2c_rx3-19_k5_seed713104,3-19,713104,5,0.7305555555555556,0.8000000000000002,0.7594826369744941,-0.005555555555555536,E:\type10-7\automation_reports\CV-SincNet\qknnv42_fft96_dual125_20260714_172537\artifacts\cvs_qknnv42_full_legacy_oracle_125_20260714\rx_3-19\seed_713104\k_5\cvs_qknnv42,0.7305555555555556,0.7633460641766833
full_legacy_oracle,cvs_qknnv42_stage2c_rx7-7_k1_seed713102,7-7,713102,1,0.7277777777777779,0.9833333333333334,0.8264189323417246,-0.008333333333333304,E:\type10-7\automation_reports\CV-SincNet\qknnv42_fft96_dual125_20260714_172537\artifacts\cvs_qknnv42_full_legacy_oracle_125_20260714\rx_7-7\seed_713102\k_1\cvs_qknnv42,0.7277777777777779,0.845843347817612
singleview_fft96,cvs_qknnv42_stage2c_rx7-7_k10_seed713105,7-7,713105,10,0.9222222222222222,0.725,0.8114753067817645,0.011111111111111072,E:\type10-7\automation_reports\CV-SincNet\qknnv42_fft96_dual125_20260714_172537\artifacts\cvs_qknnv42_fft96_singleview_125_20260714\rx_7-7\seed_713105\k_10\cvs_qknnv42,0.725,0.819565843001329
full_legacy_oracle,cvs_qknnv42_stage2c_rx3-19_k5_seed713103,3-19,713103,5,0.725,0.85,0.7801923076923076,-0.005555555555555536,E:\type10-7\automation_reports\CV-SincNet\qknnv42_fft96_dual125_20260714_172537\artifacts\cvs_qknnv42_full_legacy_oracle_125_20260714\rx_3-19\seed_713103\k_5\cvs_qknnv42,0.725,0.7850641025641026
full_legacy_oracle,cvs_qknnv42_stage2c_rx7-7_k1_seed713103,7-7,713103,1,0.7166666666666668,0.9499999999999998,0.8157678137789647,0.0,E:\type10-7\automation_reports\CV-SincNet\qknnv42_fft96_dual125_20260714_172537\artifacts\cvs_qknnv42_full_legacy_oracle_125_20260714\rx_7-7\seed_713103\k_1\cvs_qknnv42,0.7166666666666668,0.8274781601485438
singleview_fft96,cvs_qknnv42_stage2c_rx20-1_k5_seed713105,20-1,713105,5,0.8249999999999998,0.7166666666666668,0.7651612320906017,0.03611111111111113,E:\type10-7\automation_reports\CV-SincNet\qknnv42_fft96_dual125_20260714_172537\artifacts\cvs_qknnv42_fft96_singleview_125_20260714\rx_20-1\seed_713105\k_5\cvs_qknnv42,0.7166666666666668,0.7689426329190895
singleview_fft96,cvs_qknnv42_stage2c_rx8-8_k5_seed713101,8-8,713101,5,0.7805555555555554,0.7166666666666667,0.7456250845591493,0.0666666666666667,E:\type10-7\automation_reports\CV-SincNet\qknnv42_fft96_dual125_20260714_172537\artifacts\cvs_qknnv42_fft96_singleview_125_20260714\rx_8-8\seed_713101\k_5\cvs_qknnv42,0.7166666666666667,0.7476157689271238
full_legacy_oracle,cvs_qknnv42_stage2c_rx3-19_k5_seed713101,3-19,713101,5,0.7444444444444445,0.7166666666666667,0.7294341933149647,-0.005555555555555573,E:\type10-7\automation_reports\CV-SincNet\qknnv42_fft96_dual125_20260714_172537\artifacts\cvs_qknnv42_full_legacy_oracle_125_20260714\rx_3-19\seed_713101\k_5\cvs_qknnv42,0.7166666666666667,0.7301817681420252
full_legacy_oracle,cvs_qknnv42_stage2c_rx20-1_k2_seed713101,20-1,713101,2,0.7138888888888889,0.9499999999999998,0.8146607778186725,-0.008333333333333378,E:\type10-7\automation_reports\CV-SincNet\qknnv42_fft96_dual125_20260714_172537\artifacts\cvs_qknnv42_full_legacy_oracle_125_20260714\rx_20-1\seed_713101\k_2\cvs_qknnv42,0.7138888888888889,0.8261832222358537
full_legacy_oracle,cvs_qknnv42_stage2c_rx3-19_k5_seed713102,3-19,713102,5,0.7138888888888889,0.8166666666666668,0.7605173258114434,-3.700743415417188e-17,E:\type10-7\automation_reports\CV-SincNet\qknnv42_fft96_dual125_20260714_172537\artifacts\cvs_qknnv42_full_legacy_oracle_125_20260714\rx_3-19\seed_713102\k_5\cvs_qknnv42,0.7138888888888889,0.7636909604556664
singleview_fft96,cvs_qknnv42_stage2c_rx7-7_k5_seed713102,7-7,713102,5,0.8194444444444443,0.7083333333333334,0.7551412599788166,0.03333333333333329,E:\type10-7\automation_reports\CV-SincNet\qknnv42_fft96_dual125_20260714_172537\artifacts\cvs_qknnv42_fft96_singleview_125_20260714\rx_7-7\seed_713102\k_5\cvs_qknnv42,0.7083333333333334,0.7609730125855315
full_legacy_oracle,cvs_qknnv42_stage2c_rx3-19_k2_seed713105,3-19,713105,2,0.7083333333333334,0.7666666666666666,0.7358643338674519,-0.011111111111111108,E:\type10-7\automation_reports\CV-SincNet\qknnv42_fft96_dual125_20260714_172537\artifacts\cvs_qknnv42_full_legacy_oracle_125_20260714\rx_3-19\seed_713105\k_2\cvs_qknnv42,0.7083333333333334,0.7369547779558173
singleview_fft96,cvs_qknnv42_stage2c_rx20-1_k5_seed713104,20-1,713104,5,0.7388888888888889,0.7083333333333334,0.7230808987760207,0.03055555555555563,E:\type10-7\automation_reports\CV-SincNet\qknnv42_fft96_dual125_20260714_172537\artifacts\cvs_qknnv42_fft96_singleview_125_20260714\rx_20-1\seed_713104\k_5\cvs_qknnv42,0.7083333333333334,0.723434373666081
singleview_fft96,cvs_qknnv42_stage2c_rx7-14_k5_seed713101,7-14,713101,5,0.8833333333333333,0.7000000000000001,0.780555706597207,0.013888888888888876,E:\type10-7\automation_reports\CV-SincNet\qknnv42_fft96_dual125_20260714_172537\artifacts\cvs_qknnv42_fft96_singleview_125_20260714\rx_7-14\seed_713101\k_5\cvs_qknnv42,0.7000000000000001,0.78796301331018
full_legacy_oracle,cvs_qknnv42_stage2c_rx3-19_k2_seed713101,3-19,713101,2,0.7000000000000001,0.7333333333333334,0.7162463343108504,-0.01666666666666672,E:\type10-7\automation_reports\CV-SincNet\qknnv42_fft96_dual125_20260714_172537\artifacts\cvs_qknnv42_full_legacy_oracle_125_20260714\rx_3-19\seed_713101\k_2\cvs_qknnv42,0.7000000000000001,0.7165265558813946
singleview_fft96,cvs_qknnv42_stage2c_rx20-1_k5_seed713103,20-1,713103,5,0.775,0.6999999999999998,0.7328607747122694,0.02499999999999995,E:\type10-7\automation_reports\CV-SincNet\qknnv42_fft96_dual125_20260714_172537\artifacts\cvs_qknnv42_fft96_singleview_125_20260714\rx_20-1\seed_713103\k_5\cvs_qknnv42,0.6999999999999998,0.7359535915707563
full_legacy_oracle,cvs_qknnv42_stage2c_rx20-1_k1_seed713105,20-1,713105,1,0.6944444444444443,0.85,0.7571677451468393,-0.011111111111111108,E:\type10-7\automation_reports\CV-SincNet\qknnv42_fft96_dual125_20260714_172537\artifacts\cvs_qknnv42_full_legacy_oracle_125_20260714\rx_20-1\seed_713105\k_1\cvs_qknnv42,0.6944444444444443,0.7672040631970946
singleview_fft96,cvs_qknnv42_stage2c_rx8-8_k5_seed713105,8-8,713105,5,0.8055555555555557,0.6916666666666668,0.7421868187607656,0.016666666666666646,E:\type10-7\automation_reports\CV-SincNet\qknnv42_fft96_dual125_20260714_172537\artifacts\cvs_qknnv42_fft96_singleview_125_20260714\rx_8-8\seed_713105\k_5\cvs_qknnv42,0.6916666666666668,0.7464696803276626
singleview_fft96,cvs_qknnv42_stage2c_rx8-8_k5_seed713103,8-8,713103,5,0.7777777777777777,0.6916666666666668,0.7241081039541325,0.0472222222222222,E:\type10-7\automation_reports\CV-SincNet\qknnv42_fft96_dual125_20260714_172537\artifacts\cvs_qknnv42_fft96_singleview_125_20260714\rx_8-8\seed_713103\k_5\cvs_qknnv42,0.6916666666666668,0.7311841827995256
full_legacy_oracle,cvs_qknnv42_stage2c_rx20-1_k1_seed713104,20-1,713104,1,0.6833333333333332,0.8833333333333333,0.7670459770114942,0.0,E:\type10-7\automation_reports\CV-SincNet\qknnv42_fft96_dual125_20260714_172537\artifacts\cvs_qknnv42_full_legacy_oracle_125_20260714\rx_20-1\seed_713104\k_1\cvs_qknnv42,0.6833333333333332,0.777904214559387
singleview_fft96,cvs_qknnv42_stage2c_rx7-14_k2_seed713103,7-14,713103,2,0.8722222222222222,0.6833333333333332,0.7618603515876972,0.030555555555555558,E:\type10-7\automation_reports\CV-SincNet\qknnv42_fft96_dual125_20260714_172537\artifacts\cvs_qknnv42_fft96_singleview_125_20260714\rx_7-14\seed_713103\k_2\cvs_qknnv42,0.6833333333333332,0.7724719690477508
singleview_fft96,cvs_qknnv42_stage2c_rx7-14_k1_seed713104,7-14,713104,1,0.6833333333333332,0.75,0.714164226177067,0.0944444444444444,E:\type10-7\automation_reports\CV-SincNet\qknnv42_fft96_dual125_20260714_172537\artifacts\cvs_qknnv42_fft96_singleview_125_20260714\rx_7-14\seed_713104\k_1\cvs_qknnv42,0.6833333333333332,0.7158325198368001
full_legacy_oracle,cvs_qknnv42_stage2c_rx20-1_k1_seed713103,20-1,713103,1,0.6805555555555557,0.9,0.7734627099922271,-0.008333333333333304,E:\type10-7\automation_reports\CV-SincNet\qknnv42_fft96_dual125_20260714_172537\artifacts\cvs_qknnv42_full_legacy_oracle_125_20260714\rx_20-1\seed_713103\k_1\cvs_qknnv42,0.6805555555555557,0.7846727551825943
singleview_fft96,cvs_qknnv42_stage2c_rx7-14_k5_seed713103,7-14,713103,5,0.8888888888888888,0.6750000000000002,0.7641835834068843,0.022222222222222254,E:\type10-7\automation_reports\CV-SincNet\qknnv42_fft96_dual125_20260714_172537\artifacts\cvs_qknnv42_fft96_singleview_125_20260714\rx_7-14\seed_713103\k_5\cvs_qknnv42,0.6750000000000002,0.7760241574319244
singleview_fft96,cvs_qknnv42_stage2c_rx7-14_k5_seed713102,7-14,713102,5,0.875,0.6749999999999999,0.7619965781267064,0.0,E:\type10-7\automation_reports\CV-SincNet\qknnv42_fft96_dual125_20260714_172537\artifacts\cvs_qknnv42_fft96_singleview_125_20260714\rx_7-14\seed_713102\k_5\cvs_qknnv42,0.6749999999999999,0.7706655260422354
singleview_fft96,cvs_qknnv42_stage2c_rx7-14_k2_seed713105,7-14,713105,2,0.8805555555555555,0.6749999999999999,0.7602502515261099,0.013888888888888914,E:\type10-7\automation_reports\CV-SincNet\qknnv42_fft96_dual125_20260714_172537\artifacts\cvs_qknnv42_fft96_singleview_125_20260714\rx_7-14\seed_713105\k_2\cvs_qknnv42,0.6749999999999999,0.7719352690272219
singleview_fft96,cvs_qknnv42_stage2c_rx20-1_k2_seed713101,20-1,713101,2,0.7416666666666667,0.6749999999999999,0.7046652232826677,0.022222222222222216,E:\type10-7\automation_reports\CV-SincNet\qknnv42_fft96_dual125_20260714_172537\artifacts\cvs_qknnv42_fft96_singleview_125_20260714\rx_20-1\seed_713101\k_2\cvs_qknnv42,0.6749999999999999,0.7071106299831115
singleview_fft96,cvs_qknnv42_stage2c_rx20-1_k2_seed713104,20-1,713104,2,0.6833333333333332,0.6749999999999999,0.679028841061197,0.04722222222222224,E:\type10-7\automation_reports\CV-SincNet\qknnv42_fft96_dual125_20260714_172537\artifacts\cvs_qknnv42_fft96_singleview_125_20260714\rx_20-1\seed_713104\k_2\cvs_qknnv42,0.6749999999999999,0.6791207247981768
full_legacy_oracle,cvs_qknnv42_stage2c_rx3-19_k2_seed713102,3-19,713102,2,0.6722222222222222,0.7666666666666666,0.7158207781355225,0.002777777777777768,E:\type10-7\automation_reports\CV-SincNet\qknnv42_fft96_dual125_20260714_172537\artifacts\cvs_qknnv42_full_legacy_oracle_125_20260714\rx_3-19\seed_713102\k_2\cvs_qknnv42,0.6722222222222222,0.7182365556748037
singleview_fft96,cvs_qknnv42_stage2c_rx7-7_k2_seed713104,7-7,713104,2,0.8388888888888889,0.6583333333333333,0.736388940769936,0.050000000000000044,E:\type10-7\automation_reports\CV-SincNet\qknnv42_fft96_dual125_20260714_172537\artifacts\cvs_qknnv42_fft96_singleview_125_20260714\rx_7-7\seed_713104\k_2\cvs_qknnv42,0.6583333333333333,0.7445370543307194
singleview_fft96,cvs_qknnv42_stage2c_rx7-14_k2_seed713101,7-14,713101,2,0.8388888888888889,0.6583333333333333,0.7341747021958019,0.06111111111111115,E:\type10-7\automation_reports\CV-SincNet\qknnv42_fft96_dual125_20260714_172537\artifacts\cvs_qknnv42_fft96_singleview_125_20260714\rx_7-14\seed_713101\k_2\cvs_qknnv42,0.6583333333333333,0.743798974806008
singleview_fft96,cvs_qknnv42_stage2c_rx8-8_k5_seed713102,8-8,713102,5,0.7749999999999999,0.6583333333333333,0.699885980531386,0.019444444444444448,E:\type10-7\automation_reports\CV-SincNet\qknnv42_fft96_dual125_20260714_172537\artifacts\cvs_qknnv42_fft96_singleview_125_20260714\rx_8-8\seed_713102\k_5\cvs_qknnv42,0.6583333333333333,0.711073104621573
full_legacy_oracle,cvs_qknnv42_stage2c_rx3-19_k1_seed713105,3-19,713105,1,0.6555555555555556,0.7000000000000001,0.6664894125882285,-0.00833333333333334,E:\type10-7\automation_reports\CV-SincNet\qknnv42_fft96_dual125_20260714_172537\artifacts\cvs_qknnv42_full_legacy_oracle_125_20260714\rx_3-19\seed_713105\k_1\cvs_qknnv42,0.6555555555555556,0.6740149893812614
full_legacy_oracle,cvs_qknnv42_stage2c_rx3-19_k2_seed713103,3-19,713103,2,0.6527777777777778,0.7666666666666666,0.7043414438742434,0.01666666666666668,E:\type10-7\automation_reports\CV-SincNet\qknnv42_fft96_dual125_20260714_172537\artifacts\cvs_qknnv42_full_legacy_oracle_125_20260714\rx_3-19\seed_713103\k_2\cvs_qknnv42,0.6527777777777778,0.7079286294395626
full_legacy_oracle,cvs_qknnv42_stage2c_rx3-19_k1_seed713104,3-19,713104,1,0.6444444444444445,0.7166666666666667,0.6728841984644284,-0.002777777777777842,E:\type10-7\automation_reports\CV-SincNet\qknnv42_fft96_dual125_20260714_172537\artifacts\cvs_qknnv42_full_legacy_oracle_125_20260714\rx_3-19\seed_713104\k_1\cvs_qknnv42,0.6444444444444445,0.6779984365251798
full_legacy_oracle,cvs_qknnv42_stage2c_rx3-19_k2_seed713104,3-19,713104,2,0.6416666666666666,0.7333333333333334,0.67990218367905,0.008333333333333378,E:\type10-7\automation_reports\CV-SincNet\qknnv42_fft96_dual125_20260714_172537\artifacts\cvs_qknnv42_full_legacy_oracle_125_20260714\rx_3-19\seed_713104\k_2\cvs_qknnv42,0.6416666666666666,0.6849673945596834
singleview_fft96,cvs_qknnv42_stage2c_rx7-7_k5_seed713105,7-7,713105,5,0.8944444444444444,0.6333333333333333,0.7374743773759308,0.01666666666666668,E:\type10-7\automation_reports\CV-SincNet\qknnv42_fft96_dual125_20260714_172537\artifacts\cvs_qknnv42_fft96_singleview_125_20260714\rx_7-7\seed_713105\k_5\cvs_qknnv42,0.6333333333333333,0.7550840517179028
singleview_fft96,cvs_qknnv42_stage2c_rx8-8_k2_seed713101,8-8,713101,2,0.65,0.6333333333333333,0.6408828266866277,0.12777777777777777,E:\type10-7\automation_reports\CV-SincNet\qknnv42_fft96_dual125_20260714_172537\artifacts\cvs_qknnv42_fft96_singleview_125_20260714\rx_8-8\seed_713101\k_2\cvs_qknnv42,0.6333333333333333,0.6414053866733204
singleview_fft96,cvs_qknnv42_stage2c_rx7-7_k2_seed713103,7-7,713103,2,0.6194444444444444,0.6916666666666668,0.6534755829642016,0.07222222222222226,E:\type10-7\automation_reports\CV-SincNet\qknnv42_fft96_dual125_20260714_172537\artifacts\cvs_qknnv42_fft96_singleview_125_20260714\rx_7-7\seed_713103\k_2\cvs_qknnv42,0.6194444444444444,0.6548622313584376
singleview_fft96,cvs_qknnv42_stage2c_rx8-8_k1_seed713101,8-8,713101,1,0.6194444444444445,0.6166666666666667,0.6178267890532041,0.09722222222222225,E:\type10-7\automation_reports\CV-SincNet\qknnv42_fft96_dual125_20260714_172537\artifacts\cvs_qknnv42_fft96_singleview_125_20260714\rx_8-8\seed_713101\k_1\cvs_qknnv42,0.6166666666666667,0.6179793000547718
full_legacy_oracle,cvs_qknnv42_stage2c_rx3-19_k1_seed713101,3-19,713101,1,0.6083333333333334,0.7333333333333333,0.6607880762894836,0.002777777777777768,E:\type10-7\automation_reports\CV-SincNet\qknnv42_fft96_dual125_20260714_172537\artifacts\cvs_qknnv42_full_legacy_oracle_125_20260714\rx_3-19\seed_713101\k_1\cvs_qknnv42,0.6083333333333334,0.6674849143187167
singleview_fft96,cvs_qknnv42_stage2c_rx7-7_k1_seed713104,7-7,713104,1,0.6805555555555557,0.6083333333333333,0.6390214168567148,0.14722222222222223,E:\type10-7\automation_reports\CV-SincNet\qknnv42_fft96_dual125_20260714_172537\artifacts\cvs_qknnv42_fft96_singleview_125_20260714\rx_7-7\seed_713104\k_1\cvs_qknnv42,0.6083333333333333,0.6426367685818679
singleview_fft96,cvs_qknnv42_stage2c_rx20-1_k2_seed713102,20-1,713102,2,0.6444444444444445,0.6,0.6209624546527384,0.06944444444444442,E:\type10-7\automation_reports\CV-SincNet\qknnv42_fft96_dual125_20260714_172537\artifacts\cvs_qknnv42_fft96_singleview_125_20260714\rx_20-1\seed_713102\k_2\cvs_qknnv42,0.6,0.621802299699061
singleview_fft96,cvs_qknnv42_stage2c_rx20-1_k2_seed713103,20-1,713103,2,0.6,0.6083333333333333,0.6014288905986839,0.11388888888888889,E:\type10-7\automation_reports\CV-SincNet\qknnv42_fft96_dual125_20260714_172537\artifacts\cvs_qknnv42_fft96_singleview_125_20260714\rx_20-1\seed_713103\k_2\cvs_qknnv42,0.6,0.6032540746440057
singleview_fft96,cvs_qknnv42_stage2c_rx8-8_k2_seed713104,8-8,713104,2,0.5944444444444444,0.65,0.6192172138073233,0.08333333333333333,E:\type10-7\automation_reports\CV-SincNet\qknnv42_fft96_dual125_20260714_172537\artifacts\cvs_qknnv42_fft96_singleview_125_20260714\rx_8-8\seed_713104\k_2\cvs_qknnv42,0.5944444444444444,0.6212205527505893
singleview_fft96,cvs_qknnv42_stage2c_rx7-14_k1_seed713105,7-14,713105,1,0.8666666666666667,0.5916666666666667,0.6936665458964547,0.03055555555555552,E:\type10-7\automation_reports\CV-SincNet\qknnv42_fft96_dual125_20260714_172537\artifacts\cvs_qknnv42_fft96_singleview_125_20260714\rx_7-14\seed_713105\k_1\cvs_qknnv42,0.5916666666666667,0.717333293076596
singleview_fft96,cvs_qknnv42_stage2c_rx3-19_k10_seed713104,3-19,713104,10,0.5972222222222222,0.5916666666666667,0.590198653929657,0.11388888888888886,E:\type10-7\automation_reports\CV-SincNet\qknnv42_fft96_dual125_20260714_172537\artifacts\cvs_qknnv42_fft96_singleview_125_20260714\rx_3-19\seed_713104\k_10\cvs_qknnv42,0.5916666666666667,0.5930291809395153
full_legacy_oracle,cvs_qknnv42_stage2c_rx20-1_k1_seed713101,20-1,713101,1,0.5888888888888889,0.9,0.7092339334873272,-0.011111111111111072,E:\type10-7\automation_reports\CV-SincNet\qknnv42_fft96_dual125_20260714_172537\artifacts\cvs_qknnv42_full_legacy_oracle_125_20260714\rx_20-1\seed_713101\k_1\cvs_qknnv42,0.5888888888888889,0.7327076074587388
singleview_fft96,cvs_qknnv42_stage2c_rx8-8_k2_seed713102,8-8,713102,2,0.7083333333333334,0.5833333333333334,0.6306268770625222,0.036111111111111094,E:\type10-7\automation_reports\CV-SincNet\qknnv42_fft96_dual125_20260714_172537\artifacts\cvs_qknnv42_fft96_singleview_125_20260714\rx_8-8\seed_713102\k_2\cvs_qknnv42,0.5833333333333334,0.6407645145763964
full_legacy_oracle,cvs_qknnv42_stage2c_rx3-19_k1_seed713103,3-19,713103,1,0.5750000000000001,0.6833333333333332,0.6237685631899013,-0.01666666666666668,E:\type10-7\automation_reports\CV-SincNet\qknnv42_fft96_dual125_20260714_172537\artifacts\cvs_qknnv42_full_legacy_oracle_125_20260714\rx_3-19\seed_713103\k_1\cvs_qknnv42,0.5750000000000001,0.6273672988410782
singleview_fft96,cvs_qknnv42_stage2c_rx20-1_k1_seed713102,20-1,713102,1,0.6333333333333334,0.5750000000000001,0.5990210816833897,0.08055555555555553,E:\type10-7\automation_reports\CV-SincNet\qknnv42_fft96_dual125_20260714_172537\artifacts\cvs_qknnv42_fft96_singleview_125_20260714\rx_20-1\seed_713102\k_1\cvs_qknnv42,0.5750000000000001,0.6024514716722411
singleview_fft96,cvs_qknnv42_stage2c_rx8-8_k2_seed713105,8-8,713105,2,0.7111111111111111,0.575,0.6318019727949846,0.09166666666666667,E:\type10-7\automation_reports\CV-SincNet\qknnv42_fft96_dual125_20260714_172537\artifacts\cvs_qknnv42_fft96_singleview_125_20260714\rx_8-8\seed_713105\k_2\cvs_qknnv42,0.575,0.6393043613020319
singleview_fft96,cvs_qknnv42_stage2c_rx3-19_k20_seed713102,3-19,713102,20,0.6944444444444443,0.575,0.628857722249442,0.06944444444444449,E:\type10-7\automation_reports\CV-SincNet\qknnv42_fft96_dual125_20260714_172537\artifacts\cvs_qknnv42_fft96_singleview_125_20260714\rx_3-19\seed_713102\k_20\cvs_qknnv42,0.575,0.6327673888979621
singleview_fft96,cvs_qknnv42_stage2c_rx7-7_k2_seed713101,7-7,713101,2,0.7666666666666666,0.5583333333333335,0.6443140765401641,0.06388888888888893,E:\type10-7\automation_reports\CV-SincNet\qknnv42_fft96_dual125_20260714_172537\artifacts\cvs_qknnv42_fft96_singleview_125_20260714\rx_7-7\seed_713101\k_2\cvs_qknnv42,0.5583333333333335,0.656438025513388
singleview_fft96,cvs_qknnv42_stage2c_rx8-8_k2_seed713103,8-8,713103,2,0.6972222222222223,0.5583333333333333,0.5878578125496595,0.047222222222222165,E:\type10-7\automation_reports\CV-SincNet\qknnv42_fft96_dual125_20260714_172537\artifacts\cvs_qknnv42_fft96_singleview_125_20260714\rx_8-8\seed_713103\k_2\cvs_qknnv42,0.5583333333333333,0.6144711227017384
singleview_fft96,cvs_qknnv42_stage2c_rx7-7_k2_seed713105,7-7,713105,2,0.8250000000000001,0.5583333333333332,0.6545408156058423,0.055555555555555504,E:\type10-7\automation_reports\CV-SincNet\qknnv42_fft96_dual125_20260714_172537\artifacts\cvs_qknnv42_fft96_singleview_125_20260714\rx_7-7\seed_713105\k_2\cvs_qknnv42,0.5583333333333332,0.6792913829797252
singleview_fft96,cvs_qknnv42_stage2c_rx8-8_k1_seed713104,8-8,713104,1,0.6916666666666668,0.5583333333333332,0.6068209825085354,0.08888888888888886,E:\type10-7\automation_reports\CV-SincNet\qknnv42_fft96_dual125_20260714_172537\artifacts\cvs_qknnv42_fft96_singleview_125_20260714\rx_8-8\seed_713104\k_1\cvs_qknnv42,0.5583333333333332,0.6189403275028451
singleview_fft96,cvs_qknnv42_stage2c_rx3-19_k20_seed713104,3-19,713104,20,0.6444444444444445,0.5583333333333332,0.5952734091818599,0.09722222222222225,E:\type10-7\automation_reports\CV-SincNet\qknnv42_fft96_dual125_20260714_172537\artifacts\cvs_qknnv42_fft96_singleview_125_20260714\rx_3-19\seed_713104\k_20\cvs_qknnv42,0.5583333333333332,0.5993503956532126
singleview_fft96,cvs_qknnv42_stage2c_rx7-14_k2_seed713102,7-14,713102,2,0.8361111111111111,0.5499999999999999,0.6634687019350524,0.01666666666666672,E:\type10-7\automation_reports\CV-SincNet\qknnv42_fft96_dual125_20260714_172537\artifacts\cvs_qknnv42_fft96_singleview_125_20260714\rx_7-14\seed_713102\k_2\cvs_qknnv42,0.5499999999999999,0.6831932710153877
singleview_fft96,cvs_qknnv42_stage2c_rx20-1_k2_seed713105,20-1,713105,2,0.7416666666666666,0.5416666666666666,0.625564762971258,0.05277777777777785,E:\type10-7\automation_reports\CV-SincNet\qknnv42_fft96_dual125_20260714_172537\artifacts\cvs_qknnv42_fft96_singleview_125_20260714\rx_20-1\seed_713105\k_2\cvs_qknnv42,0.5416666666666666,0.6362993654348638
full_legacy_oracle,cvs_qknnv42_stage2c_rx3-19_k1_seed713102,3-19,713102,1,0.5361111111111111,0.6833333333333332,0.5997006098923907,1.850371707708594e-17,E:\type10-7\automation_reports\CV-SincNet\qknnv42_fft96_dual125_20260714_172537\artifacts\cvs_qknnv42_full_legacy_oracle_125_20260714\rx_3-19\seed_713102\k_1\cvs_qknnv42,0.5361111111111111,0.606381684778945
singleview_fft96,cvs_qknnv42_stage2c_rx20-1_k1_seed713104,20-1,713104,1,0.5361111111111111,0.6083333333333333,0.5689948049231198,0.06388888888888888,E:\type10-7\automation_reports\CV-SincNet\qknnv42_fft96_dual125_20260714_172537\artifacts\cvs_qknnv42_fft96_singleview_125_20260714\rx_20-1\seed_713104\k_1\cvs_qknnv42,0.5361111111111111,0.5711464164558547
singleview_fft96,cvs_qknnv42_stage2c_rx7-14_k1_seed713101,7-14,713101,1,0.8055555555555557,0.5333333333333333,0.6373831851117343,0.03888888888888886,E:\type10-7\automation_reports\CV-SincNet\qknnv42_fft96_dual125_20260714_172537\artifacts\cvs_qknnv42_fft96_singleview_125_20260714\rx_7-14\seed_713101\k_1\cvs_qknnv42,0.5333333333333333,0.6587573580002077
singleview_fft96,cvs_qknnv42_stage2c_rx20-1_k1_seed713105,20-1,713105,1,0.5638888888888889,0.525,0.5416373220477698,0.09444444444444444,E:\type10-7\automation_reports\CV-SincNet\qknnv42_fft96_dual125_20260714_172537\artifacts\cvs_qknnv42_fft96_singleview_125_20260714\rx_20-1\seed_713105\k_1\cvs_qknnv42,0.525,0.5435087369788862
singleview_fft96,cvs_qknnv42_stage2c_rx3-19_k20_seed713103,3-19,713103,20,0.6749999999999999,0.5166666666666667,0.5794710223715858,0.06111111111111115,E:\type10-7\automation_reports\CV-SincNet\qknnv42_fft96_dual125_20260714_172537\artifacts\cvs_qknnv42_fft96_singleview_125_20260714\rx_3-19\seed_713103\k_20\cvs_qknnv42,0.5166666666666667,0.5903792296794175
singleview_fft96,cvs_qknnv42_stage2c_rx7-14_k1_seed713102,7-14,713102,1,0.7833333333333333,0.5083333333333333,0.616431400240125,0.07777777777777777,E:\type10-7\automation_reports\CV-SincNet\qknnv42_fft96_dual125_20260714_172537\artifacts\cvs_qknnv42_fft96_singleview_125_20260714\rx_7-14\seed_713102\k_1\cvs_qknnv42,0.5083333333333333,0.6360326889689305
singleview_fft96,cvs_qknnv42_stage2c_rx7-7_k1_seed713101,7-7,713101,1,0.7111111111111112,0.5083333333333333,0.5927295666448643,0.08611111111111107,E:\type10-7\automation_reports\CV-SincNet\qknnv42_fft96_dual125_20260714_172537\artifacts\cvs_qknnv42_fft96_singleview_125_20260714\rx_7-7\seed_713101\k_1\cvs_qknnv42,0.5083333333333333,0.6040580036964363
singleview_fft96,cvs_qknnv42_stage2c_rx3-19_k5_seed713103,3-19,713103,5,0.5666666666666667,0.5083333333333333,0.5327635327635327,0.061111111111111116,E:\type10-7\automation_reports\CV-SincNet\qknnv42_fft96_dual125_20260714_172537\artifacts\cvs_qknnv42_fft96_singleview_125_20260714\rx_3-19\seed_713103\k_5\cvs_qknnv42,0.5083333333333333,0.5359211775878442
singleview_fft96,cvs_qknnv42_stage2c_rx8-8_k1_seed713103,8-8,713103,1,0.7083333333333334,0.4916666666666667,0.5555592023265475,0.05833333333333335,E:\type10-7\automation_reports\CV-SincNet\qknnv42_fft96_dual125_20260714_172537\artifacts\cvs_qknnv42_fft96_singleview_125_20260714\rx_8-8\seed_713103\k_1\cvs_qknnv42,0.4916666666666667,0.5851864007755159
singleview_fft96,cvs_qknnv42_stage2c_rx3-19_k5_seed713104,3-19,713104,5,0.5277777777777777,0.4916666666666667,0.49790335044433404,0.10000000000000002,E:\type10-7\automation_reports\CV-SincNet\qknnv42_fft96_dual125_20260714_172537\artifacts\cvs_qknnv42_fft96_singleview_125_20260714\rx_3-19\seed_713104\k_5\cvs_qknnv42,0.4916666666666667,0.5057825982962595
singleview_fft96,cvs_qknnv42_stage2c_rx3-19_k10_seed713102,3-19,713102,10,0.686111111111111,0.4833333333333334,0.5659594753073014,0.06111111111111108,E:\type10-7\automation_reports\CV-SincNet\qknnv42_fft96_dual125_20260714_172537\artifacts\cvs_qknnv42_fft96_singleview_125_20260714\rx_3-19\seed_713102\k_10\cvs_qknnv42,0.4833333333333334,0.5784679732505819
singleview_fft96,cvs_qknnv42_stage2c_rx3-19_k10_seed713103,3-19,713103,10,0.5944444444444444,0.4833333333333334,0.5277807694329781,0.07777777777777779,E:\type10-7\automation_reports\CV-SincNet\qknnv42_fft96_dual125_20260714_172537\artifacts\cvs_qknnv42_fft96_singleview_125_20260714\rx_3-19\seed_713103\k_10\cvs_qknnv42,0.4833333333333334,0.5351861824035854
singleview_fft96,cvs_qknnv42_stage2c_rx7-7_k2_seed713102,7-7,713102,2,0.763888888888889,0.48333333333333334,0.5889563435616068,0.09722222222222217,E:\type10-7\automation_reports\CV-SincNet\qknnv42_fft96_dual125_20260714_172537\artifacts\cvs_qknnv42_fft96_singleview_125_20260714\rx_7-7\seed_713102\k_2\cvs_qknnv42,0.48333333333333334,0.612059521927943
singleview_fft96,cvs_qknnv42_stage2c_rx3-19_k20_seed713105,3-19,713105,20,0.7000000000000001,0.48333333333333334,0.5642432279139139,0.041666666666666664,E:\type10-7\automation_reports\CV-SincNet\qknnv42_fft96_dual125_20260714_172537\artifacts\cvs_qknnv42_fft96_singleview_125_20260714\rx_3-19\seed_713105\k_20\cvs_qknnv42,0.48333333333333334,0.5825255204157491
singleview_fft96,cvs_qknnv42_stage2c_rx20-1_k1_seed713101,20-1,713101,1,0.6444444444444444,0.48333333333333334,0.5432385520229218,0.06944444444444442,E:\type10-7\automation_reports\CV-SincNet\qknnv42_fft96_dual125_20260714_172537\artifacts\cvs_qknnv42_fft96_singleview_125_20260714\rx_20-1\seed_713101\k_1\cvs_qknnv42,0.48333333333333334,0.5570054432668998
singleview_fft96,cvs_qknnv42_stage2c_rx3-19_k2_seed713103,3-19,713103,2,0.5083333333333333,0.48333333333333334,0.49474179009062724,0.05277777777777779,E:\type10-7\automation_reports\CV-SincNet\qknnv42_fft96_dual125_20260714_172537\artifacts\cvs_qknnv42_fft96_singleview_125_20260714\rx_3-19\seed_713103\k_2\cvs_qknnv42,0.48333333333333334,0.49546948558576465
singleview_fft96,cvs_qknnv42_stage2c_rx3-19_k10_seed713101,3-19,713101,10,0.6222222222222222,0.47500000000000003,0.5354279350380581,0.08055555555555553,E:\type10-7\automation_reports\CV-SincNet\qknnv42_fft96_dual125_20260714_172537\artifacts\cvs_qknnv42_fft96_singleview_125_20260714\rx_3-19\seed_713101\k_10\cvs_qknnv42,0.47500000000000003,0.5442167190867601
singleview_fft96,cvs_qknnv42_stage2c_rx7-14_k1_seed713103,7-14,713103,1,0.811111111111111,0.4666666666666666,0.5894071444183742,0.05000000000000001,E:\type10-7\automation_reports\CV-SincNet\qknnv42_fft96_dual125_20260714_172537\artifacts\cvs_qknnv42_fft96_singleview_125_20260714\rx_7-14\seed_713103\k_1\cvs_qknnv42,0.4666666666666666,0.6223949740653839
singleview_fft96,cvs_qknnv42_stage2c_rx7-7_k1_seed713102,7-7,713102,1,0.7000000000000001,0.4666666666666666,0.5568088985822064,0.10833333333333335,E:\type10-7\automation_reports\CV-SincNet\qknnv42_fft96_dual125_20260714_172537\artifacts\cvs_qknnv42_fft96_singleview_125_20260714\rx_7-7\seed_713102\k_1\cvs_qknnv42,0.4666666666666666,0.5744918550829577
singleview_fft96,cvs_qknnv42_stage2c_rx3-19_k20_seed713101,3-19,713101,20,0.6333333333333334,0.45,0.5161056636675294,0.06944444444444442,E:\type10-7\automation_reports\CV-SincNet\qknnv42_fft96_dual125_20260714_172537\artifacts\cvs_qknnv42_fft96_singleview_125_20260714\rx_3-19\seed_713101\k_20\cvs_qknnv42,0.45,0.533146332333621
singleview_fft96,cvs_qknnv42_stage2c_rx20-1_k1_seed713103,20-1,713103,1,0.43333333333333335,0.625,0.5110046671579465,0.061111111111111116,E:\type10-7\automation_reports\CV-SincNet\qknnv42_fft96_dual125_20260714_172537\artifacts\cvs_qknnv42_fft96_singleview_125_20260714\rx_20-1\seed_713103\k_1\cvs_qknnv42,0.43333333333333335,0.5231126668304266
singleview_fft96,cvs_qknnv42_stage2c_rx3-19_k5_seed713102,3-19,713102,5,0.6416666666666667,0.425,0.5084081386102276,0.07499999999999996,E:\type10-7\automation_reports\CV-SincNet\qknnv42_fft96_dual125_20260714_172537\artifacts\cvs_qknnv42_fft96_singleview_125_20260714\rx_3-19\seed_713102\k_5\cvs_qknnv42,0.425,0.5250249350922981
singleview_fft96,cvs_qknnv42_stage2c_rx7-7_k1_seed713105,7-7,713105,1,0.7999999999999999,0.4083333333333334,0.5400225871934032,0.04722222222222224,E:\type10-7\automation_reports\CV-SincNet\qknnv42_fft96_dual125_20260714_172537\artifacts\cvs_qknnv42_fft96_singleview_125_20260714\rx_7-7\seed_713105\k_1\cvs_qknnv42,0.4083333333333334,0.5827853068422455
singleview_fft96,cvs_qknnv42_stage2c_rx8-8_k1_seed713102,8-8,713102,1,0.7111111111111111,0.4000000000000001,0.502851091560769,0.025000000000000022,E:\type10-7\automation_reports\CV-SincNet\qknnv42_fft96_dual125_20260714_172537\artifacts\cvs_qknnv42_fft96_singleview_125_20260714\rx_8-8\seed_713102\k_1\cvs_qknnv42,0.4000000000000001,0.5379874008906268
singleview_fft96,cvs_qknnv42_stage2c_rx3-19_k1_seed713102,3-19,713102,1,0.4666666666666666,0.4000000000000001,0.4273355542637392,0.08333333333333336,E:\type10-7\automation_reports\CV-SincNet\qknnv42_fft96_dual125_20260714_172537\artifacts\cvs_qknnv42_fft96_singleview_125_20260714\rx_3-19\seed_713102\k_1\cvs_qknnv42,0.4000000000000001,0.4313340736434686
singleview_fft96,cvs_qknnv42_stage2c_rx3-19_k10_seed713105,3-19,713105,10,0.6444444444444445,0.3833333333333333,0.47369114771661985,0.04444444444444443,E:\type10-7\automation_reports\CV-SincNet\qknnv42_fft96_dual125_20260714_172537\artifacts\cvs_qknnv42_fft96_singleview_125_20260714\rx_3-19\seed_713105\k_10\cvs_qknnv42,0.3833333333333333,0.5004896418314658
singleview_fft96,cvs_qknnv42_stage2c_rx3-19_k5_seed713105,3-19,713105,5,0.6277777777777778,0.3833333333333333,0.47065925923396584,0.04999999999999997,E:\type10-7\automation_reports\CV-SincNet\qknnv42_fft96_dual125_20260714_172537\artifacts\cvs_qknnv42_fft96_singleview_125_20260714\rx_3-19\seed_713105\k_5\cvs_qknnv42,0.3833333333333333,0.4939234567816923
singleview_fft96,cvs_qknnv42_stage2c_rx3-19_k2_seed713105,3-19,713105,2,0.5416666666666667,0.3833333333333333,0.44223574826230694,0.0472222222222222,E:\type10-7\automation_reports\CV-SincNet\qknnv42_fft96_dual125_20260714_172537\artifacts\cvs_qknnv42_fft96_singleview_125_20260714\rx_3-19\seed_713105\k_2\cvs_qknnv42,0.3833333333333333,0.455745249420769
singleview_fft96,cvs_qknnv42_stage2c_rx3-19_k2_seed713104,3-19,713104,2,0.5583333333333333,0.35833333333333334,0.43456640058055146,0.05277777777777781,E:\type10-7\automation_reports\CV-SincNet\qknnv42_fft96_dual125_20260714_172537\artifacts\cvs_qknnv42_fft96_singleview_125_20260714\rx_3-19\seed_713104\k_2\cvs_qknnv42,0.35833333333333334,0.4504110224157394
singleview_fft96,cvs_qknnv42_stage2c_rx3-19_k1_seed713103,3-19,713103,1,0.4305555555555556,0.35833333333333334,0.38971062297328524,0.04166666666666663,E:\type10-7\automation_reports\CV-SincNet\qknnv42_fft96_dual125_20260714_172537\artifacts\cvs_qknnv42_fft96_singleview_125_20260714\rx_3-19\seed_713103\k_1\cvs_qknnv42,0.35833333333333334,0.39286650395405803
singleview_fft96,cvs_qknnv42_stage2c_rx3-19_k1_seed713104,3-19,713104,1,0.3527777777777778,0.39166666666666666,0.35568367501642434,0.04999999999999999,E:\type10-7\automation_reports\CV-SincNet\qknnv42_fft96_dual125_20260714_172537\artifacts\cvs_qknnv42_fft96_singleview_125_20260714\rx_3-19\seed_713104\k_1\cvs_qknnv42,0.3527777777777778,0.3667093731536229
singleview_fft96,cvs_qknnv42_stage2c_rx7-7_k1_seed713103,7-7,713103,1,0.41944444444444445,0.35000000000000003,0.3790024101194314,0.07777777777777777,E:\type10-7\automation_reports\CV-SincNet\qknnv42_fft96_dual125_20260714_172537\artifacts\cvs_qknnv42_fft96_singleview_125_20260714\rx_7-7\seed_713103\k_1\cvs_qknnv42,0.35000000000000003,0.3828156181879587
singleview_fft96,cvs_qknnv42_stage2c_rx3-19_k2_seed713102,3-19,713102,2,0.5555555555555555,0.34166666666666673,0.4185900660945053,0.09444444444444444,E:\type10-7\automation_reports\CV-SincNet\qknnv42_fft96_dual125_20260714_172537\artifacts\cvs_qknnv42_fft96_singleview_125_20260714\rx_3-19\seed_713102\k_2\cvs_qknnv42,0.34166666666666673,0.4386040961055759
singleview_fft96,cvs_qknnv42_stage2c_rx3-19_k5_seed713101,3-19,713101,5,0.6388888888888888,0.3333333333333333,0.4370553044486891,0.04722222222222224,E:\type10-7\automation_reports\CV-SincNet\qknnv42_fft96_dual125_20260714_172537\artifacts\cvs_qknnv42_fft96_singleview_125_20260714\rx_3-19\seed_713101\k_5\cvs_qknnv42,0.3333333333333333,0.4697591755569704
singleview_fft96,cvs_qknnv42_stage2c_rx3-19_k1_seed713101,3-19,713101,1,0.4222222222222222,0.3333333333333333,0.3596730206325409,0.03888888888888886,E:\type10-7\automation_reports\CV-SincNet\qknnv42_fft96_dual125_20260714_172537\artifacts\cvs_qknnv42_fft96_singleview_125_20260714\rx_3-19\seed_713101\k_1\cvs_qknnv42,0.3333333333333333,0.37174285872936547
singleview_fft96,cvs_qknnv42_stage2c_rx3-19_k2_seed713101,3-19,713101,2,0.5333333333333333,0.325,0.3840378197997776,0.055555555555555504,E:\type10-7\automation_reports\CV-SincNet\qknnv42_fft96_dual125_20260714_172537\artifacts\cvs_qknnv42_fft96_singleview_125_20260714\rx_3-19\seed_713101\k_2\cvs_qknnv42,0.325,0.414123717711037
singleview_fft96,cvs_qknnv42_stage2c_rx8-8_k1_seed713105,8-8,713105,1,0.6749999999999999,0.2916666666666667,0.3733971291866029,0.05277777777777778,E:\type10-7\automation_reports\CV-SincNet\qknnv42_fft96_dual125_20260714_172537\artifacts\cvs_qknnv42_fft96_singleview_125_20260714\rx_8-8\seed_713105\k_1\cvs_qknnv42,0.2916666666666667,0.44668793195108986
singleview_fft96,cvs_qknnv42_stage2c_rx3-19_k1_seed713105,3-19,713105,1,0.5499999999999999,0.18333333333333335,0.2630975452196382,0.07500000000000001,E:\type10-7\automation_reports\CV-SincNet\qknnv42_fft96_dual125_20260714_172537\artifacts\cvs_qknnv42_fft96_singleview_125_20260714\rx_3-19\seed_713105\k_1\cvs_qknnv42,0.18333333333333335,0.3321436261843238
