accepted,adaptation_mode,day_i,gate_method,predicted_label,role,rx_label,sample_id,scenario,sig_i,true_label,tx_label,unknown_score
True,support_head_finetune,0,support_head_confidence_quantile,6,target_old_query,20-1,14-10|20-1|day0|eq1|sig5,leo_clear_weak,5,0,14-10,-0.20258094370365143
True,support_head_finetune,0,support_head_confidence_quantile,5,target_old_query,20-1,14-10|20-1|day0|eq1|sig6,leo_clear_weak,6,0,14-10,-0.24683138728141785
True,support_head_finetune,0,support_head_confidence_quantile,6,target_old_query,20-1,14-10|20-1|day0|eq1|sig7,leo_clear_weak,7,0,14-10,-0.24175772070884705
True,support_head_finetune,0,support_head_confidence_quantile,5,target_old_query,20-1,14-10|20-1|day0|eq1|sig8,leo_clear_weak,8,0,14-10,-0.24683138728141785
True,support_head_finetune,0,support_head_confidence_quantile,7,target_old_query,20-1,14-10|20-1|day0|eq1|sig9,leo_clear_weak,9,0,14-10,-0.1745685487985611
True,support_head_finetune,0,support_head_confidence_quantile,2,target_old_query,20-1,14-10|20-1|day0|eq1|sig10,leo_clear_weak,10,0,14-10,-0.18333905935287476
True,support_head_finetune,0,support_head_confidence_quantile,5,target_old_query,20-1,14-10|20-1|day0|eq1|sig11,leo_clear_weak,11,0,14-10,-0.24683138728141785
True,support_head_finetune,0,support_head_confidence_quantile,5,target_old_query,20-1,14-10|20-1|day0|eq1|sig12,leo_clear_weak,12,0,14-10,-0.23665378987789154
True,support_head_finetune,0,support_head_confidence_quantile,5,target_old_query,20-1,14-10|20-1|day0|eq1|sig13,leo_clear_weak,13,0,14-10,-0.24683138728141785
True,support_head_finetune,0,support_head_confidence_quantile,6,target_old_query,20-1,14-10|20-1|day0|eq1|sig14,leo_clear_weak,14,0,14-10,-0.25808587670326233
True,support_head_finetune,0,support_head_confidence_quantile,6,target_old_query,20-1,14-10|20-1|day0|eq1|sig15,leo_clear_weak,15,0,14-10,-0.22243352234363556
True,support_head_finetune,0,support_head_confidence_quantile,7,target_old_query,20-1,14-10|20-1|day0|eq1|sig16,leo_clear_weak,16,0,14-10,-0.17234838008880615
True,support_head_finetune,0,support_head_confidence_quantile,5,target_old_query,20-1,14-10|20-1|day0|eq1|sig17,leo_clear_weak,17,0,14-10,-0.24683138728141785
True,support_head_finetune,0,support_head_confidence_quantile,7,target_old_query,20-1,14-10|20-1|day0|eq1|sig18,leo_clear_weak,18,0,14-10,-0.17994703352451324
True,support_head_finetune,0,support_head_confidence_quantile,7,target_old_query,20-1,14-10|20-1|day0|eq1|sig19,leo_clear_weak,19,0,14-10,-0.19894850254058838
True,support_head_finetune,0,support_head_confidence_quantile,6,target_old_query,20-1,14-10|20-1|day0|eq1|sig20,leo_clear_weak,20,0,14-10,-0.3398747742176056
True,support_head_finetune,0,support_head_confidence_quantile,6,target_old_query,20-1,14-10|20-1|day0|eq1|sig21,leo_clear_weak,21,0,14-10,-0.22621844708919525
True,support_head_finetune,0,support_head_confidence_quantile,6,target_old_query,20-1,14-10|20-1|day0|eq1|sig22,leo_clear_weak,22,0,14-10,-0.23584288358688354
True,support_head_finetune,0,support_head_confidence_quantile,5,target_old_query,20-1,14-10|20-1|day0|eq1|sig23,leo_clear_weak,23,0,14-10,-0.24683138728141785
True,support_head_finetune,0,support_head_confidence_quantile,7,target_old_query,20-1,14-10|20-1|day0|eq1|sig24,leo_clear_weak,24,0,14-10,-0.17697598040103912
True,support_head_finetune,0,support_head_confidence_quantile,6,target_old_query,20-1,14-7|20-1|day0|eq1|sig5,leo_clear_weak,5,1,14-7,-0.18564778566360474
True,support_head_finetune,0,support_head_confidence_quantile,7,target_old_query,20-1,14-7|20-1|day0|eq1|sig6,leo_clear_weak,6,1,14-7,-0.17573300004005432
True,support_head_finetune,0,support_head_confidence_quantile,7,target_old_query,20-1,14-7|20-1|day0|eq1|sig7,leo_clear_weak,7,1,14-7,-0.17207293212413788
True,support_head_finetune,0,support_head_confidence_quantile,4,target_old_query,20-1,14-7|20-1|day0|eq1|sig8,leo_clear_weak,8,1,14-7,-0.16188353300094604
True,support_head_finetune,0,support_head_confidence_quantile,7,target_old_query,20-1,14-7|20-1|day0|eq1|sig9,leo_clear_weak,9,1,14-7,-0.1765008121728897
True,support_head_finetune,0,support_head_confidence_quantile,2,target_old_query,20-1,14-7|20-1|day0|eq1|sig10,leo_clear_weak,10,1,14-7,-0.1941245198249817
True,support_head_finetune,0,support_head_confidence_quantile,0,target_old_query,20-1,14-7|20-1|day0|eq1|sig11,leo_clear_weak,11,1,14-7,-0.15376217663288116
True,support_head_finetune,0,support_head_confidence_quantile,5,target_old_query,20-1,14-7|20-1|day0|eq1|sig12,leo_clear_weak,12,1,14-7,-0.24683138728141785
True,support_head_finetune,0,support_head_confidence_quantile,5,target_old_query,20-1,14-7|20-1|day0|eq1|sig13,leo_clear_weak,13,1,14-7,-0.24683138728141785
True,support_head_finetune,0,support_head_confidence_quantile,5,target_old_query,20-1,14-7|20-1|day0|eq1|sig14,leo_clear_weak,14,1,14-7,-0.23959630727767944
True,support_head_finetune,0,support_head_confidence_quantile,6,target_old_query,20-1,14-7|20-1|day0|eq1|sig15,leo_clear_weak,15,1,14-7,-0.31923922896385193
True,support_head_finetune,0,support_head_confidence_quantile,7,target_old_query,20-1,14-7|20-1|day0|eq1|sig16,leo_clear_weak,16,1,14-7,-0.19588607549667358
True,support_head_finetune,0,support_head_confidence_quantile,6,target_old_query,20-1,14-7|20-1|day0|eq1|sig17,leo_clear_weak,17,1,14-7,-0.21328416466712952
True,support_head_finetune,0,support_head_confidence_quantile,5,target_old_query,20-1,14-7|20-1|day0|eq1|sig18,leo_clear_weak,18,1,14-7,-0.24683138728141785
True,support_head_finetune,0,support_head_confidence_quantile,5,target_old_query,20-1,14-7|20-1|day0|eq1|sig19,leo_clear_weak,19,1,14-7,-0.23820418119430542
True,support_head_finetune,0,support_head_confidence_quantile,6,target_old_query,20-1,14-7|20-1|day0|eq1|sig20,leo_clear_weak,20,1,14-7,-0.21908420324325562
True,support_head_finetune,0,support_head_confidence_quantile,5,target_old_query,20-1,14-7|20-1|day0|eq1|sig21,leo_clear_weak,21,1,14-7,-0.24683138728141785
True,support_head_finetune,0,support_head_confidence_quantile,2,target_old_query,20-1,14-7|20-1|day0|eq1|sig22,leo_clear_weak,22,1,14-7,-0.18813097476959229
True,support_head_finetune,0,support_head_confidence_quantile,5,target_old_query,20-1,14-7|20-1|day0|eq1|sig23,leo_clear_weak,23,1,14-7,-0.24683138728141785
True,support_head_finetune,0,support_head_confidence_quantile,5,target_old_query,20-1,14-7|20-1|day0|eq1|sig24,leo_clear_weak,24,1,14-7,-0.24683138728141785
True,support_head_finetune,0,support_head_confidence_quantile,5,target_old_query,20-1,20-15|20-1|day0|eq1|sig5,leo_clear_weak,5,2,20-15,-0.24683138728141785
True,support_head_finetune,0,support_head_confidence_quantile,5,target_old_query,20-1,20-15|20-1|day0|eq1|sig6,leo_clear_weak,6,2,20-15,-0.24683138728141785
True,support_head_finetune,0,support_head_confidence_quantile,5,target_old_query,20-1,20-15|20-1|day0|eq1|sig7,leo_clear_weak,7,2,20-15,-0.24683138728141785
True,support_head_finetune,0,support_head_confidence_quantile,2,target_old_query,20-1,20-15|20-1|day0|eq1|sig8,leo_clear_weak,8,2,20-15,-0.17457197606563568
True,support_head_finetune,0,support_head_confidence_quantile,5,target_old_query,20-1,20-15|20-1|day0|eq1|sig9,leo_clear_weak,9,2,20-15,-0.24683138728141785
True,support_head_finetune,0,support_head_confidence_quantile,5,target_old_query,20-1,20-15|20-1|day0|eq1|sig10,leo_clear_weak,10,2,20-15,-0.24683138728141785
True,support_head_finetune,0,support_head_confidence_quantile,5,target_old_query,20-1,20-15|20-1|day0|eq1|sig11,leo_clear_weak,11,2,20-15,-0.24683138728141785
True,support_head_finetune,0,support_head_confidence_quantile,5,target_old_query,20-1,20-15|20-1|day0|eq1|sig12,leo_clear_weak,12,2,20-15,-0.24683138728141785
True,support_head_finetune,0,support_head_confidence_quantile,4,target_old_query,20-1,20-15|20-1|day0|eq1|sig13,leo_clear_weak,13,2,20-15,-0.17134685814380646
True,support_head_finetune,0,support_head_confidence_quantile,6,target_old_query,20-1,20-15|20-1|day0|eq1|sig14,leo_clear_weak,14,2,20-15,-0.23908181488513947
True,support_head_finetune,0,support_head_confidence_quantile,5,target_old_query,20-1,20-15|20-1|day0|eq1|sig15,leo_clear_weak,15,2,20-15,-0.24683138728141785
True,support_head_finetune,0,support_head_confidence_quantile,6,target_old_query,20-1,20-15|20-1|day0|eq1|sig16,leo_clear_weak,16,2,20-15,-0.28468188643455505
True,support_head_finetune,0,support_head_confidence_quantile,6,target_old_query,20-1,20-15|20-1|day0|eq1|sig17,leo_clear_weak,17,2,20-15,-0.25871801376342773
True,support_head_finetune,0,support_head_confidence_quantile,0,target_old_query,20-1,20-15|20-1|day0|eq1|sig18,leo_clear_weak,18,2,20-15,-0.15762746334075928
True,support_head_finetune,0,support_head_confidence_quantile,5,target_old_query,20-1,20-15|20-1|day0|eq1|sig19,leo_clear_weak,19,2,20-15,-0.24683138728141785
True,support_head_finetune,0,support_head_confidence_quantile,5,target_old_query,20-1,20-15|20-1|day0|eq1|sig20,leo_clear_weak,20,2,20-15,-0.24683138728141785
True,support_head_finetune,0,support_head_confidence_quantile,5,target_old_query,20-1,20-15|20-1|day0|eq1|sig21,leo_clear_weak,21,2,20-15,-0.24683138728141785
True,support_head_finetune,0,support_head_confidence_quantile,5,target_old_query,20-1,20-15|20-1|day0|eq1|sig22,leo_clear_weak,22,2,20-15,-0.24683138728141785
True,support_head_finetune,0,support_head_confidence_quantile,7,target_old_query,20-1,20-15|20-1|day0|eq1|sig23,leo_clear_weak,23,2,20-15,-0.15973035991191864
True,support_head_finetune,0,support_head_confidence_quantile,7,target_old_query,20-1,20-15|20-1|day0|eq1|sig24,leo_clear_weak,24,2,20-15,-0.15924423933029175
True,support_head_finetune,0,support_head_confidence_quantile,5,target_old_query,20-1,20-19|20-1|day0|eq1|sig5,leo_clear_weak,5,3,20-19,-0.24683138728141785
True,support_head_finetune,0,support_head_confidence_quantile,6,target_old_query,20-1,20-19|20-1|day0|eq1|sig6,leo_clear_weak,6,3,20-19,-0.2180556058883667
True,support_head_finetune,0,support_head_confidence_quantile,5,target_old_query,20-1,20-19|20-1|day0|eq1|sig7,leo_clear_weak,7,3,20-19,-0.24683138728141785
True,support_head_finetune,0,support_head_confidence_quantile,7,target_old_query,20-1,20-19|20-1|day0|eq1|sig8,leo_clear_weak,8,3,20-19,-0.16618172824382782
True,support_head_finetune,0,support_head_confidence_quantile,5,target_old_query,20-1,20-19|20-1|day0|eq1|sig9,leo_clear_weak,9,3,20-19,-0.24683138728141785
True,support_head_finetune,0,support_head_confidence_quantile,5,target_old_query,20-1,20-19|20-1|day0|eq1|sig10,leo_clear_weak,10,3,20-19,-0.24683138728141785
True,support_head_finetune,0,support_head_confidence_quantile,7,target_old_query,20-1,20-19|20-1|day0|eq1|sig11,leo_clear_weak,11,3,20-19,-0.17021891474723816
True,support_head_finetune,0,support_head_confidence_quantile,5,target_old_query,20-1,20-19|20-1|day0|eq1|sig12,leo_clear_weak,12,3,20-19,-0.24683138728141785
True,support_head_finetune,0,support_head_confidence_quantile,6,target_old_query,20-1,20-19|20-1|day0|eq1|sig13,leo_clear_weak,13,3,20-19,-0.1725875437259674
True,support_head_finetune,0,support_head_confidence_quantile,6,target_old_query,20-1,20-19|20-1|day0|eq1|sig14,leo_clear_weak,14,3,20-19,-0.2555660307407379
True,support_head_finetune,0,support_head_confidence_quantile,7,target_old_query,20-1,20-19|20-1|day0|eq1|sig15,leo_clear_weak,15,3,20-19,-0.17586687207221985
True,support_head_finetune,0,support_head_confidence_quantile,5,target_old_query,20-1,20-19|20-1|day0|eq1|sig16,leo_clear_weak,16,3,20-19,-0.24683138728141785
True,support_head_finetune,0,support_head_confidence_quantile,6,target_old_query,20-1,20-19|20-1|day0|eq1|sig17,leo_clear_weak,17,3,20-19,-0.1999427229166031
True,support_head_finetune,0,support_head_confidence_quantile,6,target_old_query,20-1,20-19|20-1|day0|eq1|sig18,leo_clear_weak,18,3,20-19,-0.2108590453863144
True,support_head_finetune,0,support_head_confidence_quantile,6,target_old_query,20-1,20-19|20-1|day0|eq1|sig19,leo_clear_weak,19,3,20-19,-0.3398461639881134
True,support_head_finetune,0,support_head_confidence_quantile,6,target_old_query,20-1,20-19|20-1|day0|eq1|sig20,leo_clear_weak,20,3,20-19,-0.25131022930145264
True,support_head_finetune,0,support_head_confidence_quantile,6,target_old_query,20-1,20-19|20-1|day0|eq1|sig21,leo_clear_weak,21,3,20-19,-0.2051878720521927
True,support_head_finetune,0,support_head_confidence_quantile,2,target_old_query,20-1,20-19|20-1|day0|eq1|sig22,leo_clear_weak,22,3,20-19,-0.1794705092906952
True,support_head_finetune,0,support_head_confidence_quantile,7,target_old_query,20-1,20-19|20-1|day0|eq1|sig23,leo_clear_weak,23,3,20-19,-0.18821799755096436
True,support_head_finetune,0,support_head_confidence_quantile,7,target_old_query,20-1,20-19|20-1|day0|eq1|sig24,leo_clear_weak,24,3,20-19,-0.17167094349861145
True,support_head_finetune,0,support_head_confidence_quantile,5,target_old_query,20-1,6-15|20-1|day0|eq1|sig5,leo_clear_weak,5,4,6-15,-0.24683138728141785
True,support_head_finetune,0,support_head_confidence_quantile,4,target_old_query,20-1,6-15|20-1|day0|eq1|sig6,leo_clear_weak,6,4,6-15,-0.16169412434101105
True,support_head_finetune,0,support_head_confidence_quantile,2,target_old_query,20-1,6-15|20-1|day0|eq1|sig7,leo_clear_weak,7,4,6-15,-0.17617805302143097
True,support_head_finetune,0,support_head_confidence_quantile,5,target_old_query,20-1,6-15|20-1|day0|eq1|sig8,leo_clear_weak,8,4,6-15,-0.24683138728141785
True,support_head_finetune,0,support_head_confidence_quantile,5,target_old_query,20-1,6-15|20-1|day0|eq1|sig9,leo_clear_weak,9,4,6-15,-0.24683138728141785
True,support_head_finetune,0,support_head_confidence_quantile,2,target_old_query,20-1,6-15|20-1|day0|eq1|sig10,leo_clear_weak,10,4,6-15,-0.17323040962219238
True,support_head_finetune,0,support_head_confidence_quantile,5,target_old_query,20-1,6-15|20-1|day0|eq1|sig11,leo_clear_weak,11,4,6-15,-0.24683138728141785
True,support_head_finetune,0,support_head_confidence_quantile,5,target_old_query,20-1,6-15|20-1|day0|eq1|sig12,leo_clear_weak,12,4,6-15,-0.24683138728141785
True,support_head_finetune,0,support_head_confidence_quantile,6,target_old_query,20-1,6-15|20-1|day0|eq1|sig13,leo_clear_weak,13,4,6-15,-0.19775259494781494
True,support_head_finetune,0,support_head_confidence_quantile,6,target_old_query,20-1,6-15|20-1|day0|eq1|sig14,leo_clear_weak,14,4,6-15,-0.21601498126983643
True,support_head_finetune,0,support_head_confidence_quantile,5,target_old_query,20-1,6-15|20-1|day0|eq1|sig15,leo_clear_weak,15,4,6-15,-0.24683138728141785
True,support_head_finetune,0,support_head_confidence_quantile,7,target_old_query,20-1,6-15|20-1|day0|eq1|sig16,leo_clear_weak,16,4,6-15,-0.17069736123085022
True,support_head_finetune,0,support_head_confidence_quantile,5,target_old_query,20-1,6-15|20-1|day0|eq1|sig17,leo_clear_weak,17,4,6-15,-0.2164689600467682
True,support_head_finetune,0,support_head_confidence_quantile,2,target_old_query,20-1,6-15|20-1|day0|eq1|sig18,leo_clear_weak,18,4,6-15,-0.17449361085891724
True,support_head_finetune,0,support_head_confidence_quantile,7,target_old_query,20-1,6-15|20-1|day0|eq1|sig19,leo_clear_weak,19,4,6-15,-0.17485792934894562
True,support_head_finetune,0,support_head_confidence_quantile,2,target_old_query,20-1,6-15|20-1|day0|eq1|sig20,leo_clear_weak,20,4,6-15,-0.17230573296546936
True,support_head_finetune,0,support_head_confidence_quantile,5,target_old_query,20-1,6-15|20-1|day0|eq1|sig21,leo_clear_weak,21,4,6-15,-0.24683138728141785
True,support_head_finetune,0,support_head_confidence_quantile,6,target_old_query,20-1,6-15|20-1|day0|eq1|sig22,leo_clear_weak,22,4,6-15,-0.36981257796287537
True,support_head_finetune,0,support_head_confidence_quantile,5,target_old_query,20-1,6-15|20-1|day0|eq1|sig23,leo_clear_weak,23,4,6-15,-0.24683138728141785
True,support_head_finetune,0,support_head_confidence_quantile,6,target_old_query,20-1,6-15|20-1|day0|eq1|sig24,leo_clear_weak,24,4,6-15,-0.237538680434227
True,support_head_finetune,0,support_head_confidence_quantile,2,target_old_query,20-1,8-20|20-1|day0|eq1|sig5,leo_clear_weak,5,5,8-20,-0.18273572623729706
True,support_head_finetune,0,support_head_confidence_quantile,5,target_old_query,20-1,8-20|20-1|day0|eq1|sig6,leo_clear_weak,6,5,8-20,-0.24683138728141785
True,support_head_finetune,0,support_head_confidence_quantile,5,target_old_query,20-1,8-20|20-1|day0|eq1|sig7,leo_clear_weak,7,5,8-20,-0.2047179937362671
True,support_head_finetune,0,support_head_confidence_quantile,5,target_old_query,20-1,8-20|20-1|day0|eq1|sig8,leo_clear_weak,8,5,8-20,-0.24683138728141785
True,support_head_finetune,0,support_head_confidence_quantile,5,target_old_query,20-1,8-20|20-1|day0|eq1|sig9,leo_clear_weak,9,5,8-20,-0.24683138728141785
True,support_head_finetune,0,support_head_confidence_quantile,5,target_old_query,20-1,8-20|20-1|day0|eq1|sig10,leo_clear_weak,10,5,8-20,-0.24683138728141785
True,support_head_finetune,0,support_head_confidence_quantile,5,target_old_query,20-1,8-20|20-1|day0|eq1|sig11,leo_clear_weak,11,5,8-20,-0.24683138728141785
True,support_head_finetune,0,support_head_confidence_quantile,5,target_old_query,20-1,8-20|20-1|day0|eq1|sig12,leo_clear_weak,12,5,8-20,-0.24683138728141785
True,support_head_finetune,0,support_head_confidence_quantile,5,target_old_query,20-1,8-20|20-1|day0|eq1|sig13,leo_clear_weak,13,5,8-20,-0.24683138728141785
True,support_head_finetune,0,support_head_confidence_quantile,5,target_old_query,20-1,8-20|20-1|day0|eq1|sig14,leo_clear_weak,14,5,8-20,-0.24683138728141785
True,support_head_finetune,0,support_head_confidence_quantile,5,target_old_query,20-1,8-20|20-1|day0|eq1|sig15,leo_clear_weak,15,5,8-20,-0.24683138728141785
True,support_head_finetune,0,support_head_confidence_quantile,5,target_old_query,20-1,8-20|20-1|day0|eq1|sig16,leo_clear_weak,16,5,8-20,-0.24683138728141785
True,support_head_finetune,0,support_head_confidence_quantile,5,target_old_query,20-1,8-20|20-1|day0|eq1|sig17,leo_clear_weak,17,5,8-20,-0.24683138728141785
True,support_head_finetune,0,support_head_confidence_quantile,5,target_old_query,20-1,8-20|20-1|day0|eq1|sig18,leo_clear_weak,18,5,8-20,-0.24683138728141785
True,support_head_finetune,0,support_head_confidence_quantile,5,target_old_query,20-1,8-20|20-1|day0|eq1|sig19,leo_clear_weak,19,5,8-20,-0.24683138728141785
True,support_head_finetune,0,support_head_confidence_quantile,6,target_old_query,20-1,8-20|20-1|day0|eq1|sig20,leo_clear_weak,20,5,8-20,-0.2308664172887802
True,support_head_finetune,0,support_head_confidence_quantile,5,target_old_query,20-1,8-20|20-1|day0|eq1|sig21,leo_clear_weak,21,5,8-20,-0.24683138728141785
True,support_head_finetune,0,support_head_confidence_quantile,5,target_old_query,20-1,8-20|20-1|day0|eq1|sig22,leo_clear_weak,22,5,8-20,-0.24683138728141785
True,support_head_finetune,0,support_head_confidence_quantile,2,target_old_query,20-1,8-20|20-1|day0|eq1|sig23,leo_clear_weak,23,5,8-20,-0.18060487508773804
True,support_head_finetune,0,support_head_confidence_quantile,5,target_old_query,20-1,8-20|20-1|day0|eq1|sig24,leo_clear_weak,24,5,8-20,-0.24683138728141785
True,support_head_finetune,0,support_head_confidence_quantile,5,target_new_query,20-1,1-16|20-1|day0|eq1|sig5,leo_clear_weak,5,6,1-16,-0.24683138728141785
True,support_head_finetune,0,support_head_confidence_quantile,7,target_new_query,20-1,1-16|20-1|day0|eq1|sig6,leo_clear_weak,6,6,1-16,-0.1610981673002243
True,support_head_finetune,0,support_head_confidence_quantile,6,target_new_query,20-1,1-16|20-1|day0|eq1|sig7,leo_clear_weak,7,6,1-16,-0.19280657172203064
True,support_head_finetune,0,support_head_confidence_quantile,6,target_new_query,20-1,1-16|20-1|day0|eq1|sig8,leo_clear_weak,8,6,1-16,-0.33636149764060974
True,support_head_finetune,0,support_head_confidence_quantile,6,target_new_query,20-1,1-16|20-1|day0|eq1|sig9,leo_clear_weak,9,6,1-16,-0.2031138837337494
True,support_head_finetune,0,support_head_confidence_quantile,5,target_new_query,20-1,1-16|20-1|day0|eq1|sig10,leo_clear_weak,10,6,1-16,-0.24683138728141785
True,support_head_finetune,0,support_head_confidence_quantile,5,target_new_query,20-1,1-16|20-1|day0|eq1|sig11,leo_clear_weak,11,6,1-16,-0.24683138728141785
True,support_head_finetune,0,support_head_confidence_quantile,4,target_new_query,20-1,1-16|20-1|day0|eq1|sig12,leo_clear_weak,12,6,1-16,-0.15737329423427582
True,support_head_finetune,0,support_head_confidence_quantile,7,target_new_query,20-1,1-16|20-1|day0|eq1|sig13,leo_clear_weak,13,6,1-16,-0.16643387079238892
True,support_head_finetune,0,support_head_confidence_quantile,6,target_new_query,20-1,1-16|20-1|day0|eq1|sig14,leo_clear_weak,14,6,1-16,-0.35774093866348267
True,support_head_finetune,0,support_head_confidence_quantile,5,target_new_query,20-1,1-16|20-1|day0|eq1|sig15,leo_clear_weak,15,6,1-16,-0.24683138728141785
True,support_head_finetune,0,support_head_confidence_quantile,7,target_new_query,20-1,1-16|20-1|day0|eq1|sig16,leo_clear_weak,16,6,1-16,-0.1671767383813858
True,support_head_finetune,0,support_head_confidence_quantile,6,target_new_query,20-1,1-16|20-1|day0|eq1|sig17,leo_clear_weak,17,6,1-16,-0.23786993324756622
True,support_head_finetune,0,support_head_confidence_quantile,5,target_new_query,20-1,1-16|20-1|day0|eq1|sig18,leo_clear_weak,18,6,1-16,-0.24683138728141785
True,support_head_finetune,0,support_head_confidence_quantile,7,target_new_query,20-1,1-16|20-1|day0|eq1|sig19,leo_clear_weak,19,6,1-16,-0.18040235340595245
True,support_head_finetune,0,support_head_confidence_quantile,7,target_new_query,20-1,1-16|20-1|day0|eq1|sig20,leo_clear_weak,20,6,1-16,-0.17420119047164917
True,support_head_finetune,0,support_head_confidence_quantile,2,target_new_query,20-1,1-16|20-1|day0|eq1|sig21,leo_clear_weak,21,6,1-16,-0.17591552436351776
True,support_head_finetune,0,support_head_confidence_quantile,6,target_new_query,20-1,1-16|20-1|day0|eq1|sig22,leo_clear_weak,22,6,1-16,-0.21675097942352295
True,support_head_finetune,0,support_head_confidence_quantile,4,target_new_query,20-1,1-16|20-1|day0|eq1|sig23,leo_clear_weak,23,6,1-16,-0.16324134171009064
True,support_head_finetune,0,support_head_confidence_quantile,5,target_new_query,20-1,1-16|20-1|day0|eq1|sig24,leo_clear_weak,24,6,1-16,-0.24683138728141785
True,support_head_finetune,0,support_head_confidence_quantile,6,target_new_query,20-1,1-18|20-1|day0|eq1|sig5,leo_clear_weak,5,7,1-18,-0.32856327295303345
True,support_head_finetune,0,support_head_confidence_quantile,4,target_new_query,20-1,1-18|20-1|day0|eq1|sig6,leo_clear_weak,6,7,1-18,-0.16620087623596191
True,support_head_finetune,0,support_head_confidence_quantile,6,target_new_query,20-1,1-18|20-1|day0|eq1|sig7,leo_clear_weak,7,7,1-18,-0.17295873165130615
True,support_head_finetune,0,support_head_confidence_quantile,6,target_new_query,20-1,1-18|20-1|day0|eq1|sig8,leo_clear_weak,8,7,1-18,-0.36584463715553284
True,support_head_finetune,0,support_head_confidence_quantile,2,target_new_query,20-1,1-18|20-1|day0|eq1|sig9,leo_clear_weak,9,7,1-18,-0.16736072301864624
True,support_head_finetune,0,support_head_confidence_quantile,7,target_new_query,20-1,1-18|20-1|day0|eq1|sig10,leo_clear_weak,10,7,1-18,-0.16321006417274475
True,support_head_finetune,0,support_head_confidence_quantile,6,target_new_query,20-1,1-18|20-1|day0|eq1|sig11,leo_clear_weak,11,7,1-18,-0.18475191295146942
True,support_head_finetune,0,support_head_confidence_quantile,5,target_new_query,20-1,1-18|20-1|day0|eq1|sig12,leo_clear_weak,12,7,1-18,-0.24683138728141785
True,support_head_finetune,0,support_head_confidence_quantile,7,target_new_query,20-1,1-18|20-1|day0|eq1|sig13,leo_clear_weak,13,7,1-18,-0.1644877940416336
True,support_head_finetune,0,support_head_confidence_quantile,6,target_new_query,20-1,1-18|20-1|day0|eq1|sig14,leo_clear_weak,14,7,1-18,-0.18764889240264893
True,support_head_finetune,0,support_head_confidence_quantile,5,target_new_query,20-1,1-18|20-1|day0|eq1|sig15,leo_clear_weak,15,7,1-18,-0.24683138728141785
True,support_head_finetune,0,support_head_confidence_quantile,6,target_new_query,20-1,1-18|20-1|day0|eq1|sig16,leo_clear_weak,16,7,1-18,-0.31502798199653625
True,support_head_finetune,0,support_head_confidence_quantile,5,target_new_query,20-1,1-18|20-1|day0|eq1|sig17,leo_clear_weak,17,7,1-18,-0.24683138728141785
True,support_head_finetune,0,support_head_confidence_quantile,4,target_new_query,20-1,1-18|20-1|day0|eq1|sig18,leo_clear_weak,18,7,1-18,-0.16666850447654724
True,support_head_finetune,0,support_head_confidence_quantile,6,target_new_query,20-1,1-18|20-1|day0|eq1|sig19,leo_clear_weak,19,7,1-18,-0.17587810754776
True,support_head_finetune,0,support_head_confidence_quantile,2,target_new_query,20-1,1-18|20-1|day0|eq1|sig20,leo_clear_weak,20,7,1-18,-0.17579549551010132
True,support_head_finetune,0,support_head_confidence_quantile,2,target_new_query,20-1,1-18|20-1|day0|eq1|sig21,leo_clear_weak,21,7,1-18,-0.1756398230791092
True,support_head_finetune,0,support_head_confidence_quantile,6,target_new_query,20-1,1-18|20-1|day0|eq1|sig22,leo_clear_weak,22,7,1-18,-0.19008304178714752
True,support_head_finetune,0,support_head_confidence_quantile,2,target_new_query,20-1,1-18|20-1|day0|eq1|sig23,leo_clear_weak,23,7,1-18,-0.18438197672367096
True,support_head_finetune,0,support_head_confidence_quantile,5,target_new_query,20-1,1-18|20-1|day0|eq1|sig24,leo_clear_weak,24,7,1-18,-0.24683138728141785
True,support_head_finetune,0,support_head_confidence_quantile,6,target_unknown_query,20-1,10-1|20-1|day0|eq1|sig0,leo_clear_weak,0,-1,10-1,-0.17671489715576172
True,support_head_finetune,0,support_head_confidence_quantile,5,target_unknown_query,20-1,10-1|20-1|day0|eq1|sig1,leo_clear_weak,1,-1,10-1,-0.24683138728141785
True,support_head_finetune,0,support_head_confidence_quantile,7,target_unknown_query,20-1,10-1|20-1|day0|eq1|sig2,leo_clear_weak,2,-1,10-1,-0.1683667153120041
True,support_head_finetune,0,support_head_confidence_quantile,5,target_unknown_query,20-1,10-1|20-1|day0|eq1|sig3,leo_clear_weak,3,-1,10-1,-0.24683138728141785
True,support_head_finetune,0,support_head_confidence_quantile,5,target_unknown_query,20-1,10-1|20-1|day0|eq1|sig4,leo_clear_weak,4,-1,10-1,-0.24683138728141785
True,support_head_finetune,0,support_head_confidence_quantile,6,target_unknown_query,20-1,10-1|20-1|day0|eq1|sig5,leo_clear_weak,5,-1,10-1,-0.3485948145389557
True,support_head_finetune,0,support_head_confidence_quantile,5,target_unknown_query,20-1,10-1|20-1|day0|eq1|sig6,leo_clear_weak,6,-1,10-1,-0.24683138728141785
True,support_head_finetune,0,support_head_confidence_quantile,1,target_unknown_query,20-1,10-1|20-1|day0|eq1|sig7,leo_clear_weak,7,-1,10-1,-0.16578544676303864
True,support_head_finetune,0,support_head_confidence_quantile,5,target_unknown_query,20-1,10-1|20-1|day0|eq1|sig8,leo_clear_weak,8,-1,10-1,-0.24683138728141785
True,support_head_finetune,0,support_head_confidence_quantile,5,target_unknown_query,20-1,10-1|20-1|day0|eq1|sig9,leo_clear_weak,9,-1,10-1,-0.24683138728141785
True,support_head_finetune,0,support_head_confidence_quantile,5,target_unknown_query,20-1,10-1|20-1|day0|eq1|sig10,leo_clear_weak,10,-1,10-1,-0.24683138728141785
True,support_head_finetune,0,support_head_confidence_quantile,7,target_unknown_query,20-1,10-1|20-1|day0|eq1|sig11,leo_clear_weak,11,-1,10-1,-0.1741645634174347
True,support_head_finetune,0,support_head_confidence_quantile,5,target_unknown_query,20-1,10-1|20-1|day0|eq1|sig12,leo_clear_weak,12,-1,10-1,-0.24683138728141785
True,support_head_finetune,0,support_head_confidence_quantile,5,target_unknown_query,20-1,10-1|20-1|day0|eq1|sig13,leo_clear_weak,13,-1,10-1,-0.24683138728141785
True,support_head_finetune,0,support_head_confidence_quantile,5,target_unknown_query,20-1,10-1|20-1|day0|eq1|sig14,leo_clear_weak,14,-1,10-1,-0.24683138728141785
True,support_head_finetune,0,support_head_confidence_quantile,5,target_unknown_query,20-1,10-1|20-1|day0|eq1|sig15,leo_clear_weak,15,-1,10-1,-0.24683138728141785
True,support_head_finetune,0,support_head_confidence_quantile,5,target_unknown_query,20-1,10-1|20-1|day0|eq1|sig16,leo_clear_weak,16,-1,10-1,-0.24683138728141785
True,support_head_finetune,0,support_head_confidence_quantile,7,target_unknown_query,20-1,10-1|20-1|day0|eq1|sig17,leo_clear_weak,17,-1,10-1,-0.18682216107845306
True,support_head_finetune,0,support_head_confidence_quantile,6,target_unknown_query,20-1,10-1|20-1|day0|eq1|sig18,leo_clear_weak,18,-1,10-1,-0.333627313375473
True,support_head_finetune,0,support_head_confidence_quantile,7,target_unknown_query,20-1,10-1|20-1|day0|eq1|sig19,leo_clear_weak,19,-1,10-1,-0.1749030500650406
True,support_head_finetune,0,support_head_confidence_quantile,1,target_unknown_query,20-1,10-10|20-1|day0|eq1|sig0,leo_clear_weak,0,-1,10-10,-0.2170451134443283
True,support_head_finetune,0,support_head_confidence_quantile,6,target_unknown_query,20-1,10-10|20-1|day0|eq1|sig1,leo_clear_weak,1,-1,10-10,-0.1922110766172409
True,support_head_finetune,0,support_head_confidence_quantile,6,target_unknown_query,20-1,10-10|20-1|day0|eq1|sig2,leo_clear_weak,2,-1,10-10,-0.25271525979042053
True,support_head_finetune,0,support_head_confidence_quantile,5,target_unknown_query,20-1,10-10|20-1|day0|eq1|sig3,leo_clear_weak,3,-1,10-10,-0.24683138728141785
True,support_head_finetune,0,support_head_confidence_quantile,6,target_unknown_query,20-1,10-10|20-1|day0|eq1|sig4,leo_clear_weak,4,-1,10-10,-0.1932981312274933
True,support_head_finetune,0,support_head_confidence_quantile,6,target_unknown_query,20-1,10-10|20-1|day0|eq1|sig5,leo_clear_weak,5,-1,10-10,-0.321228563785553
True,support_head_finetune,0,support_head_confidence_quantile,5,target_unknown_query,20-1,10-10|20-1|day0|eq1|sig6,leo_clear_weak,6,-1,10-10,-0.23370304703712463
True,support_head_finetune,0,support_head_confidence_quantile,6,target_unknown_query,20-1,10-10|20-1|day0|eq1|sig7,leo_clear_weak,7,-1,10-10,-0.24237440526485443
True,support_head_finetune,0,support_head_confidence_quantile,6,target_unknown_query,20-1,10-10|20-1|day0|eq1|sig8,leo_clear_weak,8,-1,10-10,-0.17533093690872192
True,support_head_finetune,0,support_head_confidence_quantile,5,target_unknown_query,20-1,10-10|20-1|day0|eq1|sig9,leo_clear_weak,9,-1,10-10,-0.24683138728141785
True,support_head_finetune,0,support_head_confidence_quantile,6,target_unknown_query,20-1,10-10|20-1|day0|eq1|sig10,leo_clear_weak,10,-1,10-10,-0.2222549170255661
True,support_head_finetune,0,support_head_confidence_quantile,6,target_unknown_query,20-1,10-10|20-1|day0|eq1|sig11,leo_clear_weak,11,-1,10-10,-0.3611786365509033
True,support_head_finetune,0,support_head_confidence_quantile,4,target_unknown_query,20-1,10-10|20-1|day0|eq1|sig12,leo_clear_weak,12,-1,10-10,-0.16536109149456024
True,support_head_finetune,0,support_head_confidence_quantile,5,target_unknown_query,20-1,10-10|20-1|day0|eq1|sig13,leo_clear_weak,13,-1,10-10,-0.24683138728141785
True,support_head_finetune,0,support_head_confidence_quantile,6,target_unknown_query,20-1,10-10|20-1|day0|eq1|sig14,leo_clear_weak,14,-1,10-10,-0.3755761682987213
True,support_head_finetune,0,support_head_confidence_quantile,5,target_unknown_query,20-1,10-10|20-1|day0|eq1|sig15,leo_clear_weak,15,-1,10-10,-0.24683138728141785
True,support_head_finetune,0,support_head_confidence_quantile,5,target_unknown_query,20-1,10-10|20-1|day0|eq1|sig16,leo_clear_weak,16,-1,10-10,-0.24683138728141785
True,support_head_finetune,0,support_head_confidence_quantile,6,target_unknown_query,20-1,10-10|20-1|day0|eq1|sig17,leo_clear_weak,17,-1,10-10,-0.20651817321777344
True,support_head_finetune,0,support_head_confidence_quantile,6,target_unknown_query,20-1,10-10|20-1|day0|eq1|sig18,leo_clear_weak,18,-1,10-10,-0.35301530361175537
True,support_head_finetune,0,support_head_confidence_quantile,6,target_unknown_query,20-1,10-10|20-1|day0|eq1|sig19,leo_clear_weak,19,-1,10-10,-0.2879418134689331
True,support_head_finetune,0,support_head_confidence_quantile,3,target_old_query,20-1,14-10|20-1|day0|eq1|sig5,leo_low_elev_weak,5,0,14-10,-0.4013368487358093
True,support_head_finetune,0,support_head_confidence_quantile,3,target_old_query,20-1,14-10|20-1|day0|eq1|sig6,leo_low_elev_weak,6,0,14-10,-0.37749794125556946
True,support_head_finetune,0,support_head_confidence_quantile,3,target_old_query,20-1,14-10|20-1|day0|eq1|sig7,leo_low_elev_weak,7,0,14-10,-0.38272422552108765
True,support_head_finetune,0,support_head_confidence_quantile,3,target_old_query,20-1,14-10|20-1|day0|eq1|sig8,leo_low_elev_weak,8,0,14-10,-0.31517863273620605
True,support_head_finetune,0,support_head_confidence_quantile,5,target_old_query,20-1,14-10|20-1|day0|eq1|sig9,leo_low_elev_weak,9,0,14-10,-0.23894546926021576
True,support_head_finetune,0,support_head_confidence_quantile,3,target_old_query,20-1,14-10|20-1|day0|eq1|sig10,leo_low_elev_weak,10,0,14-10,-0.28707271814346313
True,support_head_finetune,0,support_head_confidence_quantile,5,target_old_query,20-1,14-10|20-1|day0|eq1|sig11,leo_low_elev_weak,11,0,14-10,-0.3341405689716339
True,support_head_finetune,0,support_head_confidence_quantile,5,target_old_query,20-1,14-10|20-1|day0|eq1|sig12,leo_low_elev_weak,12,0,14-10,-0.35460466146469116
True,support_head_finetune,0,support_head_confidence_quantile,4,target_old_query,20-1,14-10|20-1|day0|eq1|sig13,leo_low_elev_weak,13,0,14-10,-0.27633577585220337
True,support_head_finetune,0,support_head_confidence_quantile,3,target_old_query,20-1,14-10|20-1|day0|eq1|sig14,leo_low_elev_weak,14,0,14-10,-0.3337729275226593
True,support_head_finetune,0,support_head_confidence_quantile,0,target_old_query,20-1,14-10|20-1|day0|eq1|sig15,leo_low_elev_weak,15,0,14-10,-0.20631669461727142
True,support_head_finetune,0,support_head_confidence_quantile,3,target_old_query,20-1,14-10|20-1|day0|eq1|sig16,leo_low_elev_weak,16,0,14-10,-0.29060569405555725
True,support_head_finetune,0,support_head_confidence_quantile,7,target_old_query,20-1,14-10|20-1|day0|eq1|sig17,leo_low_elev_weak,17,0,14-10,-0.21077591180801392
True,support_head_finetune,0,support_head_confidence_quantile,3,target_old_query,20-1,14-10|20-1|day0|eq1|sig18,leo_low_elev_weak,18,0,14-10,-0.37115880846977234
True,support_head_finetune,0,support_head_confidence_quantile,4,target_old_query,20-1,14-10|20-1|day0|eq1|sig19,leo_low_elev_weak,19,0,14-10,-0.20811952650547028
True,support_head_finetune,0,support_head_confidence_quantile,3,target_old_query,20-1,14-10|20-1|day0|eq1|sig20,leo_low_elev_weak,20,0,14-10,-0.37146827578544617
True,support_head_finetune,0,support_head_confidence_quantile,7,target_old_query,20-1,14-10|20-1|day0|eq1|sig21,leo_low_elev_weak,21,0,14-10,-0.21077591180801392
True,support_head_finetune,0,support_head_confidence_quantile,3,target_old_query,20-1,14-10|20-1|day0|eq1|sig22,leo_low_elev_weak,22,0,14-10,-0.3331473469734192
True,support_head_finetune,0,support_head_confidence_quantile,7,target_old_query,20-1,14-10|20-1|day0|eq1|sig23,leo_low_elev_weak,23,0,14-10,-0.21077591180801392
True,support_head_finetune,0,support_head_confidence_quantile,3,target_old_query,20-1,14-10|20-1|day0|eq1|sig24,leo_low_elev_weak,24,0,14-10,-0.31625106930732727
True,support_head_finetune,0,support_head_confidence_quantile,7,target_old_query,20-1,14-7|20-1|day0|eq1|sig5,leo_low_elev_weak,5,1,14-7,-0.21077591180801392
True,support_head_finetune,0,support_head_confidence_quantile,4,target_old_query,20-1,14-7|20-1|day0|eq1|sig6,leo_low_elev_weak,6,1,14-7,-0.2731562852859497
True,support_head_finetune,0,support_head_confidence_quantile,5,target_old_query,20-1,14-7|20-1|day0|eq1|sig7,leo_low_elev_weak,7,1,14-7,-0.21305006742477417
True,support_head_finetune,0,support_head_confidence_quantile,3,target_old_query,20-1,14-7|20-1|day0|eq1|sig8,leo_low_elev_weak,8,1,14-7,-0.3846851587295532
True,support_head_finetune,0,support_head_confidence_quantile,4,target_old_query,20-1,14-7|20-1|day0|eq1|sig9,leo_low_elev_weak,9,1,14-7,-0.2800939083099365
True,support_head_finetune,0,support_head_confidence_quantile,6,target_old_query,20-1,14-7|20-1|day0|eq1|sig10,leo_low_elev_weak,10,1,14-7,-0.24515603482723236
True,support_head_finetune,0,support_head_confidence_quantile,3,target_old_query,20-1,14-7|20-1|day0|eq1|sig11,leo_low_elev_weak,11,1,14-7,-0.393460214138031
True,support_head_finetune,0,support_head_confidence_quantile,4,target_old_query,20-1,14-7|20-1|day0|eq1|sig12,leo_low_elev_weak,12,1,14-7,-0.2607260048389435
True,support_head_finetune,0,support_head_confidence_quantile,3,target_old_query,20-1,14-7|20-1|day0|eq1|sig13,leo_low_elev_weak,13,1,14-7,-0.38042035698890686
True,support_head_finetune,0,support_head_confidence_quantile,7,target_old_query,20-1,14-7|20-1|day0|eq1|sig14,leo_low_elev_weak,14,1,14-7,-0.21077591180801392
True,support_head_finetune,0,support_head_confidence_quantile,0,target_old_query,20-1,14-7|20-1|day0|eq1|sig15,leo_low_elev_weak,15,1,14-7,-0.20416338741779327
True,support_head_finetune,0,support_head_confidence_quantile,4,target_old_query,20-1,14-7|20-1|day0|eq1|sig16,leo_low_elev_weak,16,1,14-7,-0.27362576127052307
True,support_head_finetune,0,support_head_confidence_quantile,7,target_old_query,20-1,14-7|20-1|day0|eq1|sig17,leo_low_elev_weak,17,1,14-7,-0.21077591180801392
True,support_head_finetune,0,support_head_confidence_quantile,7,target_old_query,20-1,14-7|20-1|day0|eq1|sig18,leo_low_elev_weak,18,1,14-7,-0.21077591180801392
True,support_head_finetune,0,support_head_confidence_quantile,7,target_old_query,20-1,14-7|20-1|day0|eq1|sig19,leo_low_elev_weak,19,1,14-7,-0.21077591180801392
True,support_head_finetune,0,support_head_confidence_quantile,3,target_old_query,20-1,14-7|20-1|day0|eq1|sig20,leo_low_elev_weak,20,1,14-7,-0.38559412956237793
True,support_head_finetune,0,support_head_confidence_quantile,7,target_old_query,20-1,14-7|20-1|day0|eq1|sig21,leo_low_elev_weak,21,1,14-7,-0.21077591180801392
True,support_head_finetune,0,support_head_confidence_quantile,7,target_old_query,20-1,14-7|20-1|day0|eq1|sig22,leo_low_elev_weak,22,1,14-7,-0.21077591180801392
True,support_head_finetune,0,support_head_confidence_quantile,7,target_old_query,20-1,14-7|20-1|day0|eq1|sig23,leo_low_elev_weak,23,1,14-7,-0.21077591180801392
True,support_head_finetune,0,support_head_confidence_quantile,4,target_old_query,20-1,14-7|20-1|day0|eq1|sig24,leo_low_elev_weak,24,1,14-7,-0.3110228180885315
True,support_head_finetune,0,support_head_confidence_quantile,7,target_old_query,20-1,20-15|20-1|day0|eq1|sig5,leo_low_elev_weak,5,2,20-15,-0.21077591180801392
True,support_head_finetune,0,support_head_confidence_quantile,7,target_old_query,20-1,20-15|20-1|day0|eq1|sig6,leo_low_elev_weak,6,2,20-15,-0.21077591180801392
True,support_head_finetune,0,support_head_confidence_quantile,7,target_old_query,20-1,20-15|20-1|day0|eq1|sig7,leo_low_elev_weak,7,2,20-15,-0.21077591180801392
True,support_head_finetune,0,support_head_confidence_quantile,7,target_old_query,20-1,20-15|20-1|day0|eq1|sig8,leo_low_elev_weak,8,2,20-15,-0.21077591180801392
True,support_head_finetune,0,support_head_confidence_quantile,7,target_old_query,20-1,20-15|20-1|day0|eq1|sig9,leo_low_elev_weak,9,2,20-15,-0.21077591180801392
True,support_head_finetune,0,support_head_confidence_quantile,4,target_old_query,20-1,20-15|20-1|day0|eq1|sig10,leo_low_elev_weak,10,2,20-15,-0.267709881067276
True,support_head_finetune,0,support_head_confidence_quantile,4,target_old_query,20-1,20-15|20-1|day0|eq1|sig11,leo_low_elev_weak,11,2,20-15,-0.35571423172950745
True,support_head_finetune,0,support_head_confidence_quantile,3,target_old_query,20-1,20-15|20-1|day0|eq1|sig12,leo_low_elev_weak,12,2,20-15,-0.40195992588996887
True,support_head_finetune,0,support_head_confidence_quantile,7,target_old_query,20-1,20-15|20-1|day0|eq1|sig13,leo_low_elev_weak,13,2,20-15,-0.21077591180801392
True,support_head_finetune,0,support_head_confidence_quantile,5,target_old_query,20-1,20-15|20-1|day0|eq1|sig14,leo_low_elev_weak,14,2,20-15,-0.5309339761734009
True,support_head_finetune,0,support_head_confidence_quantile,4,target_old_query,20-1,20-15|20-1|day0|eq1|sig15,leo_low_elev_weak,15,2,20-15,-0.31442469358444214
True,support_head_finetune,0,support_head_confidence_quantile,7,target_old_query,20-1,20-15|20-1|day0|eq1|sig16,leo_low_elev_weak,16,2,20-15,-0.21077591180801392
True,support_head_finetune,0,support_head_confidence_quantile,7,target_old_query,20-1,20-15|20-1|day0|eq1|sig17,leo_low_elev_weak,17,2,20-15,-0.21077591180801392
True,support_head_finetune,0,support_head_confidence_quantile,7,target_old_query,20-1,20-15|20-1|day0|eq1|sig18,leo_low_elev_weak,18,2,20-15,-0.21077591180801392
True,support_head_finetune,0,support_head_confidence_quantile,5,target_old_query,20-1,20-15|20-1|day0|eq1|sig19,leo_low_elev_weak,19,2,20-15,-0.3938358426094055
True,support_head_finetune,0,support_head_confidence_quantile,4,target_old_query,20-1,20-15|20-1|day0|eq1|sig20,leo_low_elev_weak,20,2,20-15,-0.3352656364440918
True,support_head_finetune,0,support_head_confidence_quantile,7,target_old_query,20-1,20-15|20-1|day0|eq1|sig21,leo_low_elev_weak,21,2,20-15,-0.21077591180801392
True,support_head_finetune,0,support_head_confidence_quantile,7,target_old_query,20-1,20-15|20-1|day0|eq1|sig22,leo_low_elev_weak,22,2,20-15,-0.21077591180801392
True,support_head_finetune,0,support_head_confidence_quantile,3,target_old_query,20-1,20-15|20-1|day0|eq1|sig23,leo_low_elev_weak,23,2,20-15,-0.3024483025074005
True,support_head_finetune,0,support_head_confidence_quantile,5,target_old_query,20-1,20-15|20-1|day0|eq1|sig24,leo_low_elev_weak,24,2,20-15,-0.5211685299873352
True,support_head_finetune,0,support_head_confidence_quantile,4,target_old_query,20-1,20-19|20-1|day0|eq1|sig5,leo_low_elev_weak,5,3,20-19,-0.2305966019630432
True,support_head_finetune,0,support_head_confidence_quantile,3,target_old_query,20-1,20-19|20-1|day0|eq1|sig6,leo_low_elev_weak,6,3,20-19,-0.31916898488998413
True,support_head_finetune,0,support_head_confidence_quantile,3,target_old_query,20-1,20-19|20-1|day0|eq1|sig7,leo_low_elev_weak,7,3,20-19,-0.3266321122646332
True,support_head_finetune,0,support_head_confidence_quantile,7,target_old_query,20-1,20-19|20-1|day0|eq1|sig8,leo_low_elev_weak,8,3,20-19,-0.21077591180801392
True,support_head_finetune,0,support_head_confidence_quantile,7,target_old_query,20-1,20-19|20-1|day0|eq1|sig9,leo_low_elev_weak,9,3,20-19,-0.21077591180801392
True,support_head_finetune,0,support_head_confidence_quantile,3,target_old_query,20-1,20-19|20-1|day0|eq1|sig10,leo_low_elev_weak,10,3,20-19,-0.3219772279262543
True,support_head_finetune,0,support_head_confidence_quantile,3,target_old_query,20-1,20-19|20-1|day0|eq1|sig11,leo_low_elev_weak,11,3,20-19,-0.3096891939640045
True,support_head_finetune,0,support_head_confidence_quantile,3,target_old_query,20-1,20-19|20-1|day0|eq1|sig12,leo_low_elev_weak,12,3,20-19,-0.4820099472999573
True,support_head_finetune,0,support_head_confidence_quantile,5,target_old_query,20-1,20-19|20-1|day0|eq1|sig13,leo_low_elev_weak,13,3,20-19,-0.2295628786087036
True,support_head_finetune,0,support_head_confidence_quantile,7,target_old_query,20-1,20-19|20-1|day0|eq1|sig14,leo_low_elev_weak,14,3,20-19,-0.21077591180801392
True,support_head_finetune,0,support_head_confidence_quantile,7,target_old_query,20-1,20-19|20-1|day0|eq1|sig15,leo_low_elev_weak,15,3,20-19,-0.21077591180801392
True,support_head_finetune,0,support_head_confidence_quantile,7,target_old_query,20-1,20-19|20-1|day0|eq1|sig16,leo_low_elev_weak,16,3,20-19,-0.21077591180801392
True,support_head_finetune,0,support_head_confidence_quantile,3,target_old_query,20-1,20-19|20-1|day0|eq1|sig17,leo_low_elev_weak,17,3,20-19,-0.42628857493400574
True,support_head_finetune,0,support_head_confidence_quantile,7,target_old_query,20-1,20-19|20-1|day0|eq1|sig18,leo_low_elev_weak,18,3,20-19,-0.21077591180801392
True,support_head_finetune,0,support_head_confidence_quantile,3,target_old_query,20-1,20-19|20-1|day0|eq1|sig19,leo_low_elev_weak,19,3,20-19,-0.2937133312225342
True,support_head_finetune,0,support_head_confidence_quantile,5,target_old_query,20-1,20-19|20-1|day0|eq1|sig20,leo_low_elev_weak,20,3,20-19,-0.1978769302368164
True,support_head_finetune,0,support_head_confidence_quantile,3,target_old_query,20-1,20-19|20-1|day0|eq1|sig21,leo_low_elev_weak,21,3,20-19,-0.39079949259757996
True,support_head_finetune,0,support_head_confidence_quantile,7,target_old_query,20-1,20-19|20-1|day0|eq1|sig22,leo_low_elev_weak,22,3,20-19,-0.21077591180801392
True,support_head_finetune,0,support_head_confidence_quantile,7,target_old_query,20-1,20-19|20-1|day0|eq1|sig23,leo_low_elev_weak,23,3,20-19,-0.21077591180801392
True,support_head_finetune,0,support_head_confidence_quantile,3,target_old_query,20-1,20-19|20-1|day0|eq1|sig24,leo_low_elev_weak,24,3,20-19,-0.4110938310623169
True,support_head_finetune,0,support_head_confidence_quantile,3,target_old_query,20-1,6-15|20-1|day0|eq1|sig5,leo_low_elev_weak,5,4,6-15,-0.3337826728820801
True,support_head_finetune,0,support_head_confidence_quantile,3,target_old_query,20-1,6-15|20-1|day0|eq1|sig6,leo_low_elev_weak,6,4,6-15,-0.45490437746047974
True,support_head_finetune,0,support_head_confidence_quantile,7,target_old_query,20-1,6-15|20-1|day0|eq1|sig7,leo_low_elev_weak,7,4,6-15,-0.21077591180801392
True,support_head_finetune,0,support_head_confidence_quantile,5,target_old_query,20-1,6-15|20-1|day0|eq1|sig8,leo_low_elev_weak,8,4,6-15,-0.23857657611370087
True,support_head_finetune,0,support_head_confidence_quantile,7,target_old_query,20-1,6-15|20-1|day0|eq1|sig9,leo_low_elev_weak,9,4,6-15,-0.21077591180801392
True,support_head_finetune,0,support_head_confidence_quantile,5,target_old_query,20-1,6-15|20-1|day0|eq1|sig10,leo_low_elev_weak,10,4,6-15,-0.24970893561840057
True,support_head_finetune,0,support_head_confidence_quantile,3,target_old_query,20-1,6-15|20-1|day0|eq1|sig11,leo_low_elev_weak,11,4,6-15,-0.27916282415390015
True,support_head_finetune,0,support_head_confidence_quantile,3,target_old_query,20-1,6-15|20-1|day0|eq1|sig12,leo_low_elev_weak,12,4,6-15,-0.44732022285461426
True,support_head_finetune,0,support_head_confidence_quantile,5,target_old_query,20-1,6-15|20-1|day0|eq1|sig13,leo_low_elev_weak,13,4,6-15,-0.3504093885421753
True,support_head_finetune,0,support_head_confidence_quantile,4,target_old_query,20-1,6-15|20-1|day0|eq1|sig14,leo_low_elev_weak,14,4,6-15,-0.20748864114284515
True,support_head_finetune,0,support_head_confidence_quantile,7,target_old_query,20-1,6-15|20-1|day0|eq1|sig15,leo_low_elev_weak,15,4,6-15,-0.21077591180801392
True,support_head_finetune,0,support_head_confidence_quantile,3,target_old_query,20-1,6-15|20-1|day0|eq1|sig16,leo_low_elev_weak,16,4,6-15,-0.2885068953037262
True,support_head_finetune,0,support_head_confidence_quantile,4,target_old_query,20-1,6-15|20-1|day0|eq1|sig17,leo_low_elev_weak,17,4,6-15,-0.2680933475494385
True,support_head_finetune,0,support_head_confidence_quantile,7,target_old_query,20-1,6-15|20-1|day0|eq1|sig18,leo_low_elev_weak,18,4,6-15,-0.21077591180801392
True,support_head_finetune,0,support_head_confidence_quantile,7,target_old_query,20-1,6-15|20-1|day0|eq1|sig19,leo_low_elev_weak,19,4,6-15,-0.21077591180801392
True,support_head_finetune,0,support_head_confidence_quantile,3,target_old_query,20-1,6-15|20-1|day0|eq1|sig20,leo_low_elev_weak,20,4,6-15,-0.26642993092536926
True,support_head_finetune,0,support_head_confidence_quantile,7,target_old_query,20-1,6-15|20-1|day0|eq1|sig21,leo_low_elev_weak,21,4,6-15,-0.21077591180801392
True,support_head_finetune,0,support_head_confidence_quantile,7,target_old_query,20-1,6-15|20-1|day0|eq1|sig22,leo_low_elev_weak,22,4,6-15,-0.21077591180801392
True,support_head_finetune,0,support_head_confidence_quantile,7,target_old_query,20-1,6-15|20-1|day0|eq1|sig23,leo_low_elev_weak,23,4,6-15,-0.21077591180801392
True,support_head_finetune,0,support_head_confidence_quantile,7,target_old_query,20-1,6-15|20-1|day0|eq1|sig24,leo_low_elev_weak,24,4,6-15,-0.21077591180801392
True,support_head_finetune,0,support_head_confidence_quantile,7,target_old_query,20-1,8-20|20-1|day0|eq1|sig5,leo_low_elev_weak,5,5,8-20,-0.21077591180801392
True,support_head_finetune,0,support_head_confidence_quantile,7,target_old_query,20-1,8-20|20-1|day0|eq1|sig6,leo_low_elev_weak,6,5,8-20,-0.21077591180801392
True,support_head_finetune,0,support_head_confidence_quantile,5,target_old_query,20-1,8-20|20-1|day0|eq1|sig7,leo_low_elev_weak,7,5,8-20,-0.5269940495491028
True,support_head_finetune,0,support_head_confidence_quantile,7,target_old_query,20-1,8-20|20-1|day0|eq1|sig8,leo_low_elev_weak,8,5,8-20,-0.21077591180801392
True,support_head_finetune,0,support_head_confidence_quantile,7,target_old_query,20-1,8-20|20-1|day0|eq1|sig9,leo_low_elev_weak,9,5,8-20,-0.21077591180801392
True,support_head_finetune,0,support_head_confidence_quantile,7,target_old_query,20-1,8-20|20-1|day0|eq1|sig10,leo_low_elev_weak,10,5,8-20,-0.21077591180801392
True,support_head_finetune,0,support_head_confidence_quantile,0,target_old_query,20-1,8-20|20-1|day0|eq1|sig11,leo_low_elev_weak,11,5,8-20,-0.20353512465953827
True,support_head_finetune,0,support_head_confidence_quantile,7,target_old_query,20-1,8-20|20-1|day0|eq1|sig12,leo_low_elev_weak,12,5,8-20,-0.21077591180801392
True,support_head_finetune,0,support_head_confidence_quantile,4,target_old_query,20-1,8-20|20-1|day0|eq1|sig13,leo_low_elev_weak,13,5,8-20,-0.26773446798324585
True,support_head_finetune,0,support_head_confidence_quantile,7,target_old_query,20-1,8-20|20-1|day0|eq1|sig14,leo_low_elev_weak,14,5,8-20,-0.21077591180801392
True,support_head_finetune,0,support_head_confidence_quantile,7,target_old_query,20-1,8-20|20-1|day0|eq1|sig15,leo_low_elev_weak,15,5,8-20,-0.21077591180801392
True,support_head_finetune,0,support_head_confidence_quantile,7,target_old_query,20-1,8-20|20-1|day0|eq1|sig16,leo_low_elev_weak,16,5,8-20,-0.21077591180801392
True,support_head_finetune,0,support_head_confidence_quantile,7,target_old_query,20-1,8-20|20-1|day0|eq1|sig17,leo_low_elev_weak,17,5,8-20,-0.21077591180801392
True,support_head_finetune,0,support_head_confidence_quantile,7,target_old_query,20-1,8-20|20-1|day0|eq1|sig18,leo_low_elev_weak,18,5,8-20,-0.21077591180801392
True,support_head_finetune,0,support_head_confidence_quantile,7,target_old_query,20-1,8-20|20-1|day0|eq1|sig19,leo_low_elev_weak,19,5,8-20,-0.21077591180801392
True,support_head_finetune,0,support_head_confidence_quantile,7,target_old_query,20-1,8-20|20-1|day0|eq1|sig20,leo_low_elev_weak,20,5,8-20,-0.21077591180801392
True,support_head_finetune,0,support_head_confidence_quantile,4,target_old_query,20-1,8-20|20-1|day0|eq1|sig21,leo_low_elev_weak,21,5,8-20,-0.29377317428588867
True,support_head_finetune,0,support_head_confidence_quantile,7,target_old_query,20-1,8-20|20-1|day0|eq1|sig22,leo_low_elev_weak,22,5,8-20,-0.21077591180801392
True,support_head_finetune,0,support_head_confidence_quantile,7,target_old_query,20-1,8-20|20-1|day0|eq1|sig23,leo_low_elev_weak,23,5,8-20,-0.21077591180801392
True,support_head_finetune,0,support_head_confidence_quantile,7,target_old_query,20-1,8-20|20-1|day0|eq1|sig24,leo_low_elev_weak,24,5,8-20,-0.21077591180801392
True,support_head_finetune,0,support_head_confidence_quantile,3,target_new_query,20-1,1-16|20-1|day0|eq1|sig5,leo_low_elev_weak,5,6,1-16,-0.41918110847473145
True,support_head_finetune,0,support_head_confidence_quantile,3,target_new_query,20-1,1-16|20-1|day0|eq1|sig6,leo_low_elev_weak,6,6,1-16,-0.27086177468299866
True,support_head_finetune,0,support_head_confidence_quantile,4,target_new_query,20-1,1-16|20-1|day0|eq1|sig7,leo_low_elev_weak,7,6,1-16,-0.2882910966873169
True,support_head_finetune,0,support_head_confidence_quantile,3,target_new_query,20-1,1-16|20-1|day0|eq1|sig8,leo_low_elev_weak,8,6,1-16,-0.4022684097290039
False,support_head_finetune,0,support_head_confidence_quantile,-1,target_new_query,20-1,1-16|20-1|day0|eq1|sig9,leo_low_elev_weak,9,6,1-16,-0.18860426545143127
True,support_head_finetune,0,support_head_confidence_quantile,6,target_new_query,20-1,1-16|20-1|day0|eq1|sig10,leo_low_elev_weak,10,6,1-16,-0.2356957495212555
True,support_head_finetune,0,support_head_confidence_quantile,7,target_new_query,20-1,1-16|20-1|day0|eq1|sig11,leo_low_elev_weak,11,6,1-16,-0.21077591180801392
True,support_head_finetune,0,support_head_confidence_quantile,3,target_new_query,20-1,1-16|20-1|day0|eq1|sig12,leo_low_elev_weak,12,6,1-16,-0.28012213110923767
True,support_head_finetune,0,support_head_confidence_quantile,7,target_new_query,20-1,1-16|20-1|day0|eq1|sig13,leo_low_elev_weak,13,6,1-16,-0.21077591180801392
True,support_head_finetune,0,support_head_confidence_quantile,7,target_new_query,20-1,1-16|20-1|day0|eq1|sig14,leo_low_elev_weak,14,6,1-16,-0.21077591180801392
True,support_head_finetune,0,support_head_confidence_quantile,4,target_new_query,20-1,1-16|20-1|day0|eq1|sig15,leo_low_elev_weak,15,6,1-16,-0.25063544511795044
True,support_head_finetune,0,support_head_confidence_quantile,3,target_new_query,20-1,1-16|20-1|day0|eq1|sig16,leo_low_elev_weak,16,6,1-16,-0.28655529022216797
True,support_head_finetune,0,support_head_confidence_quantile,7,target_new_query,20-1,1-16|20-1|day0|eq1|sig17,leo_low_elev_weak,17,6,1-16,-0.20923905074596405
True,support_head_finetune,0,support_head_confidence_quantile,4,target_new_query,20-1,1-16|20-1|day0|eq1|sig18,leo_low_elev_weak,18,6,1-16,-0.22832229733467102
True,support_head_finetune,0,support_head_confidence_quantile,3,target_new_query,20-1,1-16|20-1|day0|eq1|sig19,leo_low_elev_weak,19,6,1-16,-0.32156312465667725
True,support_head_finetune,0,support_head_confidence_quantile,6,target_new_query,20-1,1-16|20-1|day0|eq1|sig20,leo_low_elev_weak,20,6,1-16,-0.24969908595085144
True,support_head_finetune,0,support_head_confidence_quantile,5,target_new_query,20-1,1-16|20-1|day0|eq1|sig21,leo_low_elev_weak,21,6,1-16,-0.38483524322509766
True,support_head_finetune,0,support_head_confidence_quantile,4,target_new_query,20-1,1-16|20-1|day0|eq1|sig22,leo_low_elev_weak,22,6,1-16,-0.23039741814136505
True,support_head_finetune,0,support_head_confidence_quantile,7,target_new_query,20-1,1-16|20-1|day0|eq1|sig23,leo_low_elev_weak,23,6,1-16,-0.21077591180801392
True,support_head_finetune,0,support_head_confidence_quantile,4,target_new_query,20-1,1-16|20-1|day0|eq1|sig24,leo_low_elev_weak,24,6,1-16,-0.26784101128578186
True,support_head_finetune,0,support_head_confidence_quantile,5,target_new_query,20-1,1-18|20-1|day0|eq1|sig5,leo_low_elev_weak,5,7,1-18,-0.2697211802005768
True,support_head_finetune,0,support_head_confidence_quantile,3,target_new_query,20-1,1-18|20-1|day0|eq1|sig6,leo_low_elev_weak,6,7,1-18,-0.3225311040878296
True,support_head_finetune,0,support_head_confidence_quantile,3,target_new_query,20-1,1-18|20-1|day0|eq1|sig7,leo_low_elev_weak,7,7,1-18,-0.4095863997936249
True,support_head_finetune,0,support_head_confidence_quantile,3,target_new_query,20-1,1-18|20-1|day0|eq1|sig8,leo_low_elev_weak,8,7,1-18,-0.30815690755844116
True,support_head_finetune,0,support_head_confidence_quantile,3,target_new_query,20-1,1-18|20-1|day0|eq1|sig9,leo_low_elev_weak,9,7,1-18,-0.2644733786582947
True,support_head_finetune,0,support_head_confidence_quantile,3,target_new_query,20-1,1-18|20-1|day0|eq1|sig10,leo_low_elev_weak,10,7,1-18,-0.31403544545173645
True,support_head_finetune,0,support_head_confidence_quantile,7,target_new_query,20-1,1-18|20-1|day0|eq1|sig11,leo_low_elev_weak,11,7,1-18,-0.21077591180801392
True,support_head_finetune,0,support_head_confidence_quantile,3,target_new_query,20-1,1-18|20-1|day0|eq1|sig12,leo_low_elev_weak,12,7,1-18,-0.37324923276901245
True,support_head_finetune,0,support_head_confidence_quantile,7,target_new_query,20-1,1-18|20-1|day0|eq1|sig13,leo_low_elev_weak,13,7,1-18,-0.21077591180801392
True,support_head_finetune,0,support_head_confidence_quantile,3,target_new_query,20-1,1-18|20-1|day0|eq1|sig14,leo_low_elev_weak,14,7,1-18,-0.2930631935596466
True,support_head_finetune,0,support_head_confidence_quantile,7,target_new_query,20-1,1-18|20-1|day0|eq1|sig15,leo_low_elev_weak,15,7,1-18,-0.21077591180801392
True,support_head_finetune,0,support_head_confidence_quantile,3,target_new_query,20-1,1-18|20-1|day0|eq1|sig16,leo_low_elev_weak,16,7,1-18,-0.3716146945953369
True,support_head_finetune,0,support_head_confidence_quantile,7,target_new_query,20-1,1-18|20-1|day0|eq1|sig17,leo_low_elev_weak,17,7,1-18,-0.21077591180801392
True,support_head_finetune,0,support_head_confidence_quantile,3,target_new_query,20-1,1-18|20-1|day0|eq1|sig18,leo_low_elev_weak,18,7,1-18,-0.30493056774139404
True,support_head_finetune,0,support_head_confidence_quantile,7,target_new_query,20-1,1-18|20-1|day0|eq1|sig19,leo_low_elev_weak,19,7,1-18,-0.21077591180801392
True,support_head_finetune,0,support_head_confidence_quantile,3,target_new_query,20-1,1-18|20-1|day0|eq1|sig20,leo_low_elev_weak,20,7,1-18,-0.3798810839653015
True,support_head_finetune,0,support_head_confidence_quantile,3,target_new_query,20-1,1-18|20-1|day0|eq1|sig21,leo_low_elev_weak,21,7,1-18,-0.31245100498199463
True,support_head_finetune,0,support_head_confidence_quantile,7,target_new_query,20-1,1-18|20-1|day0|eq1|sig22,leo_low_elev_weak,22,7,1-18,-0.21077591180801392
True,support_head_finetune,0,support_head_confidence_quantile,7,target_new_query,20-1,1-18|20-1|day0|eq1|sig23,leo_low_elev_weak,23,7,1-18,-0.21077591180801392
True,support_head_finetune,0,support_head_confidence_quantile,7,target_new_query,20-1,1-18|20-1|day0|eq1|sig24,leo_low_elev_weak,24,7,1-18,-0.21077591180801392
True,support_head_finetune,0,support_head_confidence_quantile,3,target_unknown_query,20-1,10-1|20-1|day0|eq1|sig0,leo_low_elev_weak,0,-1,10-1,-0.3638712465763092
True,support_head_finetune,0,support_head_confidence_quantile,7,target_unknown_query,20-1,10-1|20-1|day0|eq1|sig1,leo_low_elev_weak,1,-1,10-1,-0.21077591180801392
True,support_head_finetune,0,support_head_confidence_quantile,7,target_unknown_query,20-1,10-1|20-1|day0|eq1|sig2,leo_low_elev_weak,2,-1,10-1,-0.21077591180801392
True,support_head_finetune,0,support_head_confidence_quantile,4,target_unknown_query,20-1,10-1|20-1|day0|eq1|sig3,leo_low_elev_weak,3,-1,10-1,-0.2767820954322815
True,support_head_finetune,0,support_head_confidence_quantile,5,target_unknown_query,20-1,10-1|20-1|day0|eq1|sig4,leo_low_elev_weak,4,-1,10-1,-0.45026007294654846
True,support_head_finetune,0,support_head_confidence_quantile,7,target_unknown_query,20-1,10-1|20-1|day0|eq1|sig5,leo_low_elev_weak,5,-1,10-1,-0.21077591180801392
True,support_head_finetune,0,support_head_confidence_quantile,7,target_unknown_query,20-1,10-1|20-1|day0|eq1|sig6,leo_low_elev_weak,6,-1,10-1,-0.21077591180801392
True,support_head_finetune,0,support_head_confidence_quantile,3,target_unknown_query,20-1,10-1|20-1|day0|eq1|sig7,leo_low_elev_weak,7,-1,10-1,-0.30433470010757446
True,support_head_finetune,0,support_head_confidence_quantile,7,target_unknown_query,20-1,10-1|20-1|day0|eq1|sig8,leo_low_elev_weak,8,-1,10-1,-0.21077591180801392
True,support_head_finetune,0,support_head_confidence_quantile,7,target_unknown_query,20-1,10-1|20-1|day0|eq1|sig9,leo_low_elev_weak,9,-1,10-1,-0.21077591180801392
True,support_head_finetune,0,support_head_confidence_quantile,7,target_unknown_query,20-1,10-1|20-1|day0|eq1|sig10,leo_low_elev_weak,10,-1,10-1,-0.21077591180801392
True,support_head_finetune,0,support_head_confidence_quantile,7,target_unknown_query,20-1,10-1|20-1|day0|eq1|sig11,leo_low_elev_weak,11,-1,10-1,-0.21077591180801392
True,support_head_finetune,0,support_head_confidence_quantile,7,target_unknown_query,20-1,10-1|20-1|day0|eq1|sig12,leo_low_elev_weak,12,-1,10-1,-0.21077591180801392
True,support_head_finetune,0,support_head_confidence_quantile,2,target_unknown_query,20-1,10-1|20-1|day0|eq1|sig13,leo_low_elev_weak,13,-1,10-1,-0.22579890489578247
True,support_head_finetune,0,support_head_confidence_quantile,7,target_unknown_query,20-1,10-1|20-1|day0|eq1|sig14,leo_low_elev_weak,14,-1,10-1,-0.21077591180801392
True,support_head_finetune,0,support_head_confidence_quantile,7,target_unknown_query,20-1,10-1|20-1|day0|eq1|sig15,leo_low_elev_weak,15,-1,10-1,-0.21077591180801392
True,support_head_finetune,0,support_head_confidence_quantile,4,target_unknown_query,20-1,10-1|20-1|day0|eq1|sig16,leo_low_elev_weak,16,-1,10-1,-0.2937055230140686
True,support_head_finetune,0,support_head_confidence_quantile,7,target_unknown_query,20-1,10-1|20-1|day0|eq1|sig17,leo_low_elev_weak,17,-1,10-1,-0.21077591180801392
True,support_head_finetune,0,support_head_confidence_quantile,7,target_unknown_query,20-1,10-1|20-1|day0|eq1|sig18,leo_low_elev_weak,18,-1,10-1,-0.21077591180801392
True,support_head_finetune,0,support_head_confidence_quantile,3,target_unknown_query,20-1,10-1|20-1|day0|eq1|sig19,leo_low_elev_weak,19,-1,10-1,-0.34152618050575256
True,support_head_finetune,0,support_head_confidence_quantile,3,target_unknown_query,20-1,10-10|20-1|day0|eq1|sig0,leo_low_elev_weak,0,-1,10-10,-0.38225603103637695
True,support_head_finetune,0,support_head_confidence_quantile,7,target_unknown_query,20-1,10-10|20-1|day0|eq1|sig1,leo_low_elev_weak,1,-1,10-10,-0.21077591180801392
True,support_head_finetune,0,support_head_confidence_quantile,3,target_unknown_query,20-1,10-10|20-1|day0|eq1|sig2,leo_low_elev_weak,2,-1,10-10,-0.42542746663093567
True,support_head_finetune,0,support_head_confidence_quantile,4,target_unknown_query,20-1,10-10|20-1|day0|eq1|sig3,leo_low_elev_weak,3,-1,10-10,-0.20929238200187683
True,support_head_finetune,0,support_head_confidence_quantile,7,target_unknown_query,20-1,10-10|20-1|day0|eq1|sig4,leo_low_elev_weak,4,-1,10-10,-0.21077591180801392
True,support_head_finetune,0,support_head_confidence_quantile,7,target_unknown_query,20-1,10-10|20-1|day0|eq1|sig5,leo_low_elev_weak,5,-1,10-10,-0.21077591180801392
True,support_head_finetune,0,support_head_confidence_quantile,7,target_unknown_query,20-1,10-10|20-1|day0|eq1|sig6,leo_low_elev_weak,6,-1,10-10,-0.21077591180801392
True,support_head_finetune,0,support_head_confidence_quantile,3,target_unknown_query,20-1,10-10|20-1|day0|eq1|sig7,leo_low_elev_weak,7,-1,10-10,-0.3279915452003479
True,support_head_finetune,0,support_head_confidence_quantile,7,target_unknown_query,20-1,10-10|20-1|day0|eq1|sig8,leo_low_elev_weak,8,-1,10-10,-0.21077591180801392
True,support_head_finetune,0,support_head_confidence_quantile,7,target_unknown_query,20-1,10-10|20-1|day0|eq1|sig9,leo_low_elev_weak,9,-1,10-10,-0.21077591180801392
True,support_head_finetune,0,support_head_confidence_quantile,3,target_unknown_query,20-1,10-10|20-1|day0|eq1|sig10,leo_low_elev_weak,10,-1,10-10,-0.30865612626075745
True,support_head_finetune,0,support_head_confidence_quantile,7,target_unknown_query,20-1,10-10|20-1|day0|eq1|sig11,leo_low_elev_weak,11,-1,10-10,-0.21077591180801392
True,support_head_finetune,0,support_head_confidence_quantile,3,target_unknown_query,20-1,10-10|20-1|day0|eq1|sig12,leo_low_elev_weak,12,-1,10-10,-0.40725335478782654
True,support_head_finetune,0,support_head_confidence_quantile,5,target_unknown_query,20-1,10-10|20-1|day0|eq1|sig13,leo_low_elev_weak,13,-1,10-10,-0.20447391271591187
True,support_head_finetune,0,support_head_confidence_quantile,4,target_unknown_query,20-1,10-10|20-1|day0|eq1|sig14,leo_low_elev_weak,14,-1,10-10,-0.27369424700737
True,support_head_finetune,0,support_head_confidence_quantile,3,target_unknown_query,20-1,10-10|20-1|day0|eq1|sig15,leo_low_elev_weak,15,-1,10-10,-0.39480286836624146
True,support_head_finetune,0,support_head_confidence_quantile,3,target_unknown_query,20-1,10-10|20-1|day0|eq1|sig16,leo_low_elev_weak,16,-1,10-10,-0.33882594108581543
True,support_head_finetune,0,support_head_confidence_quantile,6,target_unknown_query,20-1,10-10|20-1|day0|eq1|sig17,leo_low_elev_weak,17,-1,10-10,-0.27332136034965515
True,support_head_finetune,0,support_head_confidence_quantile,3,target_unknown_query,20-1,10-10|20-1|day0|eq1|sig18,leo_low_elev_weak,18,-1,10-10,-0.41757482290267944
True,support_head_finetune,0,support_head_confidence_quantile,3,target_unknown_query,20-1,10-10|20-1|day0|eq1|sig19,leo_low_elev_weak,19,-1,10-10,-0.3635998070240021
True,support_head_finetune,0,support_head_confidence_quantile,1,target_old_query,20-1,14-10|20-1|day0|eq1|sig5,leo_rain_weak,5,0,14-10,-0.15095704793930054
True,support_head_finetune,0,support_head_confidence_quantile,3,target_old_query,20-1,14-10|20-1|day0|eq1|sig6,leo_rain_weak,6,0,14-10,-0.2623515725135803
True,support_head_finetune,0,support_head_confidence_quantile,3,target_old_query,20-1,14-10|20-1|day0|eq1|sig7,leo_rain_weak,7,0,14-10,-0.313171923160553
True,support_head_finetune,0,support_head_confidence_quantile,0,target_old_query,20-1,14-10|20-1|day0|eq1|sig8,leo_rain_weak,8,0,14-10,-0.16470342874526978
True,support_head_finetune,0,support_head_confidence_quantile,5,target_old_query,20-1,14-10|20-1|day0|eq1|sig9,leo_rain_weak,9,0,14-10,-0.167258158326149
True,support_head_finetune,0,support_head_confidence_quantile,5,target_old_query,20-1,14-10|20-1|day0|eq1|sig10,leo_rain_weak,10,0,14-10,-0.20929309725761414
True,support_head_finetune,0,support_head_confidence_quantile,5,target_old_query,20-1,14-10|20-1|day0|eq1|sig11,leo_rain_weak,11,0,14-10,-0.20929309725761414
True,support_head_finetune,0,support_head_confidence_quantile,3,target_old_query,20-1,14-10|20-1|day0|eq1|sig12,leo_rain_weak,12,0,14-10,-0.2725487947463989
True,support_head_finetune,0,support_head_confidence_quantile,0,target_old_query,20-1,14-10|20-1|day0|eq1|sig13,leo_rain_weak,13,0,14-10,-0.2312595695257187
True,support_head_finetune,0,support_head_confidence_quantile,5,target_old_query,20-1,14-10|20-1|day0|eq1|sig14,leo_rain_weak,14,0,14-10,-0.1916704922914505
True,support_head_finetune,0,support_head_confidence_quantile,5,target_old_query,20-1,14-10|20-1|day0|eq1|sig15,leo_rain_weak,15,0,14-10,-0.20929309725761414
True,support_head_finetune,0,support_head_confidence_quantile,0,target_old_query,20-1,14-10|20-1|day0|eq1|sig16,leo_rain_weak,16,0,14-10,-0.15329669415950775
True,support_head_finetune,0,support_head_confidence_quantile,5,target_old_query,20-1,14-10|20-1|day0|eq1|sig17,leo_rain_weak,17,0,14-10,-0.20929309725761414
True,support_head_finetune,0,support_head_confidence_quantile,1,target_old_query,20-1,14-10|20-1|day0|eq1|sig18,leo_rain_weak,18,0,14-10,-0.14870068430900574
True,support_head_finetune,0,support_head_confidence_quantile,0,target_old_query,20-1,14-10|20-1|day0|eq1|sig19,leo_rain_weak,19,0,14-10,-0.23478786647319794
True,support_head_finetune,0,support_head_confidence_quantile,0,target_old_query,20-1,14-10|20-1|day0|eq1|sig20,leo_rain_weak,20,0,14-10,-0.16639646887779236
True,support_head_finetune,0,support_head_confidence_quantile,5,target_old_query,20-1,14-10|20-1|day0|eq1|sig21,leo_rain_weak,21,0,14-10,-0.20929309725761414
True,support_head_finetune,0,support_head_confidence_quantile,5,target_old_query,20-1,14-10|20-1|day0|eq1|sig22,leo_rain_weak,22,0,14-10,-0.20929309725761414
True,support_head_finetune,0,support_head_confidence_quantile,0,target_old_query,20-1,14-10|20-1|day0|eq1|sig23,leo_rain_weak,23,0,14-10,-0.21538187563419342
True,support_head_finetune,0,support_head_confidence_quantile,0,target_old_query,20-1,14-10|20-1|day0|eq1|sig24,leo_rain_weak,24,0,14-10,-0.2049807757139206
True,support_head_finetune,0,support_head_confidence_quantile,2,target_old_query,20-1,14-7|20-1|day0|eq1|sig5,leo_rain_weak,5,1,14-7,-0.1768966019153595
True,support_head_finetune,0,support_head_confidence_quantile,5,target_old_query,20-1,14-7|20-1|day0|eq1|sig6,leo_rain_weak,6,1,14-7,-0.20929309725761414
True,support_head_finetune,0,support_head_confidence_quantile,0,target_old_query,20-1,14-7|20-1|day0|eq1|sig7,leo_rain_weak,7,1,14-7,-0.1673906445503235
True,support_head_finetune,0,support_head_confidence_quantile,5,target_old_query,20-1,14-7|20-1|day0|eq1|sig8,leo_rain_weak,8,1,14-7,-0.20929309725761414
True,support_head_finetune,0,support_head_confidence_quantile,3,target_old_query,20-1,14-7|20-1|day0|eq1|sig9,leo_rain_weak,9,1,14-7,-0.2941577434539795
True,support_head_finetune,0,support_head_confidence_quantile,5,target_old_query,20-1,14-7|20-1|day0|eq1|sig10,leo_rain_weak,10,1,14-7,-0.20929309725761414
True,support_head_finetune,0,support_head_confidence_quantile,3,target_old_query,20-1,14-7|20-1|day0|eq1|sig11,leo_rain_weak,11,1,14-7,-0.16535156965255737
True,support_head_finetune,0,support_head_confidence_quantile,0,target_old_query,20-1,14-7|20-1|day0|eq1|sig12,leo_rain_weak,12,1,14-7,-0.17141233384609222
True,support_head_finetune,0,support_head_confidence_quantile,5,target_old_query,20-1,14-7|20-1|day0|eq1|sig13,leo_rain_weak,13,1,14-7,-0.20929309725761414
True,support_head_finetune,0,support_head_confidence_quantile,5,target_old_query,20-1,14-7|20-1|day0|eq1|sig14,leo_rain_weak,14,1,14-7,-0.20929309725761414
True,support_head_finetune,0,support_head_confidence_quantile,5,target_old_query,20-1,14-7|20-1|day0|eq1|sig15,leo_rain_weak,15,1,14-7,-0.20929309725761414
True,support_head_finetune,0,support_head_confidence_quantile,3,target_old_query,20-1,14-7|20-1|day0|eq1|sig16,leo_rain_weak,16,1,14-7,-0.22017358243465424
True,support_head_finetune,0,support_head_confidence_quantile,5,target_old_query,20-1,14-7|20-1|day0|eq1|sig17,leo_rain_weak,17,1,14-7,-0.20929309725761414
True,support_head_finetune,0,support_head_confidence_quantile,5,target_old_query,20-1,14-7|20-1|day0|eq1|sig18,leo_rain_weak,18,1,14-7,-0.20929309725761414
True,support_head_finetune,0,support_head_confidence_quantile,5,target_old_query,20-1,14-7|20-1|day0|eq1|sig19,leo_rain_weak,19,1,14-7,-0.20929309725761414
True,support_head_finetune,0,support_head_confidence_quantile,3,target_old_query,20-1,14-7|20-1|day0|eq1|sig20,leo_rain_weak,20,1,14-7,-0.28666120767593384
True,support_head_finetune,0,support_head_confidence_quantile,0,target_old_query,20-1,14-7|20-1|day0|eq1|sig21,leo_rain_weak,21,1,14-7,-0.1856493353843689
True,support_head_finetune,0,support_head_confidence_quantile,5,target_old_query,20-1,14-7|20-1|day0|eq1|sig22,leo_rain_weak,22,1,14-7,-0.20929309725761414
True,support_head_finetune,0,support_head_confidence_quantile,5,target_old_query,20-1,14-7|20-1|day0|eq1|sig23,leo_rain_weak,23,1,14-7,-0.20929309725761414
True,support_head_finetune,0,support_head_confidence_quantile,5,target_old_query,20-1,14-7|20-1|day0|eq1|sig24,leo_rain_weak,24,1,14-7,-0.20929309725761414
True,support_head_finetune,0,support_head_confidence_quantile,5,target_old_query,20-1,20-15|20-1|day0|eq1|sig5,leo_rain_weak,5,2,20-15,-0.20929309725761414
True,support_head_finetune,0,support_head_confidence_quantile,5,target_old_query,20-1,20-15|20-1|day0|eq1|sig6,leo_rain_weak,6,2,20-15,-0.20929309725761414
True,support_head_finetune,0,support_head_confidence_quantile,5,target_old_query,20-1,20-15|20-1|day0|eq1|sig7,leo_rain_weak,7,2,20-15,-0.20929309725761414
True,support_head_finetune,0,support_head_confidence_quantile,5,target_old_query,20-1,20-15|20-1|day0|eq1|sig8,leo_rain_weak,8,2,20-15,-0.20929309725761414
True,support_head_finetune,0,support_head_confidence_quantile,5,target_old_query,20-1,20-15|20-1|day0|eq1|sig9,leo_rain_weak,9,2,20-15,-0.20929309725761414
True,support_head_finetune,0,support_head_confidence_quantile,5,target_old_query,20-1,20-15|20-1|day0|eq1|sig10,leo_rain_weak,10,2,20-15,-0.20929309725761414
True,support_head_finetune,0,support_head_confidence_quantile,3,target_old_query,20-1,20-15|20-1|day0|eq1|sig11,leo_rain_weak,11,2,20-15,-0.30360957980155945
True,support_head_finetune,0,support_head_confidence_quantile,3,target_old_query,20-1,20-15|20-1|day0|eq1|sig12,leo_rain_weak,12,2,20-15,-0.23129071295261383
True,support_head_finetune,0,support_head_confidence_quantile,5,target_old_query,20-1,20-15|20-1|day0|eq1|sig13,leo_rain_weak,13,2,20-15,-0.20929309725761414
True,support_head_finetune,0,support_head_confidence_quantile,2,target_old_query,20-1,20-15|20-1|day0|eq1|sig14,leo_rain_weak,14,2,20-15,-0.16466598212718964
True,support_head_finetune,0,support_head_confidence_quantile,5,target_old_query,20-1,20-15|20-1|day0|eq1|sig15,leo_rain_weak,15,2,20-15,-0.20929309725761414
True,support_head_finetune,0,support_head_confidence_quantile,5,target_old_query,20-1,20-15|20-1|day0|eq1|sig16,leo_rain_weak,16,2,20-15,-0.20929309725761414
True,support_head_finetune,0,support_head_confidence_quantile,2,target_old_query,20-1,20-15|20-1|day0|eq1|sig17,leo_rain_weak,17,2,20-15,-0.1704355925321579
True,support_head_finetune,0,support_head_confidence_quantile,5,target_old_query,20-1,20-15|20-1|day0|eq1|sig18,leo_rain_weak,18,2,20-15,-0.20929309725761414
True,support_head_finetune,0,support_head_confidence_quantile,3,target_old_query,20-1,20-15|20-1|day0|eq1|sig19,leo_rain_weak,19,2,20-15,-0.18930211663246155
True,support_head_finetune,0,support_head_confidence_quantile,3,target_old_query,20-1,20-15|20-1|day0|eq1|sig20,leo_rain_weak,20,2,20-15,-0.2790522873401642
True,support_head_finetune,0,support_head_confidence_quantile,3,target_old_query,20-1,20-15|20-1|day0|eq1|sig21,leo_rain_weak,21,2,20-15,-0.1698102504014969
True,support_head_finetune,0,support_head_confidence_quantile,5,target_old_query,20-1,20-15|20-1|day0|eq1|sig22,leo_rain_weak,22,2,20-15,-0.20929309725761414
True,support_head_finetune,0,support_head_confidence_quantile,0,target_old_query,20-1,20-15|20-1|day0|eq1|sig23,leo_rain_weak,23,2,20-15,-0.19974489510059357
True,support_head_finetune,0,support_head_confidence_quantile,1,target_old_query,20-1,20-15|20-1|day0|eq1|sig24,leo_rain_weak,24,2,20-15,-0.1537625789642334
True,support_head_finetune,0,support_head_confidence_quantile,3,target_old_query,20-1,20-19|20-1|day0|eq1|sig5,leo_rain_weak,5,3,20-19,-0.22449786961078644
True,support_head_finetune,0,support_head_confidence_quantile,3,target_old_query,20-1,20-19|20-1|day0|eq1|sig6,leo_rain_weak,6,3,20-19,-0.18817678093910217
True,support_head_finetune,0,support_head_confidence_quantile,3,target_old_query,20-1,20-19|20-1|day0|eq1|sig7,leo_rain_weak,7,3,20-19,-0.24931345880031586
True,support_head_finetune,0,support_head_confidence_quantile,5,target_old_query,20-1,20-19|20-1|day0|eq1|sig8,leo_rain_weak,8,3,20-19,-0.20929309725761414
True,support_head_finetune,0,support_head_confidence_quantile,5,target_old_query,20-1,20-19|20-1|day0|eq1|sig9,leo_rain_weak,9,3,20-19,-0.20929309725761414
True,support_head_finetune,0,support_head_confidence_quantile,5,target_old_query,20-1,20-19|20-1|day0|eq1|sig10,leo_rain_weak,10,3,20-19,-0.20160023868083954
True,support_head_finetune,0,support_head_confidence_quantile,3,target_old_query,20-1,20-19|20-1|day0|eq1|sig11,leo_rain_weak,11,3,20-19,-0.244966059923172
True,support_head_finetune,0,support_head_confidence_quantile,5,target_old_query,20-1,20-19|20-1|day0|eq1|sig12,leo_rain_weak,12,3,20-19,-0.20929309725761414
True,support_head_finetune,0,support_head_confidence_quantile,1,target_old_query,20-1,20-19|20-1|day0|eq1|sig13,leo_rain_weak,13,3,20-19,-0.15465392172336578
True,support_head_finetune,0,support_head_confidence_quantile,3,target_old_query,20-1,20-19|20-1|day0|eq1|sig14,leo_rain_weak,14,3,20-19,-0.3160373866558075
True,support_head_finetune,0,support_head_confidence_quantile,2,target_old_query,20-1,20-19|20-1|day0|eq1|sig15,leo_rain_weak,15,3,20-19,-0.15932199358940125
True,support_head_finetune,0,support_head_confidence_quantile,5,target_old_query,20-1,20-19|20-1|day0|eq1|sig16,leo_rain_weak,16,3,20-19,-0.20801806449890137
True,support_head_finetune,0,support_head_confidence_quantile,3,target_old_query,20-1,20-19|20-1|day0|eq1|sig17,leo_rain_weak,17,3,20-19,-0.26831406354904175
True,support_head_finetune,0,support_head_confidence_quantile,0,target_old_query,20-1,20-19|20-1|day0|eq1|sig18,leo_rain_weak,18,3,20-19,-0.18016354739665985
True,support_head_finetune,0,support_head_confidence_quantile,3,target_old_query,20-1,20-19|20-1|day0|eq1|sig19,leo_rain_weak,19,3,20-19,-0.20672757923603058
True,support_head_finetune,0,support_head_confidence_quantile,3,target_old_query,20-1,20-19|20-1|day0|eq1|sig20,leo_rain_weak,20,3,20-19,-0.1822861284017563
True,support_head_finetune,0,support_head_confidence_quantile,0,target_old_query,20-1,20-19|20-1|day0|eq1|sig21,leo_rain_weak,21,3,20-19,-0.16230745613574982
True,support_head_finetune,0,support_head_confidence_quantile,5,target_old_query,20-1,20-19|20-1|day0|eq1|sig22,leo_rain_weak,22,3,20-19,-0.20929309725761414
True,support_head_finetune,0,support_head_confidence_quantile,5,target_old_query,20-1,20-19|20-1|day0|eq1|sig23,leo_rain_weak,23,3,20-19,-0.20929309725761414
True,support_head_finetune,0,support_head_confidence_quantile,5,target_old_query,20-1,20-19|20-1|day0|eq1|sig24,leo_rain_weak,24,3,20-19,-0.20929309725761414
True,support_head_finetune,0,support_head_confidence_quantile,5,target_old_query,20-1,6-15|20-1|day0|eq1|sig5,leo_rain_weak,5,4,6-15,-0.20929309725761414
True,support_head_finetune,0,support_head_confidence_quantile,3,target_old_query,20-1,6-15|20-1|day0|eq1|sig6,leo_rain_weak,6,4,6-15,-0.2685560882091522
True,support_head_finetune,0,support_head_confidence_quantile,2,target_old_query,20-1,6-15|20-1|day0|eq1|sig7,leo_rain_weak,7,4,6-15,-0.1692255735397339
True,support_head_finetune,0,support_head_confidence_quantile,3,target_old_query,20-1,6-15|20-1|day0|eq1|sig8,leo_rain_weak,8,4,6-15,-0.17008677124977112
True,support_head_finetune,0,support_head_confidence_quantile,5,target_old_query,20-1,6-15|20-1|day0|eq1|sig9,leo_rain_weak,9,4,6-15,-0.2092214822769165
True,support_head_finetune,0,support_head_confidence_quantile,5,target_old_query,20-1,6-15|20-1|day0|eq1|sig10,leo_rain_weak,10,4,6-15,-0.20929309725761414
True,support_head_finetune,0,support_head_confidence_quantile,5,target_old_query,20-1,6-15|20-1|day0|eq1|sig11,leo_rain_weak,11,4,6-15,-0.20929309725761414
True,support_head_finetune,0,support_head_confidence_quantile,2,target_old_query,20-1,6-15|20-1|day0|eq1|sig12,leo_rain_weak,12,4,6-15,-0.1647012084722519
True,support_head_finetune,0,support_head_confidence_quantile,5,target_old_query,20-1,6-15|20-1|day0|eq1|sig13,leo_rain_weak,13,4,6-15,-0.20929309725761414
True,support_head_finetune,0,support_head_confidence_quantile,3,target_old_query,20-1,6-15|20-1|day0|eq1|sig14,leo_rain_weak,14,4,6-15,-0.16023562848567963
True,support_head_finetune,0,support_head_confidence_quantile,5,target_old_query,20-1,6-15|20-1|day0|eq1|sig15,leo_rain_weak,15,4,6-15,-0.20929309725761414
True,support_head_finetune,0,support_head_confidence_quantile,2,target_old_query,20-1,6-15|20-1|day0|eq1|sig16,leo_rain_weak,16,4,6-15,-0.15608271956443787
True,support_head_finetune,0,support_head_confidence_quantile,3,target_old_query,20-1,6-15|20-1|day0|eq1|sig17,leo_rain_weak,17,4,6-15,-0.21751417219638824
True,support_head_finetune,0,support_head_confidence_quantile,5,target_old_query,20-1,6-15|20-1|day0|eq1|sig18,leo_rain_weak,18,4,6-15,-0.20929309725761414
True,support_head_finetune,0,support_head_confidence_quantile,2,target_old_query,20-1,6-15|20-1|day0|eq1|sig19,leo_rain_weak,19,4,6-15,-0.16494418680667877
True,support_head_finetune,0,support_head_confidence_quantile,0,target_old_query,20-1,6-15|20-1|day0|eq1|sig20,leo_rain_weak,20,4,6-15,-0.1722511202096939
True,support_head_finetune,0,support_head_confidence_quantile,5,target_old_query,20-1,6-15|20-1|day0|eq1|sig21,leo_rain_weak,21,4,6-15,-0.20929309725761414
True,support_head_finetune,0,support_head_confidence_quantile,3,target_old_query,20-1,6-15|20-1|day0|eq1|sig22,leo_rain_weak,22,4,6-15,-0.29080238938331604
True,support_head_finetune,0,support_head_confidence_quantile,2,target_old_query,20-1,6-15|20-1|day0|eq1|sig23,leo_rain_weak,23,4,6-15,-0.15412136912345886
True,support_head_finetune,0,support_head_confidence_quantile,5,target_old_query,20-1,6-15|20-1|day0|eq1|sig24,leo_rain_weak,24,4,6-15,-0.20929309725761414
True,support_head_finetune,0,support_head_confidence_quantile,5,target_old_query,20-1,8-20|20-1|day0|eq1|sig5,leo_rain_weak,5,5,8-20,-0.20929309725761414
True,support_head_finetune,0,support_head_confidence_quantile,5,target_old_query,20-1,8-20|20-1|day0|eq1|sig6,leo_rain_weak,6,5,8-20,-0.20929309725761414
True,support_head_finetune,0,support_head_confidence_quantile,5,target_old_query,20-1,8-20|20-1|day0|eq1|sig7,leo_rain_weak,7,5,8-20,-0.20929309725761414
True,support_head_finetune,0,support_head_confidence_quantile,5,target_old_query,20-1,8-20|20-1|day0|eq1|sig8,leo_rain_weak,8,5,8-20,-0.20929309725761414
True,support_head_finetune,0,support_head_confidence_quantile,5,target_old_query,20-1,8-20|20-1|day0|eq1|sig9,leo_rain_weak,9,5,8-20,-0.20929309725761414
True,support_head_finetune,0,support_head_confidence_quantile,5,target_old_query,20-1,8-20|20-1|day0|eq1|sig10,leo_rain_weak,10,5,8-20,-0.20929309725761414
True,support_head_finetune,0,support_head_confidence_quantile,5,target_old_query,20-1,8-20|20-1|day0|eq1|sig11,leo_rain_weak,11,5,8-20,-0.20929309725761414
True,support_head_finetune,0,support_head_confidence_quantile,5,target_old_query,20-1,8-20|20-1|day0|eq1|sig12,leo_rain_weak,12,5,8-20,-0.20929309725761414
True,support_head_finetune,0,support_head_confidence_quantile,5,target_old_query,20-1,8-20|20-1|day0|eq1|sig13,leo_rain_weak,13,5,8-20,-0.20929309725761414
True,support_head_finetune,0,support_head_confidence_quantile,5,target_old_query,20-1,8-20|20-1|day0|eq1|sig14,leo_rain_weak,14,5,8-20,-0.20929309725761414
True,support_head_finetune,0,support_head_confidence_quantile,0,target_old_query,20-1,8-20|20-1|day0|eq1|sig15,leo_rain_weak,15,5,8-20,-0.202158123254776
True,support_head_finetune,0,support_head_confidence_quantile,5,target_old_query,20-1,8-20|20-1|day0|eq1|sig16,leo_rain_weak,16,5,8-20,-0.20929309725761414
True,support_head_finetune,0,support_head_confidence_quantile,5,target_old_query,20-1,8-20|20-1|day0|eq1|sig17,leo_rain_weak,17,5,8-20,-0.20929309725761414
True,support_head_finetune,0,support_head_confidence_quantile,5,target_old_query,20-1,8-20|20-1|day0|eq1|sig18,leo_rain_weak,18,5,8-20,-0.20929309725761414
True,support_head_finetune,0,support_head_confidence_quantile,2,target_old_query,20-1,8-20|20-1|day0|eq1|sig19,leo_rain_weak,19,5,8-20,-0.16092859208583832
True,support_head_finetune,0,support_head_confidence_quantile,5,target_old_query,20-1,8-20|20-1|day0|eq1|sig20,leo_rain_weak,20,5,8-20,-0.20929309725761414
True,support_head_finetune,0,support_head_confidence_quantile,2,target_old_query,20-1,8-20|20-1|day0|eq1|sig21,leo_rain_weak,21,5,8-20,-0.16490308940410614
True,support_head_finetune,0,support_head_confidence_quantile,5,target_old_query,20-1,8-20|20-1|day0|eq1|sig22,leo_rain_weak,22,5,8-20,-0.20929309725761414
True,support_head_finetune,0,support_head_confidence_quantile,5,target_old_query,20-1,8-20|20-1|day0|eq1|sig23,leo_rain_weak,23,5,8-20,-0.20929309725761414
True,support_head_finetune,0,support_head_confidence_quantile,5,target_old_query,20-1,8-20|20-1|day0|eq1|sig24,leo_rain_weak,24,5,8-20,-0.20929309725761414
True,support_head_finetune,0,support_head_confidence_quantile,5,target_new_query,20-1,1-16|20-1|day0|eq1|sig5,leo_rain_weak,5,6,1-16,-0.20929309725761414
True,support_head_finetune,0,support_head_confidence_quantile,2,target_new_query,20-1,1-16|20-1|day0|eq1|sig6,leo_rain_weak,6,6,1-16,-0.15662126243114471
True,support_head_finetune,0,support_head_confidence_quantile,5,target_new_query,20-1,1-16|20-1|day0|eq1|sig7,leo_rain_weak,7,6,1-16,-0.20929309725761414
True,support_head_finetune,0,support_head_confidence_quantile,0,target_new_query,20-1,1-16|20-1|day0|eq1|sig8,leo_rain_weak,8,6,1-16,-0.20893260836601257
True,support_head_finetune,0,support_head_confidence_quantile,3,target_new_query,20-1,1-16|20-1|day0|eq1|sig9,leo_rain_weak,9,6,1-16,-0.234796404838562
True,support_head_finetune,0,support_head_confidence_quantile,0,target_new_query,20-1,1-16|20-1|day0|eq1|sig10,leo_rain_weak,10,6,1-16,-0.15938511490821838
True,support_head_finetune,0,support_head_confidence_quantile,3,target_new_query,20-1,1-16|20-1|day0|eq1|sig11,leo_rain_weak,11,6,1-16,-0.35186582803726196
True,support_head_finetune,0,support_head_confidence_quantile,5,target_new_query,20-1,1-16|20-1|day0|eq1|sig12,leo_rain_weak,12,6,1-16,-0.20929309725761414
True,support_head_finetune,0,support_head_confidence_quantile,2,target_new_query,20-1,1-16|20-1|day0|eq1|sig13,leo_rain_weak,13,6,1-16,-0.1537303626537323
True,support_head_finetune,0,support_head_confidence_quantile,5,target_new_query,20-1,1-16|20-1|day0|eq1|sig14,leo_rain_weak,14,6,1-16,-0.20929309725761414
True,support_head_finetune,0,support_head_confidence_quantile,2,target_new_query,20-1,1-16|20-1|day0|eq1|sig15,leo_rain_weak,15,6,1-16,-0.16084115207195282
True,support_head_finetune,0,support_head_confidence_quantile,5,target_new_query,20-1,1-16|20-1|day0|eq1|sig16,leo_rain_weak,16,6,1-16,-0.20137226581573486
True,support_head_finetune,0,support_head_confidence_quantile,3,target_new_query,20-1,1-16|20-1|day0|eq1|sig17,leo_rain_weak,17,6,1-16,-0.17552116513252258
True,support_head_finetune,0,support_head_confidence_quantile,5,target_new_query,20-1,1-16|20-1|day0|eq1|sig18,leo_rain_weak,18,6,1-16,-0.20929309725761414
True,support_head_finetune,0,support_head_confidence_quantile,3,target_new_query,20-1,1-16|20-1|day0|eq1|sig19,leo_rain_weak,19,6,1-16,-0.2907111644744873
True,support_head_finetune,0,support_head_confidence_quantile,3,target_new_query,20-1,1-16|20-1|day0|eq1|sig20,leo_rain_weak,20,6,1-16,-0.22966018319129944
True,support_head_finetune,0,support_head_confidence_quantile,5,target_new_query,20-1,1-16|20-1|day0|eq1|sig21,leo_rain_weak,21,6,1-16,-0.20929309725761414
True,support_head_finetune,0,support_head_confidence_quantile,3,target_new_query,20-1,1-16|20-1|day0|eq1|sig22,leo_rain_weak,22,6,1-16,-0.32286351919174194
True,support_head_finetune,0,support_head_confidence_quantile,3,target_new_query,20-1,1-16|20-1|day0|eq1|sig23,leo_rain_weak,23,6,1-16,-0.23102658987045288
True,support_head_finetune,0,support_head_confidence_quantile,5,target_new_query,20-1,1-16|20-1|day0|eq1|sig24,leo_rain_weak,24,6,1-16,-0.20929309725761414
True,support_head_finetune,0,support_head_confidence_quantile,3,target_new_query,20-1,1-18|20-1|day0|eq1|sig5,leo_rain_weak,5,7,1-18,-0.22699865698814392
True,support_head_finetune,0,support_head_confidence_quantile,1,target_new_query,20-1,1-18|20-1|day0|eq1|sig6,leo_rain_weak,6,7,1-18,-0.15063723921775818
True,support_head_finetune,0,support_head_confidence_quantile,3,target_new_query,20-1,1-18|20-1|day0|eq1|sig7,leo_rain_weak,7,7,1-18,-0.23102137446403503
True,support_head_finetune,0,support_head_confidence_quantile,0,target_new_query,20-1,1-18|20-1|day0|eq1|sig8,leo_rain_weak,8,7,1-18,-0.2054707109928131
True,support_head_finetune,0,support_head_confidence_quantile,0,target_new_query,20-1,1-18|20-1|day0|eq1|sig9,leo_rain_weak,9,7,1-18,-0.2369166910648346
True,support_head_finetune,0,support_head_confidence_quantile,3,target_new_query,20-1,1-18|20-1|day0|eq1|sig10,leo_rain_weak,10,7,1-18,-0.16877976059913635
True,support_head_finetune,0,support_head_confidence_quantile,3,target_new_query,20-1,1-18|20-1|day0|eq1|sig11,leo_rain_weak,11,7,1-18,-0.20583973824977875
True,support_head_finetune,0,support_head_confidence_quantile,0,target_new_query,20-1,1-18|20-1|day0|eq1|sig12,leo_rain_weak,12,7,1-18,-0.16567382216453552
True,support_head_finetune,0,support_head_confidence_quantile,7,target_new_query,20-1,1-18|20-1|day0|eq1|sig13,leo_rain_weak,13,7,1-18,-0.1510045826435089
True,support_head_finetune,0,support_head_confidence_quantile,5,target_new_query,20-1,1-18|20-1|day0|eq1|sig14,leo_rain_weak,14,7,1-18,-0.20929309725761414
True,support_head_finetune,0,support_head_confidence_quantile,0,target_new_query,20-1,1-18|20-1|day0|eq1|sig15,leo_rain_weak,15,7,1-18,-0.17039348185062408
True,support_head_finetune,0,support_head_confidence_quantile,3,target_new_query,20-1,1-18|20-1|day0|eq1|sig16,leo_rain_weak,16,7,1-18,-0.26766133308410645
True,support_head_finetune,0,support_head_confidence_quantile,5,target_new_query,20-1,1-18|20-1|day0|eq1|sig17,leo_rain_weak,17,7,1-18,-0.20929309725761414
True,support_head_finetune,0,support_head_confidence_quantile,2,target_new_query,20-1,1-18|20-1|day0|eq1|sig18,leo_rain_weak,18,7,1-18,-0.1598062962293625
True,support_head_finetune,0,support_head_confidence_quantile,5,target_new_query,20-1,1-18|20-1|day0|eq1|sig19,leo_rain_weak,19,7,1-18,-0.20929309725761414
True,support_head_finetune,0,support_head_confidence_quantile,3,target_new_query,20-1,1-18|20-1|day0|eq1|sig20,leo_rain_weak,20,7,1-18,-0.31446748971939087
True,support_head_finetune,0,support_head_confidence_quantile,5,target_new_query,20-1,1-18|20-1|day0|eq1|sig21,leo_rain_weak,21,7,1-18,-0.20929309725761414
True,support_head_finetune,0,support_head_confidence_quantile,5,target_new_query,20-1,1-18|20-1|day0|eq1|sig22,leo_rain_weak,22,7,1-18,-0.20929309725761414
True,support_head_finetune,0,support_head_confidence_quantile,5,target_new_query,20-1,1-18|20-1|day0|eq1|sig23,leo_rain_weak,23,7,1-18,-0.20929309725761414
True,support_head_finetune,0,support_head_confidence_quantile,5,target_new_query,20-1,1-18|20-1|day0|eq1|sig24,leo_rain_weak,24,7,1-18,-0.20929309725761414
True,support_head_finetune,0,support_head_confidence_quantile,1,target_unknown_query,20-1,10-1|20-1|day0|eq1|sig0,leo_rain_weak,0,-1,10-1,-0.15083761513233185
True,support_head_finetune,0,support_head_confidence_quantile,5,target_unknown_query,20-1,10-1|20-1|day0|eq1|sig1,leo_rain_weak,1,-1,10-1,-0.20929309725761414
True,support_head_finetune,0,support_head_confidence_quantile,0,target_unknown_query,20-1,10-1|20-1|day0|eq1|sig2,leo_rain_weak,2,-1,10-1,-0.17122316360473633
True,support_head_finetune,0,support_head_confidence_quantile,2,target_unknown_query,20-1,10-1|20-1|day0|eq1|sig3,leo_rain_weak,3,-1,10-1,-0.15331536531448364
True,support_head_finetune,0,support_head_confidence_quantile,5,target_unknown_query,20-1,10-1|20-1|day0|eq1|sig4,leo_rain_weak,4,-1,10-1,-0.20929309725761414
True,support_head_finetune,0,support_head_confidence_quantile,1,target_unknown_query,20-1,10-1|20-1|day0|eq1|sig5,leo_rain_weak,5,-1,10-1,-0.14973950386047363
True,support_head_finetune,0,support_head_confidence_quantile,5,target_unknown_query,20-1,10-1|20-1|day0|eq1|sig6,leo_rain_weak,6,-1,10-1,-0.20929309725761414
True,support_head_finetune,0,support_head_confidence_quantile,0,target_unknown_query,20-1,10-1|20-1|day0|eq1|sig7,leo_rain_weak,7,-1,10-1,-0.1764945536851883
True,support_head_finetune,0,support_head_confidence_quantile,5,target_unknown_query,20-1,10-1|20-1|day0|eq1|sig8,leo_rain_weak,8,-1,10-1,-0.20929309725761414
True,support_head_finetune,0,support_head_confidence_quantile,5,target_unknown_query,20-1,10-1|20-1|day0|eq1|sig9,leo_rain_weak,9,-1,10-1,-0.20929309725761414
True,support_head_finetune,0,support_head_confidence_quantile,5,target_unknown_query,20-1,10-1|20-1|day0|eq1|sig10,leo_rain_weak,10,-1,10-1,-0.20929309725761414
True,support_head_finetune,0,support_head_confidence_quantile,5,target_unknown_query,20-1,10-1|20-1|day0|eq1|sig11,leo_rain_weak,11,-1,10-1,-0.20929309725761414
True,support_head_finetune,0,support_head_confidence_quantile,5,target_unknown_query,20-1,10-1|20-1|day0|eq1|sig12,leo_rain_weak,12,-1,10-1,-0.20929309725761414
True,support_head_finetune,0,support_head_confidence_quantile,2,target_unknown_query,20-1,10-1|20-1|day0|eq1|sig13,leo_rain_weak,13,-1,10-1,-0.1586398482322693
True,support_head_finetune,0,support_head_confidence_quantile,5,target_unknown_query,20-1,10-1|20-1|day0|eq1|sig14,leo_rain_weak,14,-1,10-1,-0.20929309725761414
True,support_head_finetune,0,support_head_confidence_quantile,2,target_unknown_query,20-1,10-1|20-1|day0|eq1|sig15,leo_rain_weak,15,-1,10-1,-0.16332010924816132
True,support_head_finetune,0,support_head_confidence_quantile,1,target_unknown_query,20-1,10-1|20-1|day0|eq1|sig16,leo_rain_weak,16,-1,10-1,-0.1526670902967453
True,support_head_finetune,0,support_head_confidence_quantile,5,target_unknown_query,20-1,10-1|20-1|day0|eq1|sig17,leo_rain_weak,17,-1,10-1,-0.20929309725761414
True,support_head_finetune,0,support_head_confidence_quantile,5,target_unknown_query,20-1,10-1|20-1|day0|eq1|sig18,leo_rain_weak,18,-1,10-1,-0.20929309725761414
True,support_head_finetune,0,support_head_confidence_quantile,2,target_unknown_query,20-1,10-1|20-1|day0|eq1|sig19,leo_rain_weak,19,-1,10-1,-0.1544293612241745
True,support_head_finetune,0,support_head_confidence_quantile,0,target_unknown_query,20-1,10-10|20-1|day0|eq1|sig0,leo_rain_weak,0,-1,10-10,-0.18541628122329712
True,support_head_finetune,0,support_head_confidence_quantile,5,target_unknown_query,20-1,10-10|20-1|day0|eq1|sig1,leo_rain_weak,1,-1,10-10,-0.20929309725761414
True,support_head_finetune,0,support_head_confidence_quantile,5,target_unknown_query,20-1,10-10|20-1|day0|eq1|sig2,leo_rain_weak,2,-1,10-10,-0.20929309725761414
True,support_head_finetune,0,support_head_confidence_quantile,5,target_unknown_query,20-1,10-10|20-1|day0|eq1|sig3,leo_rain_weak,3,-1,10-10,-0.20929309725761414
True,support_head_finetune,0,support_head_confidence_quantile,5,target_unknown_query,20-1,10-10|20-1|day0|eq1|sig4,leo_rain_weak,4,-1,10-10,-0.20929309725761414
True,support_head_finetune,0,support_head_confidence_quantile,3,target_unknown_query,20-1,10-10|20-1|day0|eq1|sig5,leo_rain_weak,5,-1,10-10,-0.1867590695619583
True,support_head_finetune,0,support_head_confidence_quantile,3,target_unknown_query,20-1,10-10|20-1|day0|eq1|sig6,leo_rain_weak,6,-1,10-10,-0.3049805462360382
True,support_head_finetune,0,support_head_confidence_quantile,3,target_unknown_query,20-1,10-10|20-1|day0|eq1|sig7,leo_rain_weak,7,-1,10-10,-0.1864488124847412
True,support_head_finetune,0,support_head_confidence_quantile,2,target_unknown_query,20-1,10-10|20-1|day0|eq1|sig8,leo_rain_weak,8,-1,10-10,-0.15435507893562317
True,support_head_finetune,0,support_head_confidence_quantile,5,target_unknown_query,20-1,10-10|20-1|day0|eq1|sig9,leo_rain_weak,9,-1,10-10,-0.20929309725761414
True,support_head_finetune,0,support_head_confidence_quantile,2,target_unknown_query,20-1,10-10|20-1|day0|eq1|sig10,leo_rain_weak,10,-1,10-10,-0.15785731375217438
True,support_head_finetune,0,support_head_confidence_quantile,0,target_unknown_query,20-1,10-10|20-1|day0|eq1|sig11,leo_rain_weak,11,-1,10-10,-0.18204444646835327
True,support_head_finetune,0,support_head_confidence_quantile,3,target_unknown_query,20-1,10-10|20-1|day0|eq1|sig12,leo_rain_weak,12,-1,10-10,-0.19168545305728912
True,support_head_finetune,0,support_head_confidence_quantile,3,target_unknown_query,20-1,10-10|20-1|day0|eq1|sig13,leo_rain_weak,13,-1,10-10,-0.23454974591732025
True,support_head_finetune,0,support_head_confidence_quantile,2,target_unknown_query,20-1,10-10|20-1|day0|eq1|sig14,leo_rain_weak,14,-1,10-10,-0.15479589998722076
True,support_head_finetune,0,support_head_confidence_quantile,0,target_unknown_query,20-1,10-10|20-1|day0|eq1|sig15,leo_rain_weak,15,-1,10-10,-0.22793401777744293
True,support_head_finetune,0,support_head_confidence_quantile,5,target_unknown_query,20-1,10-10|20-1|day0|eq1|sig16,leo_rain_weak,16,-1,10-10,-0.20929309725761414
True,support_head_finetune,0,support_head_confidence_quantile,3,target_unknown_query,20-1,10-10|20-1|day0|eq1|sig17,leo_rain_weak,17,-1,10-10,-0.41670718789100647
True,support_head_finetune,0,support_head_confidence_quantile,3,target_unknown_query,20-1,10-10|20-1|day0|eq1|sig18,leo_rain_weak,18,-1,10-10,-0.23552608489990234
True,support_head_finetune,0,support_head_confidence_quantile,3,target_unknown_query,20-1,10-10|20-1|day0|eq1|sig19,leo_rain_weak,19,-1,10-10,-0.25173836946487427
