run_id,candidate,diagnostic_status,successful_rows,expected_rows,row_coverage,scene_slices,arm,old_before,old_after,old_gain,seen_new,h,ba,floor,min_old,min_new,forgetting,old_to_new,new_to_old,mean_i_syn,positive_i_syn_slices,zero_i_syn_slices,negative_i_syn_slices
adv3b02_ts_drqknn_bcrr_r2_affine_bcr2_full125_posixfix1_ab04f624_20260723_223533,ADV3B02-TS-DRQKNN-BCRR/r2-affine-bcr2,PARTIAL_MATRIX_DIAGNOSTIC,8,125,0.064,24,M0,0.6555555555555556,0.32708333333333334,-0.3284722222222222,0.155625,0.21006937493497246,0.1951923076923077,0.010416666666666666,0.05416666666666667,0.010416666666666666,0.3284722222222222,0.5277777777777778,0.17958333333333332,0.0,0,24,0
adv3b02_ts_drqknn_bcrr_r2_affine_bcr2_full125_posixfix1_ab04f624_20260723_223533,ADV3B02-TS-DRQKNN-BCRR/r2-affine-bcr2,PARTIAL_MATRIX_DIAGNOSTIC,8,125,0.064,24,M_DA,0.6555555555555556,0.32395833333333335,-0.3315972222222222,0.1565625,0.21011275385023437,0.1951923076923077,0.00625,0.058333333333333334,0.00625,0.3315972222222222,0.5295138888888888,0.1790625,0.0,0,24,0
adv3b02_ts_drqknn_bcrr_r2_affine_bcr2_full125_posixfix1_ab04f624_20260723_223533,ADV3B02-TS-DRQKNN-BCRR/r2-affine-bcr2,PARTIAL_MATRIX_DIAGNOSTIC,8,125,0.064,24,M_OTHER,0.6555555555555556,0.32708333333333334,-0.3284722222222222,0.155625,0.21006937493497246,0.1951923076923077,0.010416666666666666,0.05416666666666667,0.010416666666666666,0.3284722222222222,0.5277777777777778,0.17958333333333332,0.0,0,24,0
adv3b02_ts_drqknn_bcrr_r2_affine_bcr2_full125_posixfix1_ab04f624_20260723_223533,ADV3B02-TS-DRQKNN-BCRR/r2-affine-bcr2,PARTIAL_MATRIX_DIAGNOSTIC,8,125,0.064,24,M_JOINT,0.6555555555555556,0.32395833333333335,-0.3315972222222222,0.1565625,0.21011275385023437,0.1951923076923077,0.00625,0.058333333333333334,0.00625,0.3315972222222222,0.5295138888888888,0.1790625,0.0,0,24,0
adv3b02_ts_drqknn_bcrr_r2_affine_bcr2_zidtotal1_bindfix1_full125_00b81000_20260724_005555,ADV3B02-TS-DRQKNN-BCRR/r2-affine-bcr2-zidtotal1-bindfix1,PARTIAL_MATRIX_DIAGNOSTIC,29,125,0.232,87,M0,0.7299808429118774,0.414272030651341,-0.3157088122605364,0.19548850574712642,0.2580339961903422,0.24827309902740938,0.010919540229885057,0.08333333333333333,0.011494252873563218,0.3157088122605364,0.4622605363984674,0.2439080459770115,0.0,0,87,0
adv3b02_ts_drqknn_bcrr_r2_affine_bcr2_zidtotal1_bindfix1_full125_00b81000_20260724_005555,ADV3B02-TS-DRQKNN-BCRR/r2-affine-bcr2-zidtotal1-bindfix1,PARTIAL_MATRIX_DIAGNOSTIC,29,125,0.232,87,M_DA,0.7306513409961686,0.41475095785440613,-0.31590038314176244,0.1961206896551724,0.2585718033955668,0.248875442086649,0.009195402298850575,0.08505747126436781,0.009770114942528735,0.31590038314176244,0.4620689655172414,0.24367816091954023,0.0,0,87,0
adv3b02_ts_drqknn_bcrr_r2_affine_bcr2_zidtotal1_bindfix1_full125_00b81000_20260724_005555,ADV3B02-TS-DRQKNN-BCRR/r2-affine-bcr2-zidtotal1-bindfix1,PARTIAL_MATRIX_DIAGNOSTIC,29,125,0.232,87,M_OTHER,0.7351532567049808,0.414272030651341,-0.32088122605363983,0.19548850574712642,0.2580339961903422,0.24827309902740938,0.010919540229885057,0.08333333333333333,0.011494252873563218,0.32088122605363983,0.4622605363984674,0.2439080459770115,0.0,0,87,0
adv3b02_ts_drqknn_bcrr_r2_affine_bcr2_zidtotal1_bindfix1_full125_00b81000_20260724_005555,ADV3B02-TS-DRQKNN-BCRR/r2-affine-bcr2-zidtotal1-bindfix1,PARTIAL_MATRIX_DIAGNOSTIC,29,125,0.232,87,M_JOINT,0.7349616858237549,0.41475095785440613,-0.3202107279693487,0.1961206896551724,0.2585718033955668,0.248875442086649,0.009195402298850575,0.08505747126436781,0.009770114942528735,0.3202107279693487,0.4620689655172414,0.24367816091954023,0.0,0,87,0
adv3b02_ts_drqknn_bcrr_r2_affine_bcr2_zidtotal1_full125_21ffdabf_20260723_234716,ADV3B02-TS-DRQKNN-BCRR/r2-affine-bcr2-zidtotal1,PARTIAL_MATRIX_DIAGNOSTIC,6,125,0.048,18,M0,0.6458333333333334,0.31666666666666665,-0.32916666666666666,0.1525,0.2049092303052186,0.19038461538461537,0.016666666666666666,0.05833333333333334,0.016666666666666666,0.32916666666666666,0.5398148148148149,0.19069444444444442,0.0,0,18,0
adv3b02_ts_drqknn_bcrr_r2_affine_bcr2_zidtotal1_full125_21ffdabf_20260723_234716,ADV3B02-TS-DRQKNN-BCRR/r2-affine-bcr2-zidtotal1,PARTIAL_MATRIX_DIAGNOSTIC,6,125,0.048,18,M_DA,0.6458333333333334,0.3125,-0.3333333333333333,0.1534722222222222,0.20483788894955693,0.19017094017094016,0.011111111111111112,0.0638888888888889,0.011111111111111112,0.3333333333333333,0.5416666666666666,0.1909722222222222,0.0,0,18,0
adv3b02_ts_drqknn_bcrr_r2_affine_bcr2_zidtotal1_full125_21ffdabf_20260723_234716,ADV3B02-TS-DRQKNN-BCRR/r2-affine-bcr2-zidtotal1,PARTIAL_MATRIX_DIAGNOSTIC,6,125,0.048,18,M_OTHER,0.6458333333333334,0.31666666666666665,-0.32916666666666666,0.1525,0.2049092303052186,0.19038461538461537,0.016666666666666666,0.05833333333333334,0.016666666666666666,0.32916666666666666,0.5398148148148149,0.19069444444444442,0.0,0,18,0
adv3b02_ts_drqknn_bcrr_r2_affine_bcr2_zidtotal1_full125_21ffdabf_20260723_234716,ADV3B02-TS-DRQKNN-BCRR/r2-affine-bcr2-zidtotal1,PARTIAL_MATRIX_DIAGNOSTIC,6,125,0.048,18,M_JOINT,0.6458333333333334,0.3125,-0.3333333333333333,0.1534722222222222,0.20483788894955693,0.19017094017094016,0.011111111111111112,0.0638888888888889,0.011111111111111112,0.3333333333333333,0.5416666666666666,0.1909722222222222,0.0,0,18,0
adv3b02_ts_drqknn_bcrr_r3_q2f32_bcr2_zidtotal1_full125_aa22820c_20260724_023120,ADV3B02-TS-DRQKNN-BCRR/r3-q2f32-bcr2-zidtotal1,PARTIAL_MATRIX_DIAGNOSTIC,24,125,0.192,72,M0,0.7385416666666668,0.4217592592592592,-0.3167824074074074,0.18152777777777776,0.2481451607720324,0.2375801282051282,0.010416666666666666,0.08958333333333333,0.010416666666666666,0.3167824074074074,0.459837962962963,0.2438888888888889,0.0,0,72,0
adv3b02_ts_drqknn_bcrr_r3_q2f32_bcr2_zidtotal1_full125_aa22820c_20260724_023120,ADV3B02-TS-DRQKNN-BCRR/r3-q2f32-bcr2-zidtotal1,PARTIAL_MATRIX_DIAGNOSTIC,24,125,0.192,72,M_DA,0.7398148148148148,0.4221064814814815,-0.3177083333333333,0.18208333333333335,0.24869962244250518,0.23810096153846153,0.008333333333333333,0.09097222222222222,0.008333333333333333,0.3177083333333333,0.4607638888888889,0.24364583333333334,0.0,0,72,0
adv3b02_ts_drqknn_bcrr_r3_q2f32_bcr2_zidtotal1_full125_aa22820c_20260724_023120,ADV3B02-TS-DRQKNN-BCRR/r3-q2f32-bcr2-zidtotal1,PARTIAL_MATRIX_DIAGNOSTIC,24,125,0.192,72,M_OTHER,0.7439814814814815,0.4217592592592592,-0.3222222222222222,0.18152777777777776,0.2481451607720324,0.2375801282051282,0.010416666666666666,0.08958333333333333,0.010416666666666666,0.3222222222222222,0.459837962962963,0.2438888888888889,0.0,0,72,0
adv3b02_ts_drqknn_bcrr_r3_q2f32_bcr2_zidtotal1_full125_aa22820c_20260724_023120,ADV3B02-TS-DRQKNN-BCRR/r3-q2f32-bcr2-zidtotal1,PARTIAL_MATRIX_DIAGNOSTIC,24,125,0.192,72,M_JOINT,0.7439814814814815,0.4221064814814815,-0.32187499999999997,0.18208333333333335,0.24869962244250518,0.23810096153846153,0.008333333333333333,0.09097222222222222,0.008333333333333333,0.32187499999999997,0.4607638888888889,0.24364583333333334,0.0,0,72,0
adv3b02_ts_drqknn_bcrr_r4_q2f32_bcr3_zidtotal1_procbindfix1_full125_467b8aa5_20260724_035813,ADV3B02-TS-DRQKNN-BCRR/r4-q2f32-bcr3-zidtotal1,PARTIAL_MATRIX_DIAGNOSTIC,35,125,0.28,105,M0,0.7178571428571429,0.41111111111111115,-0.3067460317460317,0.19816666666666666,0.2607555523025649,0.25286401098901096,0.018095238095238095,0.08857142857142858,0.018571428571428572,0.3067460317460317,0.45880952380952383,0.2604761904761905,0.0,0,105,0
adv3b02_ts_drqknn_bcrr_r4_q2f32_bcr3_zidtotal1_procbindfix1_full125_467b8aa5_20260724_035813,ADV3B02-TS-DRQKNN-BCRR/r4-q2f32-bcr3-zidtotal1,PARTIAL_MATRIX_DIAGNOSTIC,35,125,0.28,105,M_DA,0.7184920634920635,0.41182539682539687,-0.30666666666666664,0.19797619047619047,0.26073752101746367,0.25309294871794874,0.016666666666666666,0.08952380952380952,0.017142857142857144,0.30666666666666664,0.45865079365079364,0.26076190476190475,0.0,0,105,0
adv3b02_ts_drqknn_bcrr_r4_q2f32_bcr3_zidtotal1_procbindfix1_full125_467b8aa5_20260724_035813,ADV3B02-TS-DRQKNN-BCRR/r4-q2f32-bcr3-zidtotal1,PARTIAL_MATRIX_DIAGNOSTIC,35,125,0.28,105,M_OTHER,0.7238095238095238,0.41111111111111115,-0.3126984126984127,0.19816666666666666,0.2607555523025649,0.25286401098901096,0.018095238095238095,0.08857142857142858,0.018571428571428572,0.3126984126984127,0.45880952380952383,0.2604761904761905,0.0,0,105,0
adv3b02_ts_drqknn_bcrr_r4_q2f32_bcr3_zidtotal1_procbindfix1_full125_467b8aa5_20260724_035813,ADV3B02-TS-DRQKNN-BCRR/r4-q2f32-bcr3-zidtotal1,PARTIAL_MATRIX_DIAGNOSTIC,35,125,0.28,105,M_JOINT,0.7232539682539683,0.41182539682539687,-0.3114285714285714,0.19797619047619047,0.26073752101746367,0.25309294871794874,0.016666666666666666,0.08952380952380952,0.017142857142857144,0.3114285714285714,0.45865079365079364,0.26076190476190475,0.0,0,105,0
adv3b02_ts_drqknn_bcrr_r5_q2f32_bcr3_zidtotal1_qzero1_full125_1b2359b4_20260724_050526,ADV3B02-TS-DRQKNN-BCRR/r5-q2f32-bcr3-zidtotal1-qzero1,PARTIAL_MATRIX_DIAGNOSTIC,49,125,0.392,147,M0,0.7423469387755102,0.4431972789115647,-0.2991496598639456,0.22993197278911567,0.2942928935886052,0.29085438371152655,0.019727891156462587,0.10442176870748299,0.02142857142857143,0.2991496598639456,0.43452380952380953,0.2779761904761905,0.0,0,147,0
adv3b02_ts_drqknn_bcrr_r5_q2f32_bcr3_zidtotal1_qzero1_full125_1b2359b4_20260724_050526,ADV3B02-TS-DRQKNN-BCRR/r5-q2f32-bcr3-zidtotal1-qzero1,PARTIAL_MATRIX_DIAGNOSTIC,49,125,0.392,147,M_DA,0.7435374149659864,0.4444444444444445,-0.29909297052154193,0.2295748299319728,0.2943250380777442,0.29113223086437373,0.01904761904761905,0.10476190476190475,0.02074829931972789,0.29909297052154193,0.43441043083900227,0.2778061224489796,0.0,0,147,0
adv3b02_ts_drqknn_bcrr_r5_q2f32_bcr3_zidtotal1_qzero1_full125_1b2359b4_20260724_050526,ADV3B02-TS-DRQKNN-BCRR/r5-q2f32-bcr3-zidtotal1-qzero1,PARTIAL_MATRIX_DIAGNOSTIC,49,125,0.392,147,M_OTHER,0.7493764172335601,0.4431972789115647,-0.30617913832199545,0.22993197278911567,0.2942928935886052,0.29085438371152655,0.019727891156462587,0.10442176870748299,0.02142857142857143,0.30617913832199545,0.43452380952380953,0.2779761904761905,0.0,0,147,0
adv3b02_ts_drqknn_bcrr_r5_q2f32_bcr3_zidtotal1_qzero1_full125_1b2359b4_20260724_050526,ADV3B02-TS-DRQKNN-BCRR/r5-q2f32-bcr3-zidtotal1-qzero1,PARTIAL_MATRIX_DIAGNOSTIC,49,125,0.392,147,M_JOINT,0.7492063492063492,0.4444444444444445,-0.3047619047619048,0.2295748299319728,0.2943250380777442,0.29113223086437373,0.01904761904761905,0.10476190476190475,0.02074829931972789,0.3047619047619048,0.43441043083900227,0.2778061224489796,0.0,0,147,0
adv3b02_ts_drqknn_bcrr_r6_matchedaudit1_prepfix1_full125_a526d6b5_20260724_064819,ADV3B02-TS-DRQKNN-BCRR/r6-matchedaudit1,PARTIAL_MATRIX_DIAGNOSTIC,124,125,0.992,372,M0,0.7260976702508961,0.43082437275985663,-0.2952732974910394,0.23538306451612903,0.2931766336479922,0.2923168565305662,0.023118279569892472,0.11223118279569892,0.026344086021505377,0.2952732974910394,0.44045698924731186,0.2931989247311828,0.0,0,372,0
adv3b02_ts_drqknn_bcrr_r6_matchedaudit1_prepfix1_full125_a526d6b5_20260724_064819,ADV3B02-TS-DRQKNN-BCRR/r6-matchedaudit1,PARTIAL_MATRIX_DIAGNOSTIC,124,125,0.992,372,M_DA,0.7266801075268817,0.4312275985663082,-0.2954525089605735,0.23491263440860216,0.2929087317341989,0.29230916093315285,0.0228494623655914,0.11249999999999999,0.025940860215053766,0.2954525089605735,0.44065860215053765,0.2933266129032258,0.0,0,372,0
adv3b02_ts_drqknn_bcrr_r6_matchedaudit1_prepfix1_full125_a526d6b5_20260724_064819,ADV3B02-TS-DRQKNN-BCRR/r6-matchedaudit1,PARTIAL_MATRIX_DIAGNOSTIC,124,125,0.992,372,M_OTHER,0.7314292114695341,0.43082437275985663,-0.3006048387096774,0.23538306451612903,0.2931766336479922,0.2923168565305662,0.023118279569892472,0.11223118279569892,0.026344086021505377,0.3006048387096774,0.44045698924731186,0.2931989247311828,0.0,0,372,0
adv3b02_ts_drqknn_bcrr_r6_matchedaudit1_prepfix1_full125_a526d6b5_20260724_064819,ADV3B02-TS-DRQKNN-BCRR/r6-matchedaudit1,PARTIAL_MATRIX_DIAGNOSTIC,124,125,0.992,372,M_JOINT,0.7311379928315412,0.4312275985663082,-0.29991039426523297,0.23491263440860216,0.2929087317341989,0.29230916093315285,0.0228494623655914,0.11249999999999999,0.025940860215053766,0.29991039426523297,0.44065860215053765,0.2933266129032258,0.0,0,372,0
adv3b02_ts_drqknn_bcrr_r7_q3support1_full125_7613bf19_20260724_081350,,NO_PERFORMANCE_ROWS,0,125,0.0,0,M0,,,,,,,,,,,,,,0,0,0
adv3b02_ts_drqknn_bcrr_r7_q3support1_full125_7613bf19_20260724_081350,,NO_PERFORMANCE_ROWS,0,125,0.0,0,M_DA,,,,,,,,,,,,,,0,0,0
adv3b02_ts_drqknn_bcrr_r7_q3support1_full125_7613bf19_20260724_081350,,NO_PERFORMANCE_ROWS,0,125,0.0,0,M_OTHER,,,,,,,,,,,,,,0,0,0
adv3b02_ts_drqknn_bcrr_r7_q3support1_full125_7613bf19_20260724_081350,,NO_PERFORMANCE_ROWS,0,125,0.0,0,M_JOINT,,,,,,,,,,,,,,0,0,0
adv3b02_ts_drqknn_bcrr_r8_bcrmaskidentity1_artifactsfresh1_full125_0dbfcfe4_20260724_090452,ADV3B02-TS-DRQKNN-BCRR/r8-bcrmaskidentity1,COMPLETE_MATRIX_PERFORMANCE,125,125,1.0,375,M0,0.7259555555555555,0.43022222222222223,-0.29573333333333335,0.23486,0.2926713897120007,0.2916808857808858,0.022933333333333333,0.11173333333333334,0.02613333333333333,0.29573333333333335,0.44102222222222226,0.29228000000000004,0.0,0,375,0
adv3b02_ts_drqknn_bcrr_r8_bcrmaskidentity1_artifactsfresh1_full125_0dbfcfe4_20260724_090452,ADV3B02-TS-DRQKNN-BCRR/r8-bcrmaskidentity1,COMPLETE_MATRIX_PERFORMANCE,125,125,1.0,375,M_DA,0.7265555555555555,0.43060000000000004,-0.2959555555555556,0.2344,0.2924070180253297,0.29167325174825176,0.02266666666666667,0.112,0.025733333333333334,0.2959555555555556,0.44126666666666664,0.2924066666666667,0.0,0,375,0
adv3b02_ts_drqknn_bcrr_r8_bcrmaskidentity1_artifactsfresh1_full125_0dbfcfe4_20260724_090452,ADV3B02-TS-DRQKNN-BCRR/r8-bcrmaskidentity1,COMPLETE_MATRIX_PERFORMANCE,125,125,1.0,375,M_OTHER,0.7312444444444444,0.43022222222222223,-0.30102222222222225,0.23486,0.2926713897120007,0.2916808857808858,0.022933333333333333,0.11173333333333334,0.02613333333333333,0.30102222222222225,0.44102222222222226,0.29228000000000004,0.0,0,375,0
adv3b02_ts_drqknn_bcrr_r8_bcrmaskidentity1_artifactsfresh1_full125_0dbfcfe4_20260724_090452,ADV3B02-TS-DRQKNN-BCRR/r8-bcrmaskidentity1,COMPLETE_MATRIX_PERFORMANCE,125,125,1.0,375,M_JOINT,0.7310444444444445,0.43060000000000004,-0.30044444444444446,0.2344,0.2924070180253297,0.29167325174825176,0.02266666666666667,0.112,0.025733333333333334,0.30044444444444446,0.44126666666666664,0.2924066666666667,0.0,0,375,0
