rung,gpu,epoch,train_loss,train_tx_acc,val_tx_acc,val_dom_acc,epoch_time_s,skipped_backward_batches_so_far,diag_sat_cls_active
R1,0,1,20.322380512318713,0.0,24.42962962962963,10.133333333333333,340.7498488910496,2,False
R1,0,10,8.353008026979408,65.33801020408163,91.54074074074074,42.49629629629629,337.6997573231347,3,False
R1,0,20,9.180350362038126,60.076530612244895,94.4037037037037,51.8,444.00566922919825,4,False
R1,0,40,6.726485023693162,76.61033163265306,96.03333333333333,62.818518518518516,342.2598585658707,4,False
R1,0,41,7.059057673629449,74.01147959183673,96.1962962962963,62.7037037037037,342.4926206199452,4,False
R1,0,60,6.991471191247304,75.048828125,97.10740740740741,70.22222222222223,390.34564566612244,8,False
R1,0,79,6.792284104288841,74.04336734693878,97.5111111111111,73.85185185185185,437.72484840173274,12,False
R1,0,80,10.46784308491921,75.01594387755102,97.50740740740741,73.72962962962963,432.9723439561203,12,True
R1,0,90,9.383280866000117,79.70344387755102,97.57037037037037,75.35555555555555,349.0507329958491,15,True
R1,0,91,10.298962210615477,80.615234375,97.65185185185184,75.02222222222223,343.9311644430272,16,True
R1,0,100,10.68117963537878,78.68303571428571,97.37777777777778,76.5925925925926,343.1098628458567,16,True
R1,0,120,9.032595298728165,82.31823979591837,97.81111111111112,78.0111111111111,349.6139306342229,22,True
R1,0,140,8.852417717174609,81.58482142857143,97.64074074074074,79.02592592592593,356.21913888910785,27,True
R1,0,160,8.292201178414482,89.1422193877551,97.68888888888888,78.68518518518519,388.0537210861221,30,True
R1,0,180,9.973463019546198,78.02933673469387,97.88888888888889,77.85185185185185,371.97278482373804,31,True
R1,0,200,9.089193529012253,85.49107142857143,97.87407407407407,77.38888888888889,4672.384353652131,31,True
R2,1,1,20.324595471645925,0.0,25.79259259259259,9.981481481481481,363.3247821540572,2,False
R2,1,10,8.284855103006167,65.52933673469387,92.3037037037037,42.84074074074074,366.44009503675625,3,False
R2,1,20,8.901789100802674,61.766581632653065,94.16296296296296,51.95185185185185,511.52208977798,4,False
R2,1,40,6.655512566469153,77.1045918367347,95.97037037037038,62.648148148148145,370.8772944668308,4,False
R2,1,41,7.030006189735568,74.20280612244898,95.89259259259259,62.507407407407406,373.28216276783496,4,False
R2,1,60,6.914621606165049,75.52614795918367,97.06666666666666,69.88888888888889,417.02336865197867,5,False
R2,1,79,6.754971961585843,74.61734693877551,97.48518518518519,74.03703703703704,466.812032177113,7,False
R2,1,80,10.439674328784553,75.19132653061224,97.44074074074074,73.62222222222222,465.6447193240747,7,True
R2,1,90,9.354560949364487,80.08609693877551,97.66296296296296,75.14814814814815,344.2696537533775,7,True
R2,1,91,10.410344634737287,79.46428571428571,97.78888888888889,74.71481481481482,345.64937687432393,7,True
R2,1,100,10.68336862933879,78.45982142857143,97.64444444444445,76.11851851851851,342.01553306076676,8,True
R2,1,120,8.937677303949991,82.97526041666667,97.87777777777778,77.65185185185184,345.14498716499656,15,True
R2,1,140,8.86883913477262,81.80338541666667,97.93333333333334,79.22592592592592,295.4543110160157,25,True
R2,1,160,8.148978364710905,89.22193877551021,97.82962962962964,79.75925925925925,293.7370729180984,27,True
R2,1,180,9.818577902657646,78.33227040816327,97.89259259259259,79.83703703703704,381.5097511932254,28,True
R2,1,200,8.89643474987575,85.98533163265306,97.93703703703704,79.85925925925926,3902.547633419279,29,True
R3,2,1,20.323188173009996,0.0,25.348148148148148,11.248148148148148,368.2514559170231,2,False
R3,2,10,8.255071610820536,65.41772959183673,91.87037037037037,42.72962962962963,379.0478800898418,3,False
R3,2,20,9.113736454321414,60.15625,94.47037037037038,52.196296296296296,499.44485147530213,4,False
R3,2,40,6.754547333230778,76.69005102040816,96.0962962962963,62.24444444444445,379.59201106475666,4,False
R3,2,41,7.254435675484793,73.83609693877551,96.5037037037037,63.01111111111111,997.9111796789803,4,False
R3,2,60,6.787176301081975,76.513671875,97.26296296296296,69.49259259259259,805.7121129757725,8,False
R3,2,79,6.7960657294915645,74.42602040816327,97.25555555555556,73.8962962962963,834.3764348761179,8,False
R3,2,80,10.467982277578237,75.44642857142857,97.47407407407407,73.58888888888889,834.2388424649835,8,True
R3,2,90,9.334216395202947,80.42091836734694,97.6037037037037,75.76666666666667,575.5463918438181,11,True
R3,2,91,10.381976628790097,79.73533163265306,97.58518518518518,75.10740740740741,576.5146255036816,11,True
R3,2,100,10.629364743524668,78.60331632653062,97.52592592592593,75.8962962962963,572.5129050617106,14,True
R3,2,120,9.172842695357952,81.64893617021276,97.92222222222222,78.13703703703703,847.3605293901637,20,True
R3,2,122,9.588056380550066,81.103515625,97.89259259259259,77.84444444444445,835.7978893727995,21,True
R4,3,1,20.323480971316073,0.0,25.603703703703705,11.225925925925926,366.2112762411125,2,False
R4,3,10,8.355850112681486,64.70025510204081,91.68518518518519,41.9,382.58842981699854,3,False
R4,3,20,9.310229963185837,59.02423469387755,94.4,50.2962962962963,507.58057490130886,4,False
R4,3,40,6.6861141798447585,77.12053571428571,95.97407407407407,62.55185185185185,381.3553475709632,4,False
R4,3,41,7.446564421361806,73.80420918367346,96.03703703703704,62.37407407407407,1029.426129475236,4,False
R4,3,60,7.094638936373652,75.65369897959184,96.9962962962963,69.41851851851852,850.9704946870916,6,False
R4,3,79,6.891287969083202,74.17091836734694,97.58518518518518,74.2,845.2440521270037,11,False
R4,3,80,10.507029985894961,75.44642857142857,97.47407407407407,72.49259259259259,869.3869683262892,11,True
R4,3,90,9.389048002204117,79.87882653061224,97.68888888888888,75.87777777777778,623.6969747589901,14,True
R4,3,91,10.488148222164233,79.59183673469387,97.81481481481481,76.13333333333334,623.9076808108948,14,True
R4,3,100,10.619676677548156,78.57142857142857,97.62962962962963,74.88148148148149,620.7180413943715,18,True
R4,3,113,8.835047940818631,85.66645408163265,97.83703703703704,78.06666666666666,878.8224193612114,22,True
R5,4,1,20.32323484217867,0.0,25.31111111111111,10.27037037037037,382.31619931105524,2,False
R5,4,10,8.337603617687614,64.97130102040816,91.80740740740741,42.19259259259259,378.2830775999464,3,False
R5,4,20,9.179433744780871,60.172193877551024,94.17407407407407,51.68518518518518,513.2568638250232,4,False
R5,4,40,6.689674542874706,76.72193877551021,95.95555555555555,61.181481481481484,377.93752790102735,4,False
R5,4,41,7.372051929940983,74.55357142857143,96.11111111111111,63.06666666666667,1072.5890421699733,4,False
R5,4,60,7.017651577385104,75.09566326530613,97.25925925925925,69.68518518518519,901.2121926951222,6,False
R5,4,79,6.803815622718966,74.37818877551021,97.0,73.61111111111111,678.9953692462295,7,False
R5,4,80,10.522847063687383,75.06377551020408,97.57777777777778,73.54814814814814,678.077344876714,7,True
R5,4,90,9.31905030210813,79.736328125,97.51481481481481,76.22962962962963,696.7297279946506,10,True
R5,4,91,10.441286145424357,79.59183673469387,97.66666666666667,75.17407407407407,675.9001123970374,10,True
R5,4,100,10.602772819752596,78.84247448979592,97.64814814814815,76.51851851851852,676.5591066041961,13,True
R5,4,114,9.953952901217402,82.46173469387755,97.75185185185185,76.98148148148148,917.6214192369953,20,True
R6,5,1,20.32482001122008,0.0,23.72962962962963,9.737037037037037,374.89023930672556,2,False
R6,5,10,8.252001558031354,65.76849489795919,92.03333333333333,42.388888888888886,376.2510893321596,3,False
R6,5,20,8.885788022255412,62.11734693877551,94.37407407407407,50.46666666666667,494.7439541602507,4,False
R6,5,40,6.729649110716217,77.00892857142857,96.25925925925925,62.096296296296295,380.1690561962314,4,False
R6,5,41,7.490886308708969,73.85204081632654,96.37407407407407,62.79259259259259,1074.761696652975,4,False
R6,5,60,7.0941291147348835,75.38265306122449,96.84074074074074,69.23703703703704,899.0411621690728,7,False
R6,5,79,6.814332616572478,74.60140306122449,97.58518518518518,73.55185185185185,900.5590665680356,8,False
R6,5,80,10.603923549254736,75.01627604166667,97.66296296296296,72.92222222222222,703.7866851859726,9,True
R6,5,90,9.453358922685895,79.97448979591837,97.74444444444444,74.72962962962963,676.9881273489445,12,True
R6,5,91,10.301441530386606,81.13606770833333,97.79629629629629,73.86666666666666,670.5076763629913,13,True
R6,5,100,10.816974746937655,78.39604591836735,97.56666666666666,75.78888888888889,723.7254206929356,15,True
R6,5,110,10.034077756258906,80.67602040816327,97.67037037037036,75.27777777777777,922.8460017577745,20,True
R7,6,1,20.324698671381523,0.0,24.62962962962963,10.033333333333333,379.10542190633714,2,False
R7,6,10,8.231458926687436,65.49744897959184,91.98518518518519,42.30740740740741,385.07264178199694,3,False
R7,6,20,9.102017616739078,59.69387755102041,94.38148148148149,50.93333333333333,518.9441866371781,4,False
R7,6,40,6.671218755293865,76.83354591836735,95.85555555555555,61.86296296296296,411.80499741993845,5,False
R7,6,41,7.528727571169536,73.291015625,96.2074074074074,62.22962962962963,1103.712837359868,6,False
R7,6,60,7.079917382220833,75.11160714285714,97.02592592592593,69.97777777777777,1103.669364864938,7,False
R7,6,79,6.826847163998351,74.2984693877551,97.4962962962963,72.75185185185185,1082.5304548759013,8,False
R7,6,80,10.35665095613358,75.56515957446808,97.61851851851851,73.17037037037036,1082.7057289332151,10,True
R7,6,90,9.410732926154623,80.03826530612245,97.53333333333333,75.34444444444445,894.5812958441675,11,True
R7,6,91,12.473485430892634,79.51211734693878,97.75555555555556,75.61481481481482,2160.7781576598063,11,True
R7,6,93,11.15663244286362,85.29974489795919,97.72592592592592,75.62592592592593,2224.0012386767194,11,True
R8,7,1,20.324007034301758,0.0,24.962962962962962,9.88888888888889,387.4656667658128,2,False
R8,7,10,8.360614328968282,65.1626275510204,91.84444444444445,43.17777777777778,393.62014926504344,3,False
R8,7,20,9.054413717620227,60.60267857142857,94.45185185185186,52.41481481481482,507.6558549958281,4,False
R8,7,40,6.71350589090464,76.70599489795919,96.08518518518518,62.11851851851852,384.6725784209557,4,False
R8,7,41,7.402202129364014,73.82015306122449,96.2074074074074,63.54814814814815,1085.7027581413276,4,False
R8,7,60,7.137232984815325,75.09566326530613,96.9888888888889,70.84444444444445,904.3770819013007,5,False
R8,7,79,6.79128317443692,74.5376275510204,97.44074074074074,73.1962962962963,900.6560561317019,6,False
R8,7,80,10.497802315926066,75.3188775510204,97.45185185185186,73.52592592592593,749.93980931025,6,True
R8,7,90,9.419178169600817,79.7672193877551,97.23703703703704,75.48148148148148,676.5492485468276,9,True
R8,7,91,12.408740393969477,79.70344387755102,97.5962962962963,75.55925925925926,1644.0859625060111,9,True
R8,7,98,11.585902437871816,82.71683673469387,97.65925925925926,75.29629629629629,1973.4163116826676,9,True
